userId,longest_run,gender,max_hr,easy_pace,easy_hr,aerobic,avg_weekly_distance_m,active_weeks,consistency_std,fastest_5k,fastest_5k_str
69,43670.6,male,191.0,6.2222857142857135,145.31071428571428,0.042820556934647425,20904.129090909093,55,17998.65330583326,1423.7431675145306,23:43
2358,41235.6,male,196.0,4.996324324324324,144.14054054054054,0.03466286657166429,29487.68487394958,119,17092.215841551264,1141.2425379873728,19:01
3808,42191.5,male,200.0,5.730266666666666,139.09333333333333,0.04119727760736196,20724.00875,80,14299.43044955176,1406.6351432608299,23:26
4101,21199.1,male,183.0,4.917375,154.8625,0.031753168133021224,19921.34375,16,7461.070047740582,1332.9520119085414,22:12
4434,6281.1,male,183.0,7.2075,111.9125,0.06440299341003015,6320.429166666666,24,3177.185485748581,1639.4687398724427,27:19
5197,38329.0,male,199.0,5.979948717948718,121.40512820512821,0.04925614598293486,35492.42173913044,46,30731.376679752735,1448.711111566018,24:08
5703,21022.0,male,191.0,5.5276000000000005,159.44,0.03466884094330156,7313.516666666666,24,4233.9194259925525,1415.2268716136625,23:35
5844,9968.2,male,188.0,5.421666666666667,127.31666666666666,0.04258410786752193,8016.266666666667,21,3834.2873303044635,1463.30248020129,24:23
13653,29695.6,male,200.0,5.5087627118644065,160.17288135593222,0.03439260544750375,28991.174193548388,124,12735.076334613559,1480.4102815418958,24:40
16786,39170.5,male,200.0,5.22978125,148.428125,0.03523443585910689,19951.117567567566,74,12241.966135672303,1319.4789833882714,21:59
34269,39948.6,male,180.0,5.4784999999999995,142.975,0.03831788774261234,21414.946666666667,90,15928.083360468154,1386.7851388116771,23:06
56291,41907.5,male,200.0,5.522775862068965,138.57672413793102,0.03985356051981661,22216.826470588232,204,11889.292516186717,1293.4204669839596,21:33
56331,42097.1,male,199.0,5.092951219512195,152.51463414634148,0.033393196974300744,21459.234399999998,125,10896.375275633458,1205.9515417946177,20:05
68009,41668.7,male,200.0,5.0586,142.50210526315792,0.03549842292265303,25597.27245508982,167,18047.384186119754,1143.4988565876467,19:03
68129,42226.4,male,198.0,5.340531914893617,144.2148936170213,0.03703176406367566,28851.447422680412,97,19305.904964339352,1276.910429558266,21:16
71988,21054.8,male,197.0,5.1539375,151.84375,0.03394237497427454,10689.880769230771,52,6848.461409146152,1358.1476044252968,22:38
74718,42700.5,male,195.0,5.528,137.64545454545453,0.04016115183937653,35451.02105263158,19,16525.27865731027,1460.9648562743903,24:20
80101,24562.4,male,200.0,5.351382978723404,151.28936170212768,0.035371839225944356,13742.355555555556,126,9006.28137987754,1327.192818808566,22:07
80118,42210.8,male,190.0,7.12970731707317,121.86829268292684,0.05850338229996397,35816.90454545455,44,17259.8223700331,1558.8644964237315,25:58
80466,42163.2,male,199.0,5.107972222222222,146.05,0.034974133668074094,36248.98028169014,71,22261.214674378134,1231.898996225321,20:31
81753,41845.6,male,200.0,5.644972222222222,160.53055555555557,0.03516447197660535,21584.034444444445,90,16093.331299425547,1402.5117437767244,23:22
82119,7039.4,male,181.0,5.369,159.05,0.033756680289217224,4928.83,10,1173.0466155841093,1520.161796068298,25:20
90592,41829.8,male,180.0,5.421611111111111,136.72222222222223,0.03965420560747663,30965.35128205128,39,19028.278449190628,1359.9146453333099,22:39
96628,22779.1,male,200.0,4.868735294117648,148.61176470588236,0.0327614392020266,10541.638636363636,88,7046.683245923229,1141.580645259753,19:01
104216,21022.9,male,184.0,6.942833333333333,149.36666666666665,0.0464818120955144,17952.74705882353,17,14593.87211722431,1616.4505818756738,26:56
109975,15194.1,male,198.0,5.247999999999999,149.5,0.03510367892976588,10416.254545454545,11,3302.6336225393325,1196.90347487179,19:56
114073,20322.9,male,197.0,4.218,166.21904761904761,0.025376153096888787,14307.675,80,5799.781245732846,1164.0635518273955,19:24
118377,20914.9,male,185.0,5.9335,153.05,0.038768376347598825,9226.866666666667,12,7332.979723802388,1607.0817366210244,26:47
126898,21081.5,male,189.0,6.482853658536586,144.93658536585366,0.044728897415185785,13709.301680672268,119,7919.669652960979,1652.9495218930906,27:32
136171,57415.0,male,196.0,4.804814814814814,149.11111111111111,0.03222305017386984,28482.94482758621,58,25695.374939718084,1255.8987269332151,20:55
139383,11891.4,male,180.0,5.16,144.95,0.03559848223525354,6103.588235294118,17,3102.4086829595713,1272.0402457262783,21:12
140314,23785.0,male,192.0,5.665055555555556,144.94444444444446,0.03908432349559218,18908.767499999998,40,12207.754369365515,1273.4184730439608,21:13
141794,19389.7,male,200.0,4.489428571428571,165.54285714285714,0.027119433897134965,13160.742105263158,19,5753.148451579051,1083.099398149465,18:03
147750,21080.9,male,191.0,5.5104,158.7,0.034722117202268435,15900.035294117646,17,8204.693190252545,1351.1835295681562,22:31
150436,39472.6,male,200.0,5.268714285714286,158.06190476190477,0.03333323291055343,16252.494957983192,119,11470.570015255982,1255.7050604153483,20:55
171814,41253.7,male,200.0,6.186444444444444,140.20555555555555,0.04412410349883108,20424.963333333333,60,14506.752274050405,1516.7762356285664,25:16
174288,14178.5,male,173.0,6.756666666666667,139.33333333333334,0.04849282296650718,11713.42857142857,14,3591.335566959108,1613.3508947248433,26:53
182042,22301.8,female,199.0,8.978212121212122,146.46969696969697,0.06129740353780905,14831.18888888889,81,9396.659400207074,2204.0844167780815,36:44
185036,9938.0,male,185.0,6.421714285714286,155.44285714285715,0.041312379376895504,8619.447619047618,21,4974.245666492463,1788.5610612019075,29:48
195134,22740.3,male,179.0,5.083666666666667,138.43333333333334,0.03672285095111967,17787.95,10,8166.455814727027,1337.0677287934984,22:17
196571,13108.1,male,182.0,6.393323529411765,141.11911764705883,0.04530444659809714,17918.751960784313,102,8718.819361300939,1601.1877494905918,26:41
196781,23274.1,male,199.0,5.300833333333333,170.94722222222222,0.031008595895419315,14425.510204081633,98,11303.161101328036,1429.2740476438512,23:49
200833,15779.0,male,193.0,6.548333333333334,132.97777777777776,0.0492438168449198,13296.046875,32,7300.644975130153,1613.9969204091378,26:53
203045,41354.5,male,200.0,5.980928571428572,141.66964285714286,0.04221743240688221,26203.197115384617,104,20480.544931878416,1552.92001065689,25:52
212295,41833.1,male,200.0,6.533690647482015,132.92446043165467,0.04915341108976268,49475.2736196319,163,49796.41401062688,1347.1393504464768,22:27
221371,20776.4,male,194.0,4.559200000000001,145.6,0.031313186813186816,10885.274468085106,47,6189.586505521508,1200.4995467176773,20:00
229190,29775.5,male,191.0,5.709684210526316,146.0894736842105,0.039083474438880286,21719.1,49,13792.411227540428,1290.7269570069893,21:30
260784,21062.9,male,199.0,5.0673877551020405,151.27142857142857,0.033498644145541864,17560.4,124,10242.534572146977,1297.8690273051764,21:37
279317,15763.3,female,185.0,5.75,149.82,0.03837938859965292,12003.143999999998,25,7280.300129692456,1427.2033645831257,23:47
280024,11799.4,male,197.0,4.560888888888889,170.42222222222222,0.026762289737905856,12390.753999999999,50,5942.320033324784,1279.9207205664716,21:19
283321,17848.7,male,200.0,6.094846153846154,146.19615384615383,0.04168951093104628,14649.880487804878,82,7856.033536148892,1521.5601114620636,25:21
284803,11224.7,female,189.0,8.37738888888889,157.13333333333333,0.05331388771036629,11530.792307692309,39,7223.594018812484,2194.025202797283,36:34
324779,36476.0,male,197.0,6.649395833333333,152.875,0.0434956391387299,35983.70470588235,85,17130.45809436615,1659.7938653306637,27:39
331586,42173.4,male,200.0,5.065625,149.76125,0.03382467093457086,33062.93684210526,133,18483.938906936874,1150.552288380096,19:10
334217,14156.6,male,170.0,5.4604,140.98000000000002,0.03873173499787203,12642.533333333335,21,5417.572158848772,1385.680634868214,23:05
336611,20885.4,male,194.0,5.858235294117647,156.64705882352942,0.03739767179872324,10806.162,50,6348.492208162342,1610.7246801515632,26:50
355088,24702.8,male,183.0,5.266,148.12,0.0355522549284364,16028.7,40,9665.569178565795,1376.8129651933077,22:56
367324,24391.6,male,199.0,4.8707,150.26000000000002,0.03241514707839744,13869.099999999999,77,7738.248522267065,1350.0980553219345,22:30
368603,41708.4,female,198.0,6.159922330097087,136.29902912621358,0.045194176140410866,33115.31805555556,216,17033.803611508498,1572.1920839074162,26:12
371523,21696.7,male,200.0,4.998357142857143,158.5,0.031535376295628664,10673.126086956521,46,7501.238008916626,1305.075458726743,21:45
407769,14992.5,male,197.0,7.265571428571429,145.0142857142857,0.05010245296029948,6967.862162162162,37,2639.318993430707,1587.7137739834832,26:27
429155,11879.8,male,198.0,4.616,167.54000000000002,0.0275516294616211,6728.921739130434,23,2583.191732221017,1273.268108764583,21:13
431375,26509.9,male,194.0,5.047967213114754,141.20000000000002,0.03575047601356058,28612.810638297873,94,14462.413446723602,1271.4561384527947,21:11
432096,42090.0,female,196.0,6.413870967741936,143.9016129032258,0.04457122361828758,23268.743333333332,150,12416.076807310046,1550.3359156035592,25:50
434265,21178.6,male,187.0,5.1933,151.15,0.03435858418789282,13669.44864864865,37,7409.79039760616,1389.295961246909,23:09
458903,34980.7,male,200.0,6.6692,150.58666666666667,0.04428811758455817,11029.271698113207,53,8379.168356575577,1578.5441048574232,26:18
478585,42016.6,male,186.0,5.3550875,153.54874999999998,0.03487548742663161,38433.63304347826,115,24583.967562659232,1428.7674543582202,23:48
501555,20840.9,male,194.0,7.801818181818181,156.88181818181818,0.049730544127020916,12996.672222222223,36,8691.638949953523,2040.0525242093447,34:00
504709,13113.2,male,193.0,5.8196666666666665,157.4,0.03697373994070309,24703.02,5,17915.940661796132,1322.6295579560503,22:02
510054,26746.3,male,199.0,4.779382352941177,146.1764705882353,0.03269597585513079,11592.082178217823,101,8105.077697312913,1261.9595943388942,21:01
517351,20033.7,male,197.0,5.274142857142857,152.70000000000002,0.034539245953784256,14536.92380952381,21,8061.1554378950395,1310.7200102228528,21:50
519009,26164.7,male,189.0,5.2096,141.38,0.03684821049653417,16019.061111111112,54,10062.552431372444,1334.0245123772918,22:14
519257,11212.8,male,197.0,5.459166666666667,170.86666666666667,0.03194986344127975,7916.2043478260875,46,4106.4946107872975,1452.3615142968702,24:12
556109,23909.2,male,200.0,5.462538461538462,151.01538461538462,0.03617206601466993,19129.09836065574,61,14361.235196707976,1425.008348450285,23:45
604703,40310.3,male,196.0,4.801451612903226,137.55483870967743,0.03490572674827635,17599.825316455695,79,11528.977827602534,1209.5145715527449,20:09
653747,29782.4,male,198.0,5.391733333333334,145.94666666666666,0.036943175589256354,16172.978571428572,56,7830.2870042770855,1169.2793010544622,19:29
659522,21126.8,unknown,193.0,6.453,140.75625,0.045845211136272816,17863.361363636363,44,13202.972331175084,1080.6547873028608,18:00
681624,24376.8,male,184.0,8.195,148.52666666666667,0.055175277166838725,14161.34,50,10937.109829141054,1823.2201292629427,30:23
715469,33561.6,male,198.0,6.127153846153846,150.77692307692308,0.0406372123871231,33221.39176470588,85,21602.540930746418,1511.882183505461,25:11
722528,39430.2,unknown,181.0,6.773833333333333,141.61666666666667,0.047832176062139575,24476.33125,16,15924.793886712996,1322.1366641398954,22:02
732008,41989.4,male,199.0,6.9383333333333335,148.8148148148148,0.04662394225983076,18385.329213483146,89,12054.400440335268,1575.0706185053702,26:15
745030,42157.7,male,199.0,4.8418133333333335,149.80133333333333,0.03232156367099536,25168.15796178344,157,14718.722307446875,1155.298636463442,19:15
751448,29807.3,male,200.0,5.814869565217391,145.97753623188407,0.03983400265079498,48163.060144927535,138,20387.965124752103,1410.4871468165634,23:30
753100,26299.1,male,200.0,4.978822222222222,140.39111111111112,0.035463942003292385,21509.28202247191,89,13516.956447337488,1122.71047404236,18:42
762872,41996.7,male,199.0,5.276466666666667,156.52666666666667,0.033709698028025044,19368.676576576578,111,11268.310414084874,1353.8002384264166,22:33
775277,26515.0,female,189.0,6.2031230769230765,146.01230769230767,0.04248356302946011,21406.192857142858,140,10946.29000792718,1569.7932503582506,26:09
776483,21165.4,female,200.0,6.001882352941176,142.70294117647057,0.04205857499124054,14834.173958333333,96,8629.482020684365,1569.3867673741263,26:09
777141,42340.2,male,194.0,5.641128205128205,133.07179487179488,0.0423916143203977,57592.41136363637,88,32624.405709527793,1541.0059646543425,25:41
789985,14130.1,male,199.0,5.171619047619048,144.71428571428572,0.03573675551168148,8628.50857142857,70,4804.802675516457,1267.5140570414048,21:07
791908,41768.8,male,199.0,5.158115384615384,140.57115384615383,0.03669398196916426,22539.69420289855,138,13703.454309871648,1183.9810454600865,19:43
804068,15716.4,male,189.0,5.7748800000000005,138.05200000000002,0.04183119404282444,9561.543243243243,74,6772.6965607398815,1481.20366337642,24:41
804189,12729.4,female,192.0,7.148166666666666,162.33333333333334,0.04403388090349075,9032.357142857143,21,4742.6788481375615,1820.6940912899204,30:20
818925,19773.0,male,198.0,6.075435185185186,154.4814814814815,0.039327918964277155,23491.01111111111,135,13060.249002092824,1700.1737566630152,28:20
838899,16213.3,male,185.0,5.656040000000001,140.55200000000002,0.04024161876031647,13373.389855072464,69,8230.487770391985,1478.692573218614,24:38
846598,20678.5,male,178.0,5.596866666666667,115.93333333333334,0.04827659574468085,14491.327659574468,47,7865.533645642872,1082.2585158044333,18:02
848299,27875.0,male,180.0,5.6475,152.15,0.037117975681892866,19910.833333333332,6,17574.484560824723,1449.267011232016,24:09
851531,35449.1,male,200.0,5.779571428571429,139.0,0.041579650565262076,24147.057615894042,151,16096.848357217576,1453.6159170913484,24:13
854368,22188.6,male,198.0,5.4058,159.82,0.03382430234013265,14870.345945945946,37,9461.904952304341,1422.320856830237,23:42
854633,31397.9,male,200.0,6.536508196721311,129.19180327868852,0.050595378583120784,23690.596842105264,95,16207.988137482615,1348.3584073627567,22:28
860533,41992.3,male,199.0,5.5805875,147.931875,0.03772403682438285,51355.29757575758,165,23111.113866257954,1366.449775238931,22:46
875281,29968.7,male,200.0,5.739928571428571,143.99285714285716,0.039862592390495555,29102.013793103448,29,17598.016783042105,1342.3750908419734,22:22
885462,41458.7,male,187.0,4.869576271186441,150.14406779661016,0.0324326917649715,26141.31686746988,83,16173.809439630111,1216.2423189725282,20:16
897592,22218.1,unknown,176.0,5.699833333333333,141.0,0.04042434988179669,20329.9375,16,8814.585305418514,1513.4987421781057,25:13
903587,25965.8,male,173.0,6.358625,130.0375,0.04889839469383832,29716.95789473684,19,16910.496835506765,1639.4683257034806,27:19
907015,21687.5,male,182.0,5.999461538461538,120.7576923076923,0.049681816734082875,12360.672222222223,72,9549.691960524573,1456.177587253645,24:16
947554,20485.9,male,200.0,6.0045,148.9,0.04032572196104768,12331.26,35,8320.972617365185,1341.6060248114002,22:21
954504,10094.2,male,188.0,6.7780000000000005,141.2842105263158,0.047974221427507076,13504.454545454546,55,7276.390937485275,1775.1114433027167,29:35
971189,21906.5,male,198.0,6.106324324324325,149.83783783783784,0.040752886002886006,18809.36111111111,90,14966.454181438565,1600.398287637554,26:40
982359,12752.3,male,190.0,5.537599999999999,159.52,0.03471414242728184,8080.518181818182,22,3910.793636863222,1536.371114383465,25:36
983950,40620.9,male,200.0,4.96715923566879,137.71656050955414,0.03606798788243184,39245.54767441861,172,25123.058178669744,1141.5057887083344,19:01
993057,20928.0,male,195.0,5.320272727272727,145.12727272727273,0.03665935855675269,13385.015,40,7938.815608703858,1448.1340358223417,24:08
993718,41372.9,male,190.0,4.648672727272727,143.7,0.03234984500537737,28567.053535353534,99,14801.749489491294,1104.9234525946517,18:24
1009668,28086.9,male,187.0,4.84234375,145.359375,0.033312909814038484,18267.014285714286,63,16890.269376620156,1164.7201017891898,19:24
1023513,27613.3,male,188.0,6.786179487179488,156.46410256410257,0.04337211779551302,17892.69512195122,82,11828.945890493495,1833.015291499812,30:33
1034368,41653.4,male,196.0,5.2543125,156.96875,0.033473621341827596,19651.577358490566,53,11341.121831765104,1329.829539418206,22:09
1035156,22775.9,male,195.0,4.953049999999999,159.12,0.031127765208647556,13577.235483870967,62,8584.90759051818,1241.1787413032737,20:41
1038205,16479.0,male,191.0,4.9197500000000005,149.8625,0.03282842605721912,10542.65,30,7463.347268265369,1343.048320746895,22:23
1048979,18499.3,male,184.0,6.7242999999999995,145.85999999999999,0.046101055806938164,7266.878947368422,38,5049.192491133387,1619.469760800271,26:59
1052460,40608.7,male,200.0,4.941923076923077,161.46923076923076,0.030605973988852366,13550.405714285715,35,8171.393348316281,1106.9114112567574,18:26
1055288,10127.9,male,181.0,5.6455,151.0,0.03738741721854305,6460.416666666667,12,3921.062626573969,1596.0382159567987,26:36
1055977,19097.2,male,196.0,5.998045454545454,153.30454545454543,0.039125033356064876,14714.288524590163,61,9548.70240097397,1459.992096596069,24:19
1058434,29859.3,male,198.0,5.377000000000001,155.95483870967743,0.034477929921813595,19376.750574712645,87,9437.444421581284,1340.5763084378118,22:20
1060751,30525.8,male,179.0,5.549072727272727,139.46545454545455,0.03978815216541079,30343.839473684213,114,14173.462089996558,1413.520670663058,23:33
1063624,58962.2,male,200.0,5.005940119760479,135.70239520958083,0.036889106577884856,101696.15730337078,178,48009.6745247062,1178.356766270985,19:38
1066105,32126.8,male,191.0,4.974470588235294,153.38823529411764,0.03243058751342231,17528.807407407407,54,8944.67801198329,1295.4348551113965,21:35
1069797,33298.0,male,184.0,5.491666666666666,144.50555555555556,0.038003152512398594,14860.377777777778,54,10355.51812082899,1382.2871513268738,23:02
1081719,22511.9,male,198.0,5.326999999999999,146.73333333333332,0.03630395274875056,17214.406666666666,15,8024.9578463927755,1388.934458091182,23:08
1086745,42186.4,male,199.0,5.145859375,151.4078125,0.03398674936275167,25204.70281690141,142,12789.770012792796,1355.7313485357738,22:35
1290773,13720.0,male,200.0,5.742823529411765,145.3264705882353,0.039516706806176756,9922.554736842105,95,6401.50735588092,1547.013497844452,25:47
1295505,47081.2,male,198.0,4.509972222222222,157.6236111111111,0.028612288415617373,41702.849557522124,113,25917.790851067242,1126.2783508454309,18:46
1295675,21494.3,male,193.0,5.526909090909091,146.0090909090909,0.03785318473320466,18882.59069767442,43,13465.437970257919,1394.2571628789426,23:14
1329120,10883.5,male,196.0,6.93495238095238,151.94285714285712,0.0456418453052526,11271.81224489796,49,6701.8305575986915,1814.261474148228,30:14
1342020,29348.5,male,200.0,6.549510204081632,155.10408163265308,0.042226549650662484,23677.94230769231,130,14364.306494341798,1532.4790626952476,25:32
1356350,27001.9,male,190.0,6.53125,147.2875,0.0443435457863023,12214.489285714286,28,7235.862250103546,1747.6058986615003,29:07
1367925,42134.8,male,192.0,4.3606,168.12,0.02593742564834642,19447.414285714287,21,10880.106089293693,1133.6376313728535,18:53
1377236,42304.6,male,200.0,5.134491803278689,157.76065573770492,0.032546085583057965,23357.635606060605,132,15974.010111839481,1304.004880529472,21:44
1384698,20544.3,male,194.0,5.29675,141.975,0.03730762458179257,9775.56842105263,19,8204.593768808398,1177.8037659285935,19:37
1413935,29556.3,male,193.0,5.1057192982456145,146.6578947368421,0.03481380465338836,23493.56902654867,113,14971.817413895156,1344.6626096690493,22:24
1417260,26894.0,female,197.0,5.721555555555556,160.98888888888888,0.03554006487680309,19338.13111111111,45,12213.07711607116,1489.7213169094994,24:49
1458980,18503.8,female,199.0,6.183692307692308,174.28461538461536,0.03548042547557047,10777.045454545454,44,7397.439450633768,1677.0104880690153,27:57
1470078,42121.1,male,198.0,4.679083333333334,150.48333333333332,0.031093698083951717,17484.5375,64,10256.125294245865,1134.236496430007,18:54
1477239,12960.5,male,189.0,5.055125,129.25625,0.039109327401963156,15142.008695652174,46,8617.724986840298,1364.7579737955482,22:44
1481127,34479.4,male,195.0,5.3977272727272725,131.81363636363636,0.04094968792027311,25475.89,60,17410.13898433314,1392.1970597827997,23:12
1483178,13704.4,male,188.0,9.9835,152.4,0.06550853018372703,14632.429999999998,10,10792.842446532177,2502.91444290829,41:42
1486987,33810.8,male,200.0,6.54,142.1578947368421,0.04600518326545724,20195.383636363636,55,12540.645602610848,1692.7469949422862,28:12
1520156,49844.8,male,200.0,5.190285714285714,146.14971428571428,0.035513485193265616,58544.1380733945,218,37100.09290545052,1365.0397719964315,22:45
1530732,19689.4,male,177.0,5.5408,141.76,0.039085778781038374,19302.71111111111,9,8829.437837490623,1501.6526385656182,25:01
1543833,26625.4,male,190.0,6.117577777777778,158.7688888888889,0.03853133835344175,18659.978301886793,106,11104.794297565306,1624.6803107153132,27:04
1593295,16512.2,male,199.0,5.313894736842105,168.56315789473683,0.031524651075654914,15252.112280701755,57,6485.079049498114,1406.545546893578,23:26
1598505,42117.3,male,193.0,4.949867924528302,140.4698113207547,0.03523794812556247,22982.1675,120,14251.15782800411,1270.3125426608217,21:10
1601558,42131.2,male,199.0,5.743916666666667,147.3722222222222,0.038975572058657225,31073.859677419354,62,15095.942240461965,1347.6958899270367,22:27
1603116,40977.9,male,197.0,5.39095652173913,153.5,0.035120237926639285,15380.03492063492,63,10265.363064822977,1421.9229713423251,23:41
1609501,19402.4,male,200.0,5.112391304347826,151.81739130434784,0.03367460908413998,9717.164935064935,77,6409.686889630131,1173.9408639065175,19:33
1609921,9923.4,male,199.0,8.246500000000001,143.39999999999998,0.05750697350069737,5660.45,10,1953.7109710326488,2221.315022326291,37:01
1616449,21141.5,male,200.0,4.66234693877551,134.72244897959183,0.034607053049353166,22947.282291666666,96,13882.195250736746,1123.2210899297795,18:43
1638160,18151.5,male,194.0,5.7638,158.65,0.036330286794831385,15551.558536585366,41,7684.59746034155,1349.844697674294,22:29
1655221,41375.4,male,199.0,6.150345454545454,138.76363636363635,0.044322458071278825,27249.874074074072,108,16247.82831945777,1444.523576290107,24:04
1668573,42037.3,male,194.0,5.77778947368421,145.6263157894737,0.03967544905851313,17375.97,50,13969.703501846052,1487.406856032473,24:47
1670340,24811.4,male,196.0,5.16965,144.285,0.03582943479918217,23058.713333333333,45,14029.840513925375,1340.850739420779,22:20
1675394,42068.7,male,199.0,6.230172839506173,138.01481481481483,0.0451413339058251,35559.73970588235,136,18506.903657397404,1521.6101251843818,25:21
1676051,29760.5,male,188.0,5.252722222222222,148.76666666666668,0.03530846217043842,17477.373809523808,42,9426.956565914514,1399.7661406829923,23:19
1682336,41265.5,male,200.0,6.7106885245901635,128.9262295081967,0.05205060715875135,41684.62654867257,113,19989.24815054162,1838.0205484249093,30:38
1707239,31080.3,male,184.0,5.377476190476191,138.66666666666666,0.03877987637362638,22890.621276595743,47,13589.448470075664,1286.4669648864117,21:26
1708694,21102.5,male,184.0,5.879611111111111,157.49444444444444,0.037332181029313204,18187.45348837209,43,10949.609921022167,1487.2381585567384,24:47
1721981,35810.7,male,182.0,6.43676923076923,144.7576923076923,0.0444658182108032,39671.40357142857,56,18458.889174762626,1689.6850520118799,28:09
1725447,42043.4,male,194.0,5.2072666666666665,153.36666666666667,0.03395305368398174,23894.327272727274,33,13425.225677229617,1307.1492116856402,21:47
1732973,32645.5,male,200.0,6.849046511627908,135.80465116279072,0.05043307760805534,35234.10240963855,83,25297.02156985292,1707.909206602717,28:27
1749538,23222.2,male,182.0,5.556777777777778,155.3111111111111,0.035778366003720134,11159.666666666666,36,7468.740913051257,1500.718677520092,25:00
1760006,13946.8,male,194.0,3.3111000000000006,155.82999999999998,0.02124815504074954,41254.635714285716,14,19979.25416481988,862.9007554925786,14:22
1779490,40888.1,unknown,197.0,5.026857142857144,137.9,0.036452916191857455,28712.658333333336,12,19308.303971064244,1325.3341221276023,22:05
1812737,24295.3,male,192.0,5.0187647058823535,153.68823529411765,0.03265549048876641,24008.363636363636,44,14962.085210447556,1255.9400005801856,20:55
1816756,24411.9,male,191.0,7.546928571428571,148.2357142857143,0.05091167542042114,15014.035,40,9398.544206542487,1724.1758843549524,28:44
1818822,26782.2,male,187.0,5.700666666666667,165.17333333333332,0.03451323861801744,13139.411320754718,53,8846.653528587483,1510.5090436059274,25:10
1818866,23122.5,female,198.0,5.72085,155.42000000000002,0.03680896924462746,9845.612676056338,71,5660.667073964481,1372.757132191723,22:52
1820027,24427.2,male,196.0,5.587039999999999,152.06799999999998,0.036740405608017467,23157.60793650794,63,12404.56357056653,1435.7481302150502,23:55
1842744,29348.5,male,188.0,5.224189189189189,141.3,0.03697232264111244,20503.647959183672,98,12462.24938092712,1274.218335848628,21:14
1847703,31354.8,male,198.0,5.803555555555556,149.96666666666667,0.038698970141512926,28680.88076923077,26,15983.780265982617,1077.4422795018363,17:57
1853801,31822.1,male,195.0,4.989090909090909,139.51818181818183,0.03575943181077735,20503.764,25,14357.631354291465,1168.3367472921686,19:28
1860957,20261.3,female,199.0,6.3445,157.925,0.0401741332911192,10530.96,10,6138.845402878659,1646.1288533842192,27:26
1878236,21181.6,female,200.0,5.927,160.025,0.037037962818309636,14391.08,35,9350.462042934183,1546.1489889908032,25:46
1882312,41936.6,male,188.0,4.988076923076923,141.30769230769232,0.03529940119760479,17514.631707317072,41,13332.725165029822,1366.6189903589852,22:46
1907590,21261.5,male,174.0,5.306185185185185,139.7962962962963,0.037956550536494896,18752.537313432837,67,9648.70004387207,1346.9766250664188,22:26
1912029,21219.8,female,200.0,7.13228947368421,163.25526315789475,0.04368796041072263,19661.544852941177,136,10969.757587637429,1763.9440924837195,29:23
1956196,62482.1,male,200.0,6.46280303030303,133.580303030303,0.048381407166271574,32812.52830188679,106,18179.442722758264,1453.727641680371,24:13
1958069,21157.8,male,191.0,5.33284,145.52,0.036646783947223746,18644.963793103445,58,8243.835218155726,1426.1876292889137,23:46
1986853,41313.1,male,199.0,5.897885714285714,146.54857142857142,0.0402452624190907,20890.951898734176,79,11228.433260892778,1528.9013566936915,25:28
1998312,8400.7,male,173.0,7.573600000000001,130.48,0.05804414469650522,7571.05,16,4245.0937464324625,2081.8352833088234,34:41
2016429,21038.0,male,196.0,5.0004285714285714,168.67142857142858,0.029645972728042685,8002.548275862069,29,5900.897536369283,1286.9983579286825,21:26
2033976,15019.8,male,196.0,5.611833333333333,165.00833333333333,0.034009393464976514,11868.510638297872,47,6398.936457494969,1417.0072250295566,23:37
2060912,20998.0,male,200.0,6.464657142857143,150.16857142857143,0.043049335033010526,10371.916326530612,98,7570.140227734605,1712.2470148873979,28:32
2071522,22138.0,male,195.0,5.1917333333333335,144.65,0.03589169259131236,19195.250704225353,71,12049.720760521184,1238.9638591936848,20:38
2076057,24034.6,male,200.0,6.026789915966386,139.46470588235294,0.043213728361140735,26866.45197740113,177,14912.372428541017,1535.3229651661313,25:35
2083091,10425.4,female,190.0,5.954999999999999,150.8181818181818,0.03948462929475587,7863.115789473685,38,4439.1877543219925,1618.0976227117421,26:58
2104631,21003.7,male,200.0,6.484160714285714,142.58214285714286,0.04547666758510132,26056.15473684211,95,15384.42506631348,1660.3465779278542,27:40
2119401,20701.2,male,200.0,6.122708333333333,153.92083333333332,0.0397782951192442,13258.27846153846,65,7737.275293556438,1661.9287642194015,27:41
2122136,41305.2,male,191.0,5.1966399999999995,146.264,0.03552918011267297,15170.25,82,8363.479036642466,1347.2444094467473,22:27
2145516,42013.3,male,199.0,5.387404255319149,128.69787234042553,0.04186086496495173,43677.370270270265,111,27063.198006278144,1421.4299992693004,23:41
2149070,21285.4,male,187.0,7.2860000000000005,143.23333333333335,0.050868047474982546,10775.570588235294,17,6352.068760920011,1867.1391493419499,31:07
2155614,29627.4,female,196.0,6.2197000000000005,132.614,0.04690077970651666,30736.797826086957,92,15493.919727697923,1495.6084543074182,24:55
2155974,13312.2,male,197.0,4.862,133.39444444444445,0.03644829453167298,8620.444444444445,72,3977.358704880997,1269.6413141278322,21:09
2164708,42050.9,male,198.0,4.93159375,145.11875,0.033983160342822685,18042.28271604938,81,11983.17046775174,1206.8585185579827,20:06
2171721,29407.4,male,197.0,6.13175,159.9,0.038347404627892434,19256.942857142858,14,9022.732346324288,1567.0188929534397,26:07
2174810,24281.3,male,197.0,7.689095238095239,156.67619047619047,0.04907634794237433,10228.315294117647,85,5751.854637098449,1932.8753201666111,32:12
2175400,35588.7,male,200.0,6.30460606060606,149.77878787878788,0.04209278329657879,26777.629333333334,75,20477.94054746752,1610.4039007039971,26:50
2181290,24136.9,male,183.0,6.0612,141.56,0.04281717999434869,36629.888235294115,17,19698.816809071373,1493.3167397433297,24:53
2207788,14951.4,female,188.0,5.81328947368421,152.01052631578946,0.03824267709992383,17847.390410958906,73,8742.863348058429,1523.3928099388843,25:23
2209215,12525.0,male,198.0,4.836397849462366,159.5440860215054,0.03031386477597455,18870.69210526316,152,7437.401833319779,1328.1588074588954,22:08
2218816,21692.8,male,194.0,4.801,131.88333333333333,0.03640338683179578,14636.758536585365,41,11568.892880370526,1054.4805157862131,17:34
2226932,19917.3,male,180.0,7.377846153846154,141.44615384615383,0.05216010441592343,30194.637037037035,27,21356.431079584367,1856.4727686570436,30:56
2232554,25107.4,male,196.0,6.0444,158.75,0.038074960629921266,18708.914814814816,27,11717.433693685914,1402.937134740926,23:22
2232580,41395.8,male,200.0,4.894846153846154,155.84615384615384,0.031408193484698914,16661.8475,40,10614.111849941592,1346.7133615276312,22:26
2237368,28184.2,male,200.0,4.9260769230769235,155.53846153846155,0.031671117705242335,18352.825,32,12143.510571282042,1238.2647761623152,20:38
2246153,16287.3,male,173.0,5.825166666666667,140.4,0.04148979107312441,9842.325925925925,27,5635.946225011827,1628.852842924663,27:08
2248203,15454.5,male,199.0,5.029,163.85000000000002,0.03069270674397314,17806.75,10,6232.5066869420825,1339.9922379090283,22:19
2282039,41752.2,male,199.0,4.713033333333333,147.38,0.03197878500022617,25832.704958677685,121,15152.29593293731,1143.806644127039,19:03
2315790,19168.2,male,197.0,5.227964285714286,148.85,0.035122366716253184,25614.432142857142,56,16651.065272753378,1348.5478128556897,22:28
2333172,31025.6,male,192.0,6.29628125,147.54375,0.04267399500148261,28524.904032258066,124,13948.18299876571,1471.4098026398954,24:31
2336853,40783.1,male,191.0,5.401789473684211,141.67105263157896,0.03812909817033528,41906.915789473685,57,24087.168163848077,1315.5535134838342,21:55
2368480,42168.2,male,195.0,5.218222222222222,158.74444444444444,0.03287184153426192,16518.25625,32,11004.651385281255,1296.777532816364,21:36
2369854,21098.9,male,200.0,6.025807692307692,153.61153846153846,0.03922757204737225,15277.791428571427,70,8922.888237004337,1430.5242769470985,23:50
2390403,20494.7,male,197.0,5.70954347826087,159.49347826086955,0.03579797456622188,25476.078313253012,83,12658.020186119427,1434.832946758193,23:54
2404531,11907.2,male,200.0,5.546076923076924,178.57692307692307,0.031057075166917945,7271.550943396227,53,4608.63822822979,1426.0361117309433,23:46
2419254,12034.0,male,187.0,6.0835,138.8,0.043829250720461094,11695.150000000001,8,5781.769564020048,1535.032198608292,25:35
2435099,12887.8,male,197.0,5.959666666666667,151.81666666666666,0.0392556811944231,9038.17142857143,21,7047.5056552047445,1330.8577623191727,22:10
2445737,10170.3,male,175.0,5.421076923076924,139.2076923076923,0.03894236613803394,19081.095652173914,23,10285.275385559611,1420.2130332116399,23:40
2461936,36477.7,male,199.0,4.950128491620112,130.20614525139666,0.038017625681665085,70707.40642857143,140,33383.328710294874,1151.8433576463174,19:11
2464640,10056.8,female,198.0,9.597333333333333,171.0,0.056124756335282654,4073.923076923077,13,2084.279793739253,2700.845828560929,45:00
2474825,32487.7,male,200.0,5.919053691275168,142.19865771812078,0.041625243066699395,52187.832,100,23211.505208012517,1343.9945123211794,22:23
2479025,22299.0,male,198.0,4.621896551724138,141.30689655172412,0.03270821640352376,23545.175471698116,53,11396.502453045472,1093.3779758792268,18:13
2484383,42028.5,male,196.0,6.0216666666666665,152.32666666666668,0.03953127051512101,12746.522727272728,44,9596.25283551827,1503.8271444622703,25:03
2484395,41910.0,male,198.0,4.500447761194029,156.25223880597014,0.0288024529797782,20026.713103448274,145,13962.822648531383,1122.0083157712634,18:42
2487889,20936.5,male,185.0,5.824454545454546,149.08636363636364,0.039067654501661636,11976.395652173913,69,6644.876592941511,1547.4294306494803,25:47
2535101,31852.7,male,198.0,5.141,144.1925,0.03565372678884131,30837.14,85,14106.919087195003,1343.3047455271246,22:23
2568526,19241.7,male,198.0,5.554936170212766,158.35744680851064,0.03507846509378191,27469.42471910112,89,14612.009651219661,1452.259726471216,24:12
2582984,29607.9,male,180.0,5.23925,153.0,0.034243464052287585,19218.52666666667,15,16735.395258018114,1355.9843672413142,22:35
2584821,29267.3,male,193.0,5.1196,148.80200000000002,0.03440545153962984,14265.40603448276,116,9255.472920651857,1409.7493987634155,23:29
2587134,13984.0,male,191.0,6.128333333333334,156.79999999999998,0.039083758503401365,13126.888888888889,9,10148.346087225795,1644.1059209499551,27:24
2587574,41195.4,male,200.0,4.9955,139.75,0.03574597495527728,18063.145833333332,96,13659.63863465854,1311.6291971218252,21:51
2594030,27752.3,female,187.0,6.6974,141.2133333333333,0.047427532810877165,29154.08709677419,31,16884.743009923528,1654.6310146319313,27:34
2595849,15066.4,male,195.0,5.115,161.16666666666666,0.03173733195449845,14795.099999999999,21,6908.662408527427,1411.4203348158374,23:31
2596923,12097.3,male,197.0,5.37675,156.275,0.0344056950887858,11529.643333333333,30,4729.270394314563,1418.3493089850776,23:38
2600099,20663.3,male,178.0,5.413600000000001,137.1,0.039486506199854124,8518.447058823529,17,7344.285207315758,1477.9740789633543,24:37
2612870,12786.4,female,200.0,7.249925925925925,172.13703703703703,0.04211717623770897,10579.287341772151,79,5990.446575758537,1958.958277001075,32:38
2625706,22013.3,male,198.0,6.496428571428572,138.52857142857144,0.046895947200164996,16460.423076923078,26,7565.328046730435,1487.1088373838454,24:47
2636715,34826.5,male,199.0,5.848315789473684,154.32631578947368,0.03789577791419412,16665.437288135596,59,11057.608310631384,1366.4912466062272,22:46
2649245,26084.3,male,190.0,6.346296296296296,160.01111111111112,0.03966159757424252,21108.685074626865,67,12899.939943367996,1526.7629156526812,25:26
2661450,25575.8,male,188.0,6.055060606060606,151.3060606060606,0.04001862570347079,24872.345901639346,61,13896.358935090082,1432.7400267773764,23:52
2675116,24124.5,male,188.0,5.211,140.87142857142857,0.03699117736537877,9969.193103448275,29,8425.004737638814,1338.706427341067,22:18
2692363,41779.4,male,199.0,6.292827956989247,148.4516129032258,0.042389758076198755,33197.21275167786,149,20612.78140004036,1551.6301246125831,25:51
2699896,58712.0,male,195.0,4.6614,159.45999999999998,0.02923240938166312,15232.232142857143,28,9953.238909057713,1306.6953347502406,21:46
2717503,26789.7,female,200.0,6.786393939393939,167.3121212121212,0.040561280857769,16270.43595505618,89,12688.106719315456,1658.3808569848845,27:38
2719026,25304.0,male,199.0,6.6629000000000005,131.17000000000002,0.05079591369977891,14263.094545454545,55,8078.772187685777,1715.011737586746,28:35
2719148,30760.2,male,194.0,5.986421052631579,157.23684210526315,0.0380726359832636,18451.798387096773,62,11715.155464939518,1509.8036301423838,25:09
2748745,41222.9,male,185.0,4.728727272727273,152.04545454545453,0.03110074738415546,16898.880434782608,46,12626.161089959556,1156.3005887832608,19:16
2774168,20935.9,male,200.0,5.458428571428572,146.21428571428572,0.03733170493404983,11242.74,45,7567.493059083221,1399.0922041380818,23:19
2794662,21369.5,male,190.0,5.868,132.39999999999998,0.04432024169184291,22297.55,6,14437.697471515323,1482.5964474239552,24:42
2795796,34375.0,male,200.0,4.3862000000000005,145.98,0.030046581723523775,24885.56842105263,19,12576.157255521815,1034.3089897458535,17:14
2805418,12245.0,male,199.0,4.996333333333333,156.66666666666666,0.03189148936170213,7000.383333333334,24,2951.2438557719834,1334.1690496298638,22:14
2831390,35213.9,male,196.0,5.691357142857143,128.12857142857143,0.044419110268703314,31225.293103448275,29,19531.853046789478,1218.8039610196406,20:18
2844791,28681.0,male,200.0,4.7656,154.01333333333335,0.030942775517271228,32671.269333333337,75,19345.782942927315,1210.1844339825018,20:10
2849785,28648.4,male,199.0,5.33225641025641,160.54999999999998,0.033212434819410844,17168.993785310733,177,10406.40005548464,1410.123049077693,23:30
2868369,13161.4,male,189.0,6.157,149.45999999999998,0.041194968553459124,8241.515789473684,19,3676.1912399268103,1521.8968653676654,25:21
2887587,34239.1,male,197.0,5.491805555555556,147.71388888888887,0.037178667469018566,16983.156410256408,78,9522.985954944763,1263.8566737416727,21:03
2894897,28075.7,male,196.0,5.327674418604651,131.16744186046512,0.0406173539945392,19058.141129032258,124,13923.774014452058,1261.5946858286516,21:01
2898275,34599.7,male,195.0,5.1322777777777775,141.38055555555556,0.03630115723913,33619.31967213115,61,16746.091344239307,1250.158486850858,20:50
2915343,42249.9,male,198.0,5.322909090909091,144.78272727272727,0.03676480745443015,19236.255897435898,195,12033.064807939232,1337.2891515998867,22:17
2934877,14977.4,male,186.0,5.96875,154.45,0.03864519261897054,12019.567692307694,65,7450.979413768947,1628.9602904169105,27:08
2941284,21983.4,male,185.0,6.034535714285715,152.96785714285716,0.03944969764889916,15903.212048192772,83,9317.23144228592,1442.2162034159876,24:02
2974312,42021.3,male,186.0,5.364971428571429,143.26285714285714,0.03744844641218938,32171.34862385321,109,17491.345266453896,1234.3581663298853,20:34
2994297,31633.5,male,185.0,6.3027999999999995,152.38,0.04136238351489697,16157.423529411766,17,15310.419677074884,1617.4936347102155,26:57
2998566,27065.1,male,181.0,5.5474000000000006,142.14000000000001,0.03902771915013367,11694.325,20,7330.840942489404,1481.0927730476915,24:41
3021311,41422.0,male,199.0,5.411099999999999,144.39875,0.03747331607787463,32666.02296296296,135,15135.025895006871,1325.8718844286143,22:05
3055418,42336.7,male,200.0,4.714716417910448,155.71641791044777,0.030277580753378698,34979.14134615385,104,22376.304600272946,1089.6857481777624,18:09
3060590,41987.4,male,200.0,4.957173913043478,151.23260869565217,0.03277847255164086,56632.76571428571,70,34015.68441745356,1325.9214139670123,22:05
3082409,25990.0,male,199.0,4.7707804878048785,155.16341463414633,0.030746812958800326,14331.24074074074,108,10447.474042056587,1230.361391046478,20:30
3083777,30566.4,male,196.0,5.165166666666667,166.35,0.03104999499048192,15306.5,21,7188.823587486341,1383.1363606057987,23:03
3085942,17495.6,male,191.0,5.1085,142.95625,0.03573470904559961,24699.9,27,16093.717756747388,1329.2855137042989,22:09
3088466,42151.4,male,199.0,5.41980487804878,154.2390243902439,0.035138998703311296,28960.237037037037,108,15509.405253024395,1278.974345214137,21:18
3089500,14887.6,male,166.0,7.5634999999999994,136.35000000000002,0.05547121378804546,12086.58888888889,9,5253.8940961548815,1937.720409025455,32:17
3091798,29363.2,male,199.0,5.381594594594595,147.75135135135136,0.036423318943440405,22247.03846153846,91,12986.496865297935,1307.359473131091,21:47
3122949,17880.0,male,189.0,6.205,166.98,0.037160138938795065,14204.116666666667,18,7890.102935453938,1581.6866523355454,26:21
3167841,17789.8,male,192.0,5.772185185185185,159.9,0.036098719106849184,12840.906349206349,63,8172.563915791724,1570.5118049811888,26:10
3191096,42047.1,male,200.0,5.234559322033898,151.7084745762712,0.03450406667560441,21362.155555555557,135,15669.419636857023,1234.7131314254752,20:34
3235195,21202.1,male,199.0,5.093934782608696,149.42608695652174,0.03408999650837989,17654.01260504202,119,7956.781183533726,1271.3945661645016,21:11
3262231,41145.2,male,191.0,4.5533,164.26,0.027720077925240474,23024.088888888888,18,16320.499899959412,1239.5596171870413,20:39
3268225,18313.4,male,195.0,5.170333333333333,145.78333333333333,0.035465874013947636,15821.929411764706,17,8850.25633553661,1304.6559096628134,21:44
3272464,23666.9,male,162.0,5.137600000000001,136.34,0.0376822649259205,32995.0,9,14563.21790359191,1408.5703539179997,23:28
3275003,41687.8,male,195.0,4.756487179487179,148.2871794871795,0.03207618619449439,21518.703883495145,103,11722.818175350914,1079.799235369631,17:59
3276737,41629.7,male,191.0,5.799508771929824,151.0578947368421,0.03839262278898529,24860.34745762712,118,15900.065118227738,1396.6108147592176,23:16
3288898,10969.5,female,198.0,5.3390344827586205,143.37586206896552,0.037238028812621754,16160.383950617284,81,7555.474023621163,1457.5910552074197,24:17
3297710,42059.3,male,199.0,4.346360655737705,155.79999999999998,0.027897051705633537,36009.71262135922,103,15214.5364078122,1091.0413824296843,18:11
3303712,10040.7,male,192.0,6.761,146.94,0.0460119776779638,7919.5125,16,5903.567571435089,1580.6808169776766,26:20
3317373,41950.3,male,199.0,5.681444444444445,156.35833333333332,0.0363360514487733,26350.884444444444,90,15484.808345382853,1439.156504417523,23:59
3324472,30694.7,male,193.0,3.9248732394366197,153.9408450704225,0.02549598345806877,30155.472661870506,139,10639.79024156325,1043.5890029097218,17:23
3325031,41253.6,male,188.0,4.3475,143.95,0.030201458839874958,12578.841176470589,34,7844.186282194493,1087.7902318559181,18:07
3362051,41996.7,male,198.0,6.062666666666667,132.73333333333332,0.04567553992968358,20402.24761904762,21,16892.221336331677,1366.358947668104,22:46
3365457,21267.4,male,196.0,7.584466666666667,130.32,0.058198792715367306,11386.061111111112,72,3604.144644537459,1874.814976709864,31:14
3375182,39858.0,male,179.0,5.4099545454545455,140.70454545454547,0.038449038927475365,22333.71967213115,61,17542.299865437824,1307.4349364125553,21:47
3381703,27600.3,male,190.0,6.3542499999999995,143.90833333333333,0.044154843940008105,22661.80983606557,122,12497.910617064512,1634.6168607192242,27:14
3411439,42179.3,male,194.0,5.4757037037037035,130.7827160493827,0.041868710706666416,29082.593464052286,153,15613.971603800841,1269.8836051276094,21:09
3417701,21586.8,male,179.0,5.7363,154.43,0.03714498478274946,16310.660714285714,28,10469.633885789586,1535.8925770588964,25:35
3432842,42100.0,male,197.0,5.364482142857143,158.70892857142857,0.033800758351429504,26621.21395348837,129,14889.929655626025,1345.3986099997414,22:25
3438751,25959.6,male,200.0,5.348923076923077,137.32820512820513,0.038949923447477504,21305.242567567566,148,10503.29316558332,1362.1226878411821,22:42
3439813,41767.2,male,199.0,6.138061224489796,151.76938775510203,0.04044334180483279,55552.055555555555,63,28229.029334647337,1422.3942089005798,23:42
3445572,16071.3,male,182.0,5.5969999999999995,149.95,0.03732577525841947,24256.2,7,11474.803272968707,1498.420584149897,24:58
3469220,30053.8,male,191.0,5.761596153846154,150.325,0.03832759789686449,25338.61386138614,101,14602.245665896942,1405.9263718959035,23:25
3471841,41505.0,male,198.0,5.292941176470588,155.45882352941177,0.03404722264265173,23795.788372093022,43,13470.531808680425,1213.9609731317532,20:13
3472071,23444.8,male,200.0,5.36248717948718,160.5179487179487,0.03340739912462861,23094.272058823528,68,14908.735139035907,1181.0371292461377,19:41
3537163,20542.6,male,181.0,6.02075,133.7,0.045031787584143605,11779.257142857143,14,8919.399529609109,1556.918890327421,25:56
3545637,20790.6,female,194.0,8.013333333333334,143.71666666666667,0.055757856894352316,9646.440909090908,22,6481.418327191686,1705.937721753301,28:25
3556695,27777.4,male,198.0,7.6621,146.0275,0.052470253890534314,23902.492631578945,95,13457.78748166851,1760.0013353073568,29:20
3558042,20973.0,male,190.0,5.629555555555555,146.97500000000002,0.03830281037969419,15381.791752577321,97,9465.311162274662,1365.0131042684295,22:45
3559941,41124.0,male,194.0,5.231441860465116,146.03953488372093,0.035822093412105675,18019.320472440948,127,11337.437158939883,1281.0603729931652,21:21
3575734,32502.3,male,200.0,5.492878378378379,153.13783783783785,0.03586885159104145,35994.03787878788,132,21577.744076485615,1349.3166745303088,22:29
3576105,16457.1,male,185.0,5.589974358974359,155.9,0.03585615368168287,16736.11686746988,83,11258.996299683971,1548.8405017228092,25:48
3655927,24870.7,male,193.0,5.8316,147.636,0.039499850984854645,12758.386516853932,89,7265.0605739543025,1498.1168468142791,24:58
3664548,30723.4,female,200.0,6.682333333333333,154.1,0.04336361669911313,13098.794285714286,35,11879.900568432746,1468.1805685573147,24:28
3668539,10635.1,female,194.0,5.881818181818182,156.1,0.03767980898025741,8666.468571428572,35,4538.893636492814,1600.1370997847537,26:40
3680369,27960.9,male,197.0,7.0919375,154.53125,0.045893225480283115,11238.06551724138,58,6993.17911159583,1802.5523182651496,30:02
3689976,21191.0,male,184.0,6.3822,146.49,0.04356747900880606,19457.24347826087,23,14119.56223638377,1561.4175693227694,26:01
3691161,31947.4,male,200.0,4.672204545454545,144.86818181818182,0.03225141978601236,32301.94864864865,74,29179.218315364156,1054.476576605835,17:34
3700284,20971.1,male,188.0,6.429666666666667,145.90833333333333,0.044066480095950655,12980.071875,32,7003.9604900340255,1585.6170469714048,26:25
3702346,37009.7,male,196.0,5.491608695652174,149.88695652173914,0.036638336137378893,14527.302777777779,72,10195.628476728893,1416.3377374807458,23:36
3709276,42124.7,male,200.0,4.6897142857142855,141.23492063492063,0.03320506192541977,29318.58857142857,105,15067.364711044771,1155.047481998152,19:15
3714939,21267.2,male,197.0,6.098,136.31428571428572,0.04473485642422972,15566.305555555555,36,10571.04643596824,1527.8238936528223,25:27
3725029,19889.9,male,183.0,4.7186,149.62,0.03153722764336319,16402.85714285714,14,7248.800466996568,1275.320818179981,21:15
3736342,43032.6,male,197.0,4.622978260869565,134.2195652173913,0.03444340065758572,54965.95214285714,140,38444.32673429598,1118.979164486433,18:38
3743021,41775.6,male,199.0,5.9333,158.1,0.03752877925363694,14698.9325,40,9110.444941916168,1400.8113669287231,23:20
3820045,32433.9,male,188.0,6.001102564102564,135.9948717948718,0.04412741807760473,28588.92528735632,87,15274.180797370063,1525.4924236076251,25:25
3824420,9990.2,male,200.0,6.7715000000000005,171.95625,0.03937920255879039,12259.638235294118,34,6370.271337449934,1850.1760314163414,30:50
3832297,5177.3,male,193.0,8.528500000000001,158.14999999999998,0.05392665191274108,5512.533333333333,9,2155.2208819515454,2426.8814753839465,40:26
3867177,20958.5,male,169.0,8.398666666666667,133.93333333333334,0.06270781483325037,24870.25,6,13276.031923997472,2228.8621545886645,37:08
3905196,32634.4,male,199.0,4.8818125,142.496875,0.034259084629048885,20248.986206896552,87,10065.044884350671,1295.448546428851,21:35
3908642,42059.9,male,200.0,4.650131578947369,134.18026315789476,0.034655853770948354,34250.43277310924,119,18744.94372780279,1171.5143352073233,19:31
3918301,20985.0,male,197.0,4.68925,160.30714285714288,0.0292516597602816,17951.946969696968,66,11125.245391675218,1243.4776480152577,20:43
3987593,17827.6,male,198.0,6.146234042553191,169.6936170212766,0.03621959476403029,13099.623684210526,114,7822.5736949192715,1624.7420202939727,27:04
3992841,21795.9,male,198.0,4.693555555555555,165.51666666666668,0.02835699660994193,9126.924242424242,66,6012.35583186339,1285.5486002939322,21:25
4003530,11161.2,male,200.0,6.705558823529412,160.02647058823527,0.04190281019684244,7606.559016393442,122,4058.8976183593236,1867.6478579843417,31:07
4006330,32257.3,male,198.0,6.106280000000001,126.32,0.04833977200759976,19466.543055555558,72,10005.014849815141,1247.870050526921,20:47
4007546,31247.1,male,200.0,5.644814814814815,148.85802469135803,0.03792079618494713,37730.57317073171,123,18956.026079730473,1470.5188564544299,24:30
4009109,42470.0,male,199.0,4.725590909090909,151.20000000000002,0.031253908128908124,20625.980882352942,68,14397.272412563754,1152.5692666493237,19:12
4025656,21172.8,male,176.0,4.8395,151.88333333333333,0.031863272248436304,12122.4,20,8943.65485446467,1131.1535900772724,18:51
4057523,20949.5,male,199.0,6.179,159.9470588235294,0.0386315324923688,16290.287179487179,39,9832.940763045823,1622.503078461406,27:02
4059417,22749.2,male,192.0,7.605285714285714,138.32857142857142,0.05497986161313643,13852.83548387097,31,8314.148906955677,1662.302427454544,27:42
4124709,41146.0,male,191.0,5.061516129032259,140.1709677419355,0.0361095896715992,30306.085714285713,49,13034.559235275914,1306.337223594117,21:46
4131540,26795.6,male,198.0,6.464083333333333,149.83888888888887,0.04314022468577361,25283.02658227848,79,13892.022507435871,1478.5928622866118,24:38
4133458,19737.5,male,198.0,5.445380952380953,153.78571428571428,0.03540888682458585,21665.61818181818,44,14865.16812367903,1357.3294033111895,22:37
4146688,42160.8,male,197.0,5.401527472527472,133.5021978021978,0.04046021385004157,35426.509489051095,137,17977.766878993178,1237.6237634762226,20:37
4164701,20817.6,female,182.0,6.3898947368421055,140.21052631578948,0.04557357357357358,17267.142499999998,40,9172.112160011986,1570.9418277938332,26:10
4176041,20535.5,male,199.0,4.743285714285714,171.45714285714286,0.027664555907348776,12488.663636363635,22,8264.844350019139,1211.1454792773516,20:11
4177391,24041.1,male,179.0,6.02025,132.23125,0.045528193978352324,15788.842553191489,47,7305.302567038269,1396.2410172483592,23:16
4198916,30239.7,male,196.0,5.080176470588235,137.64705882352942,0.03690726495726495,30707.9625,40,20141.514163508517,1304.5169222642994,21:44
4203888,21220.1,female,187.0,5.238291666666666,153.96666666666667,0.03402224507469149,15106.396721311474,61,8450.02957367541,1412.2756773934946,23:32
4226525,40534.3,male,185.0,5.042464285714286,140.7357142857143,0.03582931533269045,14534.033766233768,77,8387.198057340445,1171.0522047846994,19:31
4233611,41940.0,male,191.0,5.361771428571429,136.06285714285713,0.03940657679223889,60319.96458333333,48,37888.380194306184,1332.5133468733065,22:12
4253141,19502.3,male,192.0,5.743928571428571,150.7357142857143,0.03810595649907595,14062.789743589745,39,10229.822808358818,1442.6281003531365,24:02
4264744,24921.5,male,193.0,5.407125,150.003125,0.036046749026061954,27156.82222222222,99,16782.9712759906,1415.6196511613405,23:35
4264913,41656.2,male,184.0,4.895619047619048,149.07380952380953,0.032840235741323415,41496.74848484848,66,27689.302544291448,1271.7331667480469,21:11
4296404,42024.7,male,198.0,5.1937837837837835,152.7918918918919,0.03399253533334512,36651.636231884055,69,17300.660524018855,1356.008142532226,22:36
4313124,20832.1,male,182.0,5.891333333333333,128.16666666666666,0.045966189856957086,10447.60909090909,11,5639.708720927801,1296.7805374716384,21:36
4318337,18744.1,male,186.0,6.832882352941176,154.3470588235294,0.044269598688974426,13041.328301886793,53,6836.817342053733,1806.3181348463245,30:06
4321971,22981.9,male,179.0,7.138857142857143,139.28095238095239,0.05125508564395364,15130.065714285716,70,9230.862034075733,1598.8390594662085,26:38
4325326,40917.7,male,193.0,5.3795,172.75,0.031140376266280755,17430.21111111111,9,11051.685434521338,1387.8557189556254,23:07
4330976,27850.6,male,200.0,6.439404761904761,153.50238095238097,0.04194986893331885,14136.99111111111,90,10098.12575226014,1555.783651237155,25:55
4341373,20949.3,female,199.0,6.2305,148.2,0.042041160593792176,17665.3375,8,8827.182423617483,1398.4889909462736,23:18
4357738,40416.2,female,200.0,7.487928571428571,148.67142857142858,0.05036561929470548,13391.8875,40,9432.336076910558,1872.04907426332,31:12
4362441,25162.8,male,200.0,5.545830188679246,143.7433962264151,0.03858146067415731,43270.08815789474,76,28693.130819265054,1338.48546298843,22:18
4363552,17075.5,male,170.0,5.14875,143.225,0.035948682143480536,10353.181818181818,22,5121.086073112335,1414.138872547697,23:34
4399772,14603.0,male,189.0,5.7294,129.2,0.0443452012383901,10833.755000000001,20,3871.253900424594,1465.5739420576713,24:25
4419649,12546.3,male,191.0,5.34409090909091,153.76363636363638,0.034755232351897834,16063.213043478261,23,12390.420019746354,1030.2684029810496,17:10
4433918,23587.7,male,199.0,7.385000000000001,148.93333333333334,0.04958594449418084,17519.25,28,11809.55438154805,1708.4087320387023,28:28
4439016,30707.9,unknown,200.0,4.783672727272727,141.72909090909093,0.03375222896434939,19570.930177514794,169,13435.585428947566,1226.987098979464,20:26
4443471,41871.9,male,186.0,5.146571428571429,138.10714285714286,0.03726506335660719,16797.1593220339,59,8873.16716639552,1239.824806769504,20:39
4457345,39842.0,male,194.0,5.7876875,145.7125,0.03971991078322038,13377.24523809524,42,11587.201313606749,1608.1615432717342,26:48
4536750,10219.1,male,196.0,4.632142857142857,162.68571428571428,0.028472953986652616,10975.29523809524,21,5267.732814928657,1217.6625693339702,20:17
4564626,20995.5,female,197.0,5.807,141.56,0.04102147499293586,10572.626315789474,38,7564.3286656511345,1494.6076245202823,24:54
4572860,20875.8,male,192.0,6.0977500000000004,157.07083333333333,0.0388216568957742,11956.631818181817,66,7477.491304115696,1481.1095809540889,24:41
4584909,36493.1,male,194.0,5.660689655172414,142.71206896551723,0.03966510818745243,34641.07053571429,112,16765.602818112726,1438.6066580840222,23:58
4615477,41087.0,male,198.0,5.636,138.71052631578948,0.04063137924492506,12227.226153846153,65,7988.674483747229,1387.1182251669597,23:07
4634912,29673.3,male,192.0,5.696666666666666,147.53333333333333,0.0386127428829643,19725.8625,8,8901.020690899524,1451.6337317803282,24:11
4654918,20834.0,male,187.0,6.735125,136.9,0.04919740686632578,14357.658823529413,17,7160.988649015129,1654.3023544958603,27:34
4668578,9504.1,male,166.0,5.500142857142857,130.74285714285716,0.04206840034965034,11508.075,20,4333.246224601865,1532.6711355652756,25:32
4675763,32844.8,male,192.0,6.56028947368421,149.84736842105264,0.0437798110357908,30840.466153846155,65,18203.210601406256,1683.638434084546,28:03
4752000,25203.2,male,175.0,6.126090909090909,147.78181818181818,0.04145361712598425,24618.45,28,12328.531128105516,1647.6938959892302,27:27
4796418,25781.3,male,191.0,5.818321428571429,148.47857142857143,0.03918627026506952,30338.44666666667,45,14754.582395889453,1366.5530916553712,22:46
4836713,21158.9,female,175.0,7.694181818181818,147.62727272727273,0.052118972843155364,9830.145454545454,33,7866.158751738793,2046.121296634974,34:06
4852170,15660.2,male,189.0,7.323999999999999,129.79999999999998,0.05642526964560863,16472.252631578947,19,10978.562172219923,1752.0804833383627,29:12
4905815,41108.9,male,197.0,5.3549999999999995,155.1,0.03452611218568665,19618.899999999998,24,17143.826098704125,1285.1535451072407,21:25
4938238,21083.5,male,198.0,6.175142857142857,154.62857142857143,0.03993532889874353,8601.246428571429,28,4995.581492900401,1669.2922492703735,27:49
4969375,42084.1,male,200.0,4.97225,135.95000000000002,0.036574108127988225,31535.07887323944,71,18149.54633264515,1224.5731179940958,20:24
4973835,41776.8,male,186.0,5.27625,144.0,0.036640625,21895.274999999998,12,11089.008642150202,1170.336402990499,19:30
4979907,78775.9,female,194.0,9.0456,130.48,0.06932556713672594,17438.414285714283,14,19258.507129172696,2403.2450122668893,40:03
4998101,23585.1,male,178.0,5.550739130434783,142.92608695652174,0.038836431113679924,22325.53111111111,45,11946.725655570426,1412.5090003751507,23:32
5063358,42987.5,male,193.0,5.3363125,137.79375,0.03872681090397787,26817.592682926832,41,14826.82623716873,1086.9938803982375,18:06
5072565,23860.4,male,195.0,5.818529411764707,145.04117647058823,0.040116396966378726,14925.5,46,9292.67502338386,1464.0241965389644,24:24
5086939,14222.7,male,199.0,5.187190476190476,139.05238095238096,0.03730385945686791,13676.674193548388,62,10084.84104901576,951.788421460137,15:51
5095069,41738.2,male,196.0,6.131666666666666,151.01000000000002,0.04060437498620399,27192.03725490196,51,14563.87962314933,1473.2965839364053,24:33
5106976,30923.6,male,200.0,5.6246,148.79500000000002,0.03780100137773446,10810.31475409836,61,7750.01376344662,1174.6441547014688,19:34
5107134,20974.9,male,195.0,6.432037037037037,146.93333333333334,0.043775206694898164,13810.4265625,64,8465.983244581648,1705.097288586612,28:25
5164930,21521.4,male,192.0,5.319500000000001,165.5,0.03214199395770393,17317.495833333334,48,11027.382645438509,1417.7263650669433,23:37
5180701,29261.6,male,186.0,5.343125,136.9875,0.0390044712108769,28255.800000000003,18,14901.511453895815,1426.2142913585897,23:46
5242117,20223.9,male,200.0,5.397138888888889,157.13888888888889,0.034346296623652114,24694.70634920635,63,12660.084566308715,1330.3182936822086,22:10
5255745,40261.8,male,199.0,4.66914,154.186,0.030282515922327575,20787.377049180326,122,11710.595932481363,1214.7926684163772,20:14
5269471,29964.0,female,193.0,5.825200000000001,160.97,0.03618810958563708,17622.106896551722,29,9364.023331267505,1485.95746576313,24:45
5278840,8742.3,male,198.0,6.728666666666666,146.79999999999998,0.04583560399636694,6820.355555555555,9,4215.648543555046,1653.4366798794094,27:33
5298016,21104.2,male,199.0,5.7595294117647065,173.74705882352941,0.033148931848190406,12198.632692307692,52,5964.809597201828,1527.1306920562674,25:27
5306319,22438.5,male,200.0,5.169227272727273,158.74545454545455,0.03256299392967587,34576.31153846154,26,17665.980300981362,1186.2474631796442,19:46
5325166,17880.1,female,197.0,7.019233333333333,145.24666666666664,0.048326295497314924,12687.502325581394,86,9369.48594934927,1759.6274815759898,29:19
5346596,15860.5,male,190.0,6.941117647058824,142.74117647058824,0.048627297453226734,14218.387499999999,56,6502.281961142914,1803.1928796236255,30:03
5386323,41692.2,male,197.0,5.979541666666667,125.02499999999999,0.047826767979737395,47334.350000000006,36,21958.039245518125,1451.0150943835806,24:11
5407179,20708.2,female,200.0,6.920217391304347,142.70434782608694,0.04849338858082993,17699.739361702126,94,10602.933932128366,1734.795503079522,28:54
5453063,20827.7,male,181.0,6.305083333333333,145.42499999999998,0.04335625465589365,17336.8,34,8728.75744626677,1537.0847214844428,25:37
5486878,27583.0,male,198.0,7.9255555555555555,132.6238095238095,0.05975967350065228,54945.71866666667,75,20093.303073248826,1970.9554906733256,32:50
5507899,29822.6,female,191.0,6.7754642857142855,146.48214285714286,0.04625454102157747,37196.45434782608,46,19347.049770462636,1723.882243974105,28:43
5525152,24755.5,male,195.0,5.51965,128.005,0.04312058122729581,23278.055263157894,38,13146.420152921242,1465.636635841312,24:25
5539676,41643.6,male,189.0,5.2465,151.89166666666668,0.03454106545235091,11726.055813953488,43,12054.840504727952,1414.0435381348823,23:34
5547218,21053.5,male,200.0,5.562642857142857,145.4142857142857,0.038253757736516354,25668.324137931035,29,15621.798602197214,1446.9064100558764,24:06
5551642,42025.5,male,193.0,5.166916666666666,167.95000000000002,0.030764612483874163,20593.81428571429,28,11037.976036551812,1323.746156593411,22:03
5554061,9545.0,male,195.0,7.261375,138.5,0.052428700361010834,5229.008333333333,36,2254.9743380706445,1792.9858872667455,29:52
5607830,39868.5,male,197.0,5.762241379310344,146.43793103448274,0.03934937716344456,16241.229670329669,91,9908.399625373913,1444.3202017924957,24:04
5727574,40092.5,male,192.0,6.554730769230769,120.16346153846153,0.054548451628390816,26037.581632653062,98,16280.961151047784,1285.1482254047974,21:25
5746423,42108.8,male,199.0,5.542301204819277,146.68192771084338,0.0377844857325908,52883.80322580645,124,24596.986277841992,1220.282236068536,20:20
5836671,30974.2,male,194.0,6.402846153846154,155.80769230769232,0.04109454455689953,12008.044736842106,38,8809.896832500131,1615.9582925728594,26:55
5839886,21049.9,male,193.0,6.037121951219512,141.84878048780487,0.0425602668592455,16440.165882352943,85,10665.616709030059,1565.326460908211,26:05
5850177,22674.8,male,180.0,7.981999999999999,130.89000000000001,0.06098250439300174,15201.477419354838,31,12255.989456933827,1990.5315293656963,33:10
5929760,17420.0,male,189.0,5.738857142857142,161.4,0.035556735705434585,11911.453846153845,26,7648.1758742450875,1465.2599992576484,24:25
5946470,17745.3,male,188.0,6.454571428571429,141.6142857142857,0.04557853323918088,14335.647826086957,23,6935.6441421287645,1437.4935161395317,23:57
5964610,41353.0,male,198.0,6.775782608695652,147.51739130434783,0.0459320934893454,18737.086153846154,65,11327.094803871778,1577.2472743587055,26:17
5979382,41421.6,male,193.0,4.446705128205129,143.10384615384615,0.031073274742208012,26423.134042553193,141,16509.84642902458,1128.3367988361986,18:48
5986686,20993.4,male,192.0,5.600416666666667,153.74166666666667,0.03642744864220283,18234.08148148148,54,10457.101209371878,1402.6883598625936,23:22
6000431,41803.6,male,195.0,5.12765,150.605,0.03404701039142127,18609.65,104,12139.385785233057,1324.2252665789551,22:04
6055485,12480.9,female,186.0,5.384333333333333,154.20000000000002,0.034917855598789446,15711.542857142855,7,13713.2255467556,1406.2580361056139,23:26
6106910,5321.5,female,185.0,6.605833333333333,152.31666666666666,0.04336907757960389,4909.096,25,2329.29706304284,1777.223337156021,29:37
6107778,44016.3,male,193.0,7.3805,156.775,0.047077021208738634,8249.884615384615,13,13795.799850126255,2056.508971391769,34:16
6113340,42190.4,male,200.0,5.2195277777777775,150.39027777777778,0.03470655054903445,26325.485034013604,147,11601.61354140699,1382.5260663407228,23:02
6162923,13209.2,female,199.0,6.2964,168.95,0.03726783071914768,14477.396969696969,33,8669.798872396235,1700.1497349259942,28:20
6176971,21849.4,male,177.0,5.474625,149.15625,0.036703959773727216,20290.35384615385,39,11684.689644367203,1444.6982215091978,24:04
6194859,42297.4,male,176.0,5.177692307692308,125.20769230769231,0.04135282914541991,23800.80277777778,36,16005.054325850339,1113.5500614253845,18:33
6216280,18799.0,female,196.0,6.280333333333334,163.42499999999998,0.03842945285808986,9711.116326530613,49,6192.126814463231,1700.6604935208738,28:20
6242372,17748.3,male,185.0,5.68775,137.05,0.041501276906238595,9028.5625,16,6417.271666980706,897.9615325861172,14:57
6272219,9977.2,male,188.0,4.648333333333333,164.96666666666667,0.028177409577692464,5330.404545454545,22,2956.606468084857,1372.4720090726214,22:52
6299290,17005.9,male,190.0,4.518,146.12,0.03091979195182042,29818.6125,8,13978.71961594659,1144.7508735820988,19:04
6307695,5726.7,male,192.0,11.034666666666666,123.76666666666667,0.0891570158901158,4734.700000000001,8,2165.6453528418992,3039.695621043921,50:39
6342136,42251.3,male,197.0,5.226410256410257,159.49743589743588,0.032767989196836225,25617.355319148934,94,14689.555065819573,1349.6729022033521,22:29
6361870,29463.0,male,188.0,5.561166666666668,155.91666666666666,0.03566755745590594,15097.505263157893,19,8526.98128097405,1480.0097124238096,24:40
6422295,25530.5,female,199.0,6.3166756756756754,156.19459459459458,0.040441064507198234,14420.951648351649,91,10926.443467970133,1732.460951162427,28:52
6493363,20391.3,male,186.0,4.8504000000000005,140.34,0.034561778537836686,12570.6,20,9071.68645749829,1292.7423052389126,21:32
6532016,21398.1,male,200.0,5.900030303030303,169.4,0.03482898644055669,15801.11851851852,81,8775.234746377319,1571.255704723048,26:11
6539051,10068.7,male,177.0,7.404875,136.4375,0.054273018781493355,8758.15652173913,23,4972.365394843977,2032.8306890733431,33:52
6572322,21145.3,male,176.0,5.0136666666666665,159.5666666666667,0.03142051389179026,18261.044444444444,9,7848.214451247989,1374.3253819379033,22:54
6579857,31980.3,male,194.0,5.085444444444445,157.27777777777777,0.032334157541504774,11702.183870967743,31,7645.248265604668,1400.2539551672414,23:20
6582710,41554.9,male,196.0,4.616533333333334,150.35,0.030705243321139566,29945.715384615385,52,16527.123184506043,1126.8044100709822,18:46
6591189,15287.1,male,199.0,5.7245,160.10000000000002,0.03575577763897563,8565.449999999999,12,3827.752156292254,1420.6984494836095,23:40
6601602,42152.6,male,200.0,5.883453608247423,137.56185567010309,0.04276951324614982,52741.73503649635,137,31870.215901370048,1297.8777184746912,21:37
6641862,27186.0,female,193.0,6.678903225806452,162.18709677419355,0.041180237877401646,25793.366666666665,72,13318.742771907015,1569.1499779531068,26:09
6670535,21182.3,female,200.0,5.492153846153846,153.87692307692308,0.03569186162767446,24057.148076923077,52,10833.682426118841,1382.9018205778088,23:02
6676926,10861.2,male,198.0,7.469611111111111,145.07777777777778,0.05148694187026116,15654.810344827587,29,8924.01496358261,1868.9976988774433,31:08
6716410,12022.0,male,200.0,5.77,169.25,0.034091580502215654,15290.199999999999,7,6875.949399416296,1487.4547400179645,24:47
6721368,29659.7,male,184.0,6.5233333333333325,147.62666666666667,0.04418804190751444,21793.272602739726,73,10600.522267928598,1644.5245729884448,27:24
6724449,23422.6,male,198.0,5.395148148148149,154.25925925925927,0.03497454981992797,23897.532558139534,43,17050.340168561936,1415.016158141483,23:35
6766202,27931.5,male,200.0,4.7645,160.62,0.02966318017681484,13188.58125,32,10027.857044493523,1257.5698133106628,20:57
6793807,12298.6,male,183.0,5.655,154.05,0.03670886075949367,9750.188888888888,9,3940.2062974051382,1619.9203316701455,26:59
6796415,41912.8,male,193.0,5.401722222222222,141.82777777777778,0.038086489874260644,43170.327450980396,51,21179.527187905573,1380.5531691165636,23:00
6800874,42247.8,male,186.0,5.811192307692308,143.31153846153845,0.040549367971874084,19036.90806451613,62,12873.444240116027,1474.4586816921174,24:34
6828710,41716.5,male,197.0,5.237727272727273,150.8272727272727,0.03472665903200531,18765.97837837838,37,13790.028507607612,1155.5442998839683,19:15
6873187,34850.6,male,193.0,6.605666666666666,143.56363636363636,0.04601211583924349,21437.192857142858,84,13517.289433904578,1518.479278352204,25:18
6883061,20832.6,male,200.0,5.218916666666667,142.6875,0.0365758504891225,20823.992592592593,54,15209.952091905394,1334.3432173091248,22:14
6946869,29816.6,male,186.0,4.885480769230769,151.025,0.032348821514522556,41291.427142857145,70,21936.078863878476,1248.0287733251878,20:48
6961546,28406.7,male,200.0,5.430295454545455,147.97727272727272,0.03669682076485947,20125.55890410959,73,14766.371988950616,1260.23724397835,21:00
6969866,15836.8,male,182.0,7.064166666666667,152.24444444444444,0.04640016056050212,16266.720000000001,40,10263.360183062956,1819.3458961921247,30:19
7017288,22695.1,male,199.0,6.137041666666666,138.65416666666667,0.04426150193827568,32068.266666666666,33,19833.02303991166,1310.2027035800236,21:50
7038373,32289.5,male,200.0,4.799876288659794,141.07113402061856,0.034024510556201086,49537.33813559322,118,17407.32410291478,1261.248055873785,21:01
7045897,17863.9,male,191.0,6.273333333333333,161.26666666666668,0.038900372054568,17876.055555555555,9,9179.543464153203,1627.3270568385678,27:07
7122167,10258.9,male,162.0,6.0569999999999995,135.33333333333334,0.044756157635467975,7854.6,10,2114.424764432266,1604.4780152395706,26:44
7123482,29689.5,male,184.0,7.648,152.53333333333333,0.05013986013986014,37000.76666666667,6,14339.549834728658,2154.897411877469,35:54
7178673,41877.8,female,198.0,4.834298245614035,170.440350877193,0.028363578347109137,27231.92213740458,131,13473.09803707025,1299.2849044623076,21:39
7181149,25830.7,male,193.0,5.5363750000000005,159.4625,0.03471897781610096,19691.6,25,9722.710705867987,1401.6947759759992,23:21
7183572,19268.5,male,182.0,5.403888888888889,139.0388888888889,0.038866024693331204,16853.326,50,10773.858558941902,1483.4081173366367,24:43
7197311,57388.0,male,198.0,6.285102564102564,136.9102564102564,0.04590673284015357,44271.54461538461,65,33136.39129483452,1447.960422108918,24:07
7228559,42090.3,male,197.0,5.927318181818182,155.56363636363636,0.038102208976157084,19884.610144927537,69,10796.904706417223,1382.747545224729,23:02
7231044,12080.2,male,190.0,5.7595,144.95,0.03973439116936875,7637.7699999999995,10,4572.281469184114,1589.6221865210237,26:29
7285980,41507.9,male,189.0,5.75553125,137.053125,0.04199489249150649,46804.77857142857,56,25547.356400398592,1332.6690321448093,22:12
7313790,41957.1,male,200.0,5.148956521739131,146.03623188405797,0.03525807572073637,37705.56814159292,113,20386.367932659356,1251.2877961744848,20:51
7382493,29757.7,male,194.0,5.342173913043479,139.94782608695652,0.03817261091089848,30905.690476190477,42,15461.131122234603,1276.0850667074453,21:16
7404960,42163.0,male,196.0,6.0164333333333335,148.21,0.040593977014596404,31402.796721311475,122,18151.38065228431,1415.1629482515395,23:35
7425627,21153.9,male,193.0,6.641249999999999,155.275,0.04277089035582032,14759.335714285715,14,11199.215846766796,1693.6574344724581,28:13
7430612,25636.2,male,199.0,7.266302325581396,149.4232558139535,0.048628992093631335,23472.261290322578,93,14020.492449292185,1706.4080072343063,28:26
7470676,29413.3,male,174.0,5.802857142857143,133.21428571428572,0.043560321715817696,32049.007142857143,14,25792.95003050444,1516.4901552392494,25:16
7513131,12428.7,female,180.0,7.199666666666666,151.1,0.047648356496801235,8686.16,10,4645.132196229129,1966.4946278320615,32:46
7516129,41481.4,male,200.0,5.339186335403727,114.4857142857143,0.046636266967589324,70304.16025641025,156,40001.97105229123,1359.5124775237027,22:39
7654809,41741.6,male,195.0,5.313121951219512,148.5170731707317,0.035774485975169155,35406.03181818182,66,24797.3280500706,1333.8847026614992,22:13
7710890,21500.9,male,174.0,7.3941,130.57999999999998,0.05662505743605453,13143.68205128205,39,5926.928722714914,1818.8353895324883,30:18
7716949,21270.7,male,200.0,4.903230769230769,157.97692307692307,0.031037639382577784,20848.966666666667,24,14657.243259923735,1208.9665181150615,20:08
7743096,10640.6,male,200.0,6.962058823529412,151.04117647058823,0.046093780426062235,20996.7625,24,12858.374313324995,1865.7075352144307,31:05
7763998,20814.5,male,183.0,5.01,154.85,0.03235389086212464,13201.972727272729,11,8389.077183944717,1312.132130774612,21:52
7780362,21170.9,male,199.0,5.217021739130435,157.4891304347826,0.033126233694526885,11501.259863945577,147,7744.437408652015,1268.6952319970992,21:08
7795957,42061.0,male,168.0,3.9036,141.22,0.02764197705707407,94032.94,5,35153.67182561447,1037.4930992667153,17:17
7822006,42052.9,male,188.0,6.119925373134329,151.41044776119404,0.04041943910493371,43918.09310344828,87,16270.162012399242,1576.742796046032,26:16
7839953,15970.2,female,180.0,6.922666666666667,155.79999999999998,0.04443303380402226,13331.29090909091,11,5997.941252038828,1904.6718049452486,31:44
7967148,32563.6,male,198.0,4.757099999999999,154.055,0.030879231443315693,29915.865789473683,38,26127.07720047554,1023.5572560624007,17:03
7996903,15221.6,male,200.0,7.62996875,155.39375,0.04910087278285001,11250.037804878048,82,6693.151355402843,1974.5690271863202,32:54
8000584,21221.7,female,186.0,5.693769230769231,163.16153846153844,0.03489651595870068,18582.733333333334,39,9585.016778513533,1513.4038185182546,25:13
8070374,21659.2,male,177.0,7.459678571428571,143.04285714285714,0.05214995505842405,18893.742857142857,42,9794.089675701332,2062.680803648762,34:22
8107339,41854.1,male,199.0,5.335315789473684,148.7078947368421,0.03587782477127537,58433.01549295775,71,49279.15859534085,1329.621257763041,22:09
8170078,34814.3,male,188.0,5.530666666666667,160.88888888888889,0.03437569060773481,17478.506557377048,61,10648.129593311509,1388.225884166503,23:08
8221442,29155.7,male,195.0,6.085061538461538,142.15692307692308,0.04280524231077249,25426.448484848486,132,17247.127159990978,1506.8942130811754,25:06
8276277,21779.8,male,189.0,5.310333333333333,150.84814814814814,0.03520317218689386,17499.04960629921,127,11354.99864577427,1386.5984042929374,23:06
8281868,22159.9,male,195.0,6.243571428571428,159.81428571428572,0.03906766782872977,9948.172,25,7968.333641071597,1617.0488613372383,26:57
8294504,34752.4,female,192.0,6.4446206896551725,140.48620689655172,0.04587368989470067,24040.298507462685,67,14976.601662608653,1670.8911427451924,27:50
8349084,41870.3,male,186.0,5.345888888888889,140.29777777777778,0.03810387429910983,32912.50235294118,85,21431.15589478139,1333.876539188399,22:13
8353647,12829.9,male,194.0,5.882170212765957,155.21702127659574,0.03789642504660599,17578.042105263157,76,11794.877916533806,1582.6957788713491,26:22
8366159,21167.7,male,178.0,4.892,150.36666666666667,0.0325338062513855,22871.514285714286,7,7647.941753271175,1155.3422123598314,19:15
8372595,42116.0,male,200.0,4.620846153846154,152.36153846153846,0.030328166809713737,66393.53421052631,38,29765.94965147598,1049.9233578426854,17:29
8438734,17242.5,male,200.0,6.727666666666667,171.46666666666667,0.03923600311041991,13953.5125,8,6477.466692958974,1509.5356739082233,25:09
8446566,31014.4,male,195.0,6.062129032258064,141.7258064516129,0.04277364288152953,13502.61724137931,87,7824.0801784842715,1576.3842927427722,26:16
8453120,16176.2,male,188.0,6.174333333333333,140.23333333333335,0.04402899928690278,12469.546153846155,13,6940.080276146594,1671.4043241693346,27:51
8467445,11020.3,male,169.0,6.045470588235294,138.37058823529412,0.04369043064235004,11515.743181818181,44,6968.212933740791,1625.1306558702743,27:05
8484809,31224.1,male,181.0,6.7575,137.7,0.04907407407407408,50719.446341463416,41,27769.799182061957,1782.3269422259605,29:42
8535425,23385.8,male,190.0,5.790214285714286,150.33571428571426,0.03851522782344278,11656.344444444445,45,7213.112080552761,1437.0520684437365,23:57
8557955,23624.4,female,199.0,6.55425,158.36666666666667,0.0413865501999579,23610.845161290323,31,13435.681319130257,1725.4300631882313,28:45
8582302,11701.5,male,176.0,7.150489361702127,140.91489361702128,0.05074331873773214,15121.98,75,10476.080530504794,1960.6558643333065,32:40
8605838,33593.3,male,194.0,6.9035,141.34583333333333,0.048841199186392716,19673.759523809524,42,19377.299367874362,1714.2946398146833,28:34
8621055,20932.1,male,200.0,6.5006216216216215,138.32432432432432,0.046995506057053535,20905.576923076922,91,11284.656650879519,1781.5205649210343,29:41
8632256,41476.7,male,200.0,5.586651162790698,150.66162790697675,0.037080783212033744,38078.387218045114,133,20939.225049592624,1449.4645094242846,24:09
8662931,42186.5,male,192.0,4.775813559322034,150.8915254237288,0.03165064138566262,33947.38295454546,88,22718.437016495325,1186.3360390013856,19:46
8747440,47431.7,male,184.0,4.810611111111111,160.07222222222222,0.03005275396522403,17774.791379310343,58,11379.161003146864,1312.9525026263889,21:52
8765371,17929.6,male,194.0,5.289625,146.075,0.03621170631524902,19187.48125,16,16494.162285940998,1388.0523514109218,23:08
8767606,24963.1,male,190.0,5.422499999999999,167.03333333333333,0.0324635801237278,17006.526666666665,15,10902.653552393738,1461.065015619976,24:21
8785331,21585.0,female,199.0,7.471827586206897,159.651724137931,0.046800794833581724,13243.044444444446,81,7983.809188601642,1940.5943292104462,32:20
8875079,42098.2,male,200.0,5.542245454545455,141.61636363636362,0.039135628907804705,45356.13933333333,150,24554.85950898845,1228.8328420561502,20:28
8888545,42065.3,male,200.0,5.111208333333333,150.37916666666666,0.03398880607353634,21249.22089552239,67,16991.16512090682,1349.3190859191793,22:29
8899244,20980.9,female,199.0,6.4866,155.78,0.04163949159070484,8696.816666666668,18,6434.919386601422,1608.318109202179,26:48
8923359,33040.2,male,198.0,4.987,145.73333333333332,0.03422003659652333,19598.85,20,11837.972218492045,1243.2255749191936,20:43
8993175,14098.7,male,194.0,6.256272727272727,152.85454545454547,0.04092958249078149,15275.54827586207,29,8445.528846065774,1662.136297200093,27:42
8994138,21110.5,male,193.0,4.738466666666667,134.66,0.03518837566216149,22630.35,36,13342.95433087119,1137.8039146463075,18:57
8994885,41941.4,male,197.0,5.5233823529411765,150.47352941176473,0.036706671097124756,65798.99743589743,78,37637.71837866134,1258.2619300590525,20:58
9008533,29710.9,male,196.0,6.254488372093022,146.74651162790698,0.04262103611670179,23424.915463917525,97,12216.583482439113,1450.7836699728944,24:10
9010559,17384.6,male,187.0,7.062833333333334,161.04999999999998,0.04385491048328677,7261.386363636364,22,4024.8068586958543,1673.5381213820901,27:53
9051351,11265.1,male,194.0,6.002666666666666,133.86666666666667,0.0448406374501992,12679.1875,8,11154.578879729486,1350.1418278121937,22:30
9157551,20494.7,male,197.0,5.385542857142857,163.4457142857143,0.032950040205572836,26955.11,60,12247.424900060021,1390.900682472509,23:10
9198615,10186.3,female,194.0,8.4108,161.115,0.052203705427800014,9090.37596153846,104,3699.0634622255247,2394.2110411079007,39:54
9221677,31836.8,male,200.0,5.338103448275862,154.77586206896552,0.03448925030633842,29070.541791044776,67,20341.737918953204,1337.1947072887529,22:17
9232852,29282.3,male,200.0,5.641194444444444,148.92777777777778,0.03787872570597232,28068.936153846156,130,16620.59961723041,1411.7007085293315,23:31
9275291,22257.2,female,185.0,6.333923076923077,155.26923076923077,0.040793163240029726,18181.11489361702,47,15247.416657142698,1678.6877088003587,27:58
9286593,34564.3,male,198.0,4.7992799999999995,134.32,0.03573019654556284,29247.781632653063,49,19632.074960833375,1136.4702488109656,18:56
9295581,22374.1,male,183.0,5.662100000000001,133.43,0.0424349846361388,34263.66,30,22245.46966681004,1325.7522410913498,22:05
9313150,27299.3,male,186.0,8.39464,126.652,0.06628114834349241,19094.818,50,12879.479477038865,2102.6735662501205,35:02
9335429,17959.5,male,196.0,6.0295,147.37083333333334,0.040913794565862756,16796.364999999998,40,11152.030639294766,1403.622383839806,23:23
9336459,31844.9,male,200.0,4.898212121212121,156.8969696969697,0.031219290791100123,34045.22456140351,57,28275.006821663188,1259.2172436331018,20:59
9338715,32765.2,male,199.0,8.065000000000001,145.18,0.05555172888827663,9712.970588235294,17,7634.485833682965,2020.0378768552716,33:40
9345869,21317.9,male,179.0,6.7866197183098596,124.61971830985915,0.05445863471971067,21322.04818181818,110,11761.09557560361,1860.7288423688108,31:00
9422215,21354.4,male,191.0,5.610636363636363,145.16363636363636,0.038650425851703404,24912.537500000002,24,10739.487007213045,1433.438028454689,23:53
9481945,11533.5,female,197.0,6.410454545454545,170.98181818181817,0.03749202467035304,11662.903703703705,27,6843.539421206043,1665.8522797781407,27:45
9484057,16792.4,male,187.0,6.2208,155.38666666666668,0.04003432297923459,10291.796226415094,53,5614.390856470207,1578.240517034336,26:18
9508545,29606.2,male,176.0,5.945916666666666,132.35833333333332,0.0449228735125606,31066.596153846152,26,24154.900258249556,1431.592182230993,23:51
9522694,33356.7,male,190.0,5.047666666666667,151.32222222222222,0.03335707467508628,44634.549999999996,14,29303.945657269956,1331.2149438416309,22:11
9525377,21087.8,male,187.0,6.074272727272728,163.70000000000002,0.03710612539567946,16645.854838709678,31,9749.924480488338,1623.553804794967,27:03
9571309,19892.7,female,191.0,6.419818181818181,166.83636363636364,0.038479729729729725,9899.476666666666,30,5485.75786023781,1759.8510564786309,29:19
9613679,41449.8,unknown,200.0,5.2090000000000005,167.84,0.03103551000953289,19061.280000000002,15,13043.002065157942,1390.2809872537864,23:10
9622636,20045.5,male,195.0,5.747400000000001,155.865,0.036874218073332694,14203.245833333334,48,10437.680155702616,1360.0252431954445,22:40
9632922,16501.8,male,176.0,5.3545,134.775,0.039729178260063065,14413.572727272725,11,7897.232145643296,1440.134765032486,24:00
9655659,29612.4,male,184.0,5.613083333333333,156.45000000000002,0.03587780973687013,25709.314814814814,27,17281.90969236782,1497.1004461175041,24:57
9656255,10073.3,male,180.0,7.535,136.60000000000002,0.0551610541727672,6663.0125,8,3786.00334142087,1980.7854748293332,33:00
9732499,26350.4,male,180.0,5.788666666666667,138.23333333333332,0.04187605497950326,24097.35714285714,7,10417.438040429639,1278.0919560568764,21:18
9760872,34251.7,male,184.0,5.3335,122.32857142857144,0.04359978979329674,61236.47391304348,23,48947.04303522345,1168.5044939690922,19:28
9882712,32311.0,male,197.0,6.159510638297872,138.0723404255319,0.044610749838197676,21069.18947368421,114,14080.315490465358,1398.815823765651,23:18
9889560,21610.3,male,193.0,5.080636363636364,138.12727272727273,0.036782282479926286,18272.14814814815,27,10839.75565206332,1146.105715313941,19:06
9937628,30545.8,male,185.0,5.037038461538462,152.33846153846156,0.03306478489194102,18579.037837837837,74,10043.448740589563,1313.0798127082676,21:53
9959962,41877.8,female,177.0,5.9892,144.42000000000002,0.04147071042791857,31559.261538461542,13,12138.896242900235,1318.9340712066153,21:58
9985340,39978.2,male,195.0,6.264166666666666,151.79444444444445,0.04126743037001793,16853.68431372549,51,13744.623978637941,1482.4037406408652,24:42
9991401,21186.8,male,190.0,6.01,166.45,0.036106939020726946,14312.157142857144,7,7355.0758989641845,1582.247482823598,26:22
10028940,32665.2,male,199.0,6.58553125,143.965625,0.0457437756408865,20935.57162162162,74,13595.345668687552,1521.341610424145,25:21
10057948,16243.6,male,177.0,7.0832,130.52,0.0542690775360098,10718.044444444446,18,6855.144243835491,1820.694677871253,30:20
10099521,15445.6,female,198.0,7.359821428571428,145.925,0.05043564453364007,24119.735897435898,39,14027.835869769926,1875.1488437165142,31:15
10122140,34962.0,male,198.0,5.4734799999999995,146.756,0.03729646488048188,25753.267741935484,62,14996.435767249408,1264.7575698411188,21:04
10177904,28969.4,male,200.0,5.361722222222222,159.8722222222222,0.033537547346839496,13450.55918367347,49,8622.98901548738,1356.4497728403035,22:36
10344170,41790.4,female,186.0,5.609015384615385,150.7753846153846,0.03720113464756541,28732.415942028983,138,13614.457796169689,1428.9553786107247,23:48
10367164,21230.4,male,200.0,5.688793103448275,148.9103448275862,0.0382028065950352,17107.275510204083,49,13665.079260008131,1183.7731690912888,19:43
10536623,21081.6,male,189.0,6.462833333333333,149.05,0.04336016996533601,22229.33488372093,43,13627.939497414227,1691.0202446183048,28:11
10647023,29991.8,male,200.0,4.683666666666666,145.11666666666667,0.03227518088893993,31690.583333333332,24,18671.01774261188,1447.1326325021403,24:07
10705287,7833.7,male,198.0,9.0824,151.94,0.05977622745820719,13960.471428571429,7,10946.342582755558,2353.513988829915,39:13
10719156,14028.1,male,180.0,6.413068965517242,151.61379310344827,0.0422987172489083,11552.432258064517,62,8891.517564377347,1771.4826167847937,29:31
10779611,24795.5,male,179.0,5.300421052631579,135.21052631578948,0.03920124562086415,25562.720408163266,49,15148.359280325538,1328.108572865783,22:08
10808479,20931.7,male,197.0,4.9864999999999995,166.75,0.02990404797601199,9471.311111111112,9,5557.147919446729,1312.6437982231082,21:52
10815918,24126.9,male,195.0,5.858444444444444,140.90277777777777,0.04157792015771316,23237.196825396823,63,15193.843089500986,1419.6986681306962,23:39
10841339,41383.1,male,198.0,4.49025,162.59722222222223,0.02761578542752199,22532.933333333334,72,12498.639356864322,1198.279722056877,19:58
10917968,35706.4,male,197.0,5.648176470588235,147.5764705882353,0.03827287946428571,45616.325,20,23902.25094163122,1444.9246685446185,24:04
10927933,15818.3,male,185.0,5.814,148.4,0.03917789757412399,10150.650000000001,26,3809.699378192458,1526.8245406775795,25:26
10943750,28322.9,male,200.0,5.935,147.3375,0.04028166624247052,24958.14385964912,57,15746.62830636879,1380.650338383787,23:00
11183643,21364.6,male,186.0,5.834,141.3375,0.04127708499159812,17492.027777777777,18,11882.252042575965,1558.7411878417663,25:58
11215534,32097.2,male,196.0,6.65621052631579,136.31052631578947,0.04883122900498089,26401.489361702126,47,18782.58899336244,1583.740725971839,26:23
11258520,29925.5,female,199.0,5.6741875,148.525,0.038203585255007576,34392.12962962963,27,16586.393909253886,1511.1800588395915,25:11
11258873,22882.1,female,189.0,5.133375,149.4375,0.034351317440401506,51438.01818181818,11,21824.95524319893,1203.6424361628085,20:03
11314348,37780.8,female,200.0,5.431333333333334,162.21666666666667,0.03348196856056714,24396.057142857142,14,25359.43105309115,1325.1427645093495,22:05
11330346,42019.4,male,197.0,5.229470588235294,151.0529411764706,0.03462011760582577,23243.72857142857,42,15083.893915426705,1221.2677296318122,20:21
11394885,9171.5,female,192.0,6.343333333333334,170.53333333333333,0.03719702892885067,8503.525,12,4824.771182539504,1661.1272008383962,27:41
11606634,27322.6,male,191.0,4.946444444444444,161.10000000000002,0.030704186495620383,20492.552631578947,19,14117.007338839694,1090.384734103726,18:10
11737814,21068.8,male,191.0,5.179454545454545,147.80454545454543,0.03504259310514501,28765.34805194805,77,16909.037477326565,1370.0782510822698,22:50
11782156,22393.3,unknown,185.0,6.619222222222223,156.07777777777778,0.04240976721008045,16844.561904761904,21,11481.00809726551,1642.1888554129011,27:22
11822506,11908.1,male,166.0,5.773,144.9,0.03984126984126984,9459.053846153845,13,3773.6899931445055,1621.9080811204253,27:01
11825035,41503.0,male,188.0,5.767765957446808,139.4744680851064,0.041353561240522925,32870.47882352941,85,15739.054145319795,1489.3751080726313,24:49
11884453,23999.7,male,197.0,5.164742857142857,143.23999999999998,0.03605656839669685,25411.002631578947,114,13043.961492037042,1264.7799557715434,21:04
11917849,20787.4,male,196.0,6.3165,167.25,0.03776681614349776,16066.742857142859,7,9093.224974462608,1649.5013481387107,27:29
11954853,13850.8,male,184.0,5.544666666666667,147.0,0.03771882086167801,44828.06666666667,3,5480.811510473001,1511.0175411993882,25:11
11992223,16055.9,male,197.0,4.874925925925925,166.2185185185185,0.029328416408565254,21334.310638297873,47,11812.780959331516,1252.7083923332025,20:52
12049619,52772.2,unknown,200.0,6.234999999999999,167.0,0.037335329341317364,17204.18,10,14304.325092145304,1596.309565663164,26:36
12080152,21064.8,male,195.0,6.757307692307692,133.44615384615383,0.050636961032972105,22282.258181818182,55,14264.402262076384,1581.5275398956617,26:21
12087190,30203.4,male,195.0,5.6805,152.25,0.03731034482758621,22814.049253731344,67,13944.00557026016,1414.217097245073,23:34
12092082,41773.2,male,174.0,5.5043750000000005,152.4375,0.03610906109061091,21720.147999999997,25,12535.71934194843,1365.772468701708,22:45
12175120,24355.2,male,200.0,5.235264367816092,151.4264367816092,0.03457298790809239,21568.50106951872,187,12073.928681734536,1315.3848335510468,21:55
12202944,25476.8,male,170.0,7.125545454545454,140.64545454545453,0.05066317626527051,16294.23125,32,10741.892331111194,1807.764393580912,30:07
12362801,29376.5,male,195.0,5.4466,152.98,0.035603346842724544,16652.233333333334,48,11472.112791800879,1343.3969915018154,22:23
12406103,29584.4,male,187.0,6.3696052631578945,141.59736842105264,0.044983924024755144,28109.158823529415,51,12887.925841502603,1512.3142255829955,25:12
12420980,9628.4,male,189.0,6.55075,145.2,0.045115358126721766,7697.721428571429,14,3457.353440061559,1732.938528091297,28:52
12466397,30526.0,male,188.0,5.392428571428572,152.1142857142857,0.035449849737039824,23762.12,20,17880.65213792477,1321.7810918105115,22:01
12537176,28680.6,male,188.0,5.024193548387097,146.32580645161292,0.03433566279403011,34454.06440677966,59,15975.793320324075,1272.4448045894017,21:12
12555443,28012.9,male,190.0,5.916363636363636,153.4,0.03856821144956738,14943.85806451613,31,6286.10588651799,1567.2274286042248,26:07
12563086,44110.3,male,194.0,5.499866666666667,140.95333333333335,0.03901906068202241,25518.685185185186,27,16722.271115461645,1393.71947081615,23:13
12615249,24508.6,male,200.0,5.738333333333333,148.17499999999998,0.03872673078004612,18264.361764705885,34,10639.488405649412,1316.3282411676491,21:56
12635957,11293.8,male,187.0,7.244291666666666,150.26250000000002,0.048210908687574515,11759.880701754386,57,5277.902044015981,2003.3120524538053,33:23
12649708,15908.8,male,193.0,7.438909090909092,163.11818181818182,0.04560441397759572,13918.0,31,7891.079896989174,1901.2047790236425,31:41
12726303,40593.0,male,194.0,4.86204,158.024,0.030767731483825243,26942.737037037037,54,15720.496830142707,1270.5021685909019,21:10
12747276,20564.5,male,193.0,5.88222,150.224,0.0391563265523485,23246.79411764706,68,15477.458499117523,1425.87353778033,23:45
12753836,21191.4,female,192.0,6.903315789473685,161.31578947368422,0.042793800978792824,10613.142592592592,54,6998.322360060405,1890.6706095738396,31:30
12783742,34647.6,male,196.0,5.4683636363636365,147.4090909090909,0.037096515572001235,27343.992307692308,39,20412.180890693988,1335.6128166963142,22:15
12830822,27627.3,male,199.0,6.805000000000001,136.32727272727274,0.049916644438516934,14994.762857142856,35,10573.491332241758,1427.372249894217,23:47
12854825,11872.7,male,199.0,5.08125,161.39999999999998,0.031482342007434945,8290.215,20,3737.696863503964,1402.2026764209659,23:22
12908326,21506.1,male,171.0,6.621444444444445,145.35555555555555,0.04555343219691179,14686.913636363635,22,10760.740358238565,1717.43520536248,28:37
12913419,24095.6,male,199.0,6.3226097560975605,130.21951219512195,0.04855347443341449,21413.983333333334,72,9571.804312564487,1693.899130359203,28:13
12974391,26074.2,male,176.0,5.1997,133.14000000000001,0.03905437884933153,15403.260869565218,23,13149.59379299117,1428.8016998189285,23:48
12988738,19792.2,male,195.0,5.861625,157.85,0.03713414634146342,17455.145454545454,22,9645.256580690806,1602.8921673419618,26:42
13005985,20978.6,male,193.0,5.4262999999999995,149.88,0.03620429677074993,18339.94,30,9104.801421970566,1482.4695866182783,24:42
13099479,28887.1,male,200.0,7.439826086956521,149.74347826086955,0.04968380709038646,12710.001428571428,70,8331.511637073647,1724.2421713463434,28:44
13149722,20907.4,male,188.0,6.98595,132.3,0.05280385487528344,16417.43333333333,42,11395.585769737645,1776.3931511182222,29:36
13165320,47960.0,male,190.0,4.903972972972973,138.55135135135134,0.03539462390761548,31373.976258992807,139,19325.75562473667,1093.9613610927793,18:13
13276532,25422.3,male,197.0,4.109,159.53333333333333,0.025756372753865442,24095.02666666667,15,12985.831274699067,987.9798958287977,16:27
13279851,41522.3,male,197.0,5.938961538461539,155.98846153846154,0.038073082328574606,9938.981609195402,87,6616.924521230225,1481.250242144241,24:41
13305991,19882.9,male,160.0,5.5665,139.89999999999998,0.0397891350964975,14141.233333333334,9,6488.880935107377,1331.3023909062179,22:11
13338915,42095.1,male,198.0,5.212677419354838,151.11290322580646,0.03449525029352118,44138.75454545455,44,22851.656759198268,1276.6828807056606,21:16
13369299,32244.1,male,193.0,5.856333333333333,154.43333333333334,0.037921433196632846,30223.285714285714,7,19455.380695960743,1496.388772519424,24:56
13372869,41979.1,male,187.0,5.1184375,154.23125,0.03318677310856263,31199.165714285715,35,16436.487534641852,1332.375477830865,22:12
13389154,33559.9,male,200.0,4.473578947368421,147.89473684210526,0.030248398576512455,30304.91052631579,38,16487.303617940575,991.6195751715654,16:31
13406764,10085.7,male,195.0,6.381533333333333,163.94,0.038926029848318486,14944.93287671233,73,10007.97578598155,1797.8409426345306,29:57
13469928,42111.0,male,188.0,5.236000000000001,142.43666666666667,0.03676019751468489,23635.094202898552,69,17526.69255609421,1230.0156944441624,20:30
13560443,31736.1,male,198.0,5.844068965517241,147.74137931034483,0.03955607422102929,29160.826785714286,56,21012.142194217056,1437.5024938262463,23:57
13564468,21217.9,male,180.0,6.486555555555555,146.56666666666666,0.04425669016753847,8648.885294117646,34,5419.2573793012,1805.5613005695725,30:05
13577416,10314.1,male,180.0,5.662777777777778,155.92222222222222,0.0363179647972636,14425.735,20,9097.326314349903,1402.6702983158427,23:22
13619220,20641.2,male,188.0,7.029,145.77272727272728,0.04821889616463985,18364.14074074074,27,9571.560952403952,1781.9504294353253,29:41
13657138,22252.5,male,200.0,5.39458064516129,150.04516129032257,0.03595304639463388,33842.10862068966,58,14972.645281784202,1382.8978238420573,23:02
13668730,3404.3,female,197.0,7.634,124.73333333333333,0.06120256547300909,3155.777777777778,9,971.975714431407,2100.3505979351444,35:00
13681949,24803.1,female,167.0,7.41425,144.025,0.0514789099114737,15342.1,14,7302.1623284318475,1820.4017372916342,30:20
13693003,27507.7,male,200.0,4.926,152.704,0.03225848700754401,18511.644594594592,74,9781.83307879503,1307.5947638682715,21:47
13702299,28620.8,male,194.0,6.047999999999999,154.86666666666667,0.039052948773138176,15899.566666666668,9,11832.568817040532,1551.348754752576,25:51
13779308,7025.1,female,190.0,6.733333333333333,162.6,0.04141041410414104,5705.873333333334,15,3447.747341270543,1843.7276128820845,30:43
13831483,8154.9,female,193.0,7.221,159.03333333333333,0.04540557535107944,6493.966666666666,9,3126.843129259925,2027.6056151593893,33:47
13840816,29235.2,female,184.0,6.53425,161.9,0.04035978999382335,13866.189999999999,10,8188.9597249318285,1763.9393473115392,29:23
13859471,42220.2,male,194.0,5.916882352941177,149.41764705882352,0.03959962206212354,24612.99166666667,48,15992.90770028128,1492.2519409142656,24:52
14018941,14677.3,male,172.0,7.1335,142.9625,0.04989770044592113,26970.644444444442,9,10019.468899486528,1804.0402042672863,30:04
14039377,33090.6,female,186.0,5.833777777777778,135.10000000000002,0.04318118266304794,21164.586666666666,30,12992.153631319792,1483.2145157216837,24:43
14066832,10408.8,male,178.0,9.239714285714285,129.9142857142857,0.07112161864965912,10124.072,25,5515.66371093271,2291.5292405845175,38:11
14083711,15400.1,male,197.0,5.765538461538461,158.43846153846152,0.03638976549983007,11908.737142857142,35,6210.9760653826625,1379.445972052233,22:59
14111843,21035.2,male,185.0,6.5249999999999995,153.07142857142858,0.04262715818945403,16026.747826086958,23,9518.167365568457,1498.1837096940887,24:58
14176671,21397.2,male,189.0,6.128166666666666,156.75,0.039095162147793724,12147.394444444444,18,6924.895287844747,1598.416509306318,26:38
14204020,31332.9,male,191.0,7.075107142857143,143.73214285714286,0.049224251459808674,19173.592307692306,65,12716.721014258004,1628.7231782108781,27:08
14215655,24078.5,male,193.0,7.323857142857143,149.9857142857143,0.0488303647966473,15679.582608695653,23,9781.834696780474,1693.1378122079852,28:13
14244423,19972.6,male,195.0,5.29346875,135.2875,0.03912755243462995,22930.193750000002,48,14805.444223237844,1141.732518920887,19:01
14255438,17359.5,female,199.0,6.493333333333333,162.9288888888889,0.03985378761013666,17285.954545454544,88,10421.843734018516,1741.7570052365663,29:01
14370069,20623.4,male,184.0,5.958,141.7473684210526,0.04203252636269123,19599.52105263158,38,9416.768269197295,1462.5208327510932,24:22
14544270,41779.8,male,192.0,5.291951219512195,162.27317073170732,0.032611374977454456,30114.332432432435,74,17721.147044796995,1344.6872217487157,22:24
14671923,32394.7,male,200.0,6.084548387096775,158.86774193548385,0.03829945785701234,17410.62530120482,83,11157.569440189234,1324.8316509255883,22:04
14779650,20722.5,male,200.0,6.005428571428571,165.42857142857142,0.03630224525043178,7569.913043478261,46,5088.323943330507,1680.5692649212622,28:00
15279967,28612.0,male,197.0,5.875,147.9,0.03972278566599053,26453.3,11,9031.307800313309,1473.0606462562139,24:33
15326644,21327.1,male,185.0,4.973375,154.6625,0.032156308090196394,13733.528301886792,53,7399.513073334815,1356.9786051038236,22:36
15481421,11017.4,male,188.0,5.9068,151.19,0.039068721476288114,9684.860714285713,28,5910.28881329395,1463.4503828291242,24:23
k10305317,21066.8,female,182.8,6.459398599421135,161.48999999999998,0.039998752860369906,15665.955294117646,85,8532.095631043014,1678.7177213378939,27:58
k10446972,30031.7,male,172.4,5.220952433704899,143.80744680851063,0.0363051604737615,36974.28404907975,163,17640.660690336852,1243.8792125415541,20:43
k10825360,24009.2,male,198.4,5.879154334839623,168.88623853211007,0.03481132853652744,26123.899999999998,224,11891.8456817466,1437.3519235440237,23:57
k11088529,23795.0,female,180.0,5.681662136787707,148.3793103448276,0.03829147152378422,22427.803937007873,127,10329.658289577095,1464.3565429334772,24:24
k11284478,25555.9,male,180.8,6.379075469998346,151.95090909090908,0.0419811602850094,21144.91811594203,138,12384.247762221683,1442.9019446781558,24:02
k11348733,25679.0,female,171.7,5.9593095122427835,142.065,0.0419477669534564,19669.278531073447,177,11460.495689893138,1512.6663737623155,25:12
k11910984,14922.9,male,191.8,5.504512955826022,140.14285714285714,0.03927787022505826,18823.635294117645,17,11112.71522040975,1441.4782323975421,24:01
k12021072,38488.3,male,174.5,5.492057053161905,150.775,0.03642551519258435,23450.768992248064,129,16497.266246202536,1331.7876205717914,22:11
k12642956,28064.0,male,198.6,5.865615457369427,153.27647058823527,0.038268205386376125,23003.084705882353,85,14648.655491395675,1254.4311007658441,20:54
k12701438,20673.9,male,181.7,5.149433298515435,160.15405405405406,0.03215299999073039,21032.457303370786,89,12928.386957265502,1311.546198841915,21:51
k12740383,38768.0,female,196.3,5.961909898180816,148.32631578947368,0.04019455257449277,25311.600000000002,78,17042.26399710475,1434.1026883302259,23:54
k12902518,43499.1,male,174.0,5.190179823823993,146.37058823529412,0.03545917172567933,42929.27924528302,53,18097.763020843195,1097.4127302772458,18:17
k13275838,42538.9,male,185.3,5.447745359906145,135.78518518518518,0.04012032205484314,30299.6431372549,51,16024.683524503755,1157.7326547279504,19:17
k13435425,22003.7,male,179.2,4.2706498203086145,141.25,0.030234688993335323,12615.74,25,6747.891194600477,909.7225480387165,15:09
k13829937,42528.7,female,182.8,5.879267676940965,149.478125,0.039331960291453784,25862.58260869565,69,14950.403730206206,1455.6554152988538,24:15
k13881863,42413.3,male,180.8,5.315756283113084,141.67058823529413,0.037521946858047835,22530.49393939394,99,12222.032864828278,1286.9949297386338,21:26
k13892788,42465.7,male,167.6,5.3827391689976665,151.43636363636364,0.035544561687462076,24041.19827586207,58,15805.350434600407,1444.8630945063999,24:04
k14019837,42679.6,male,168.1,5.362960335803668,144.56511627906977,0.03709719518677633,22789.389908256882,109,13882.970455327933,1386.4818134450816,23:06
k14474051,21997.9,female,157.8,6.527580128604861,149.90588235294118,0.04354452291095693,19750.95238095238,42,11946.489940711908,1616.9602036844326,26:56
k14588097,42822.3,female,175.4,6.029643649842923,152.93818181818182,0.0394253650603168,34270.18260869565,92,11997.121337473747,1586.46163883054,26:26
k15002603,20028.9,female,180.5,6.4457507172442465,154.1264705882353,0.04182117901385501,13725.178021978021,91,7149.864201722098,1606.9995740829431,26:46
k15355766,29513.8,male,183.0,5.117262425746315,151.9756756756757,0.03367158858149662,22050.443434343433,99,11535.90915038565,1322.4567860130649,22:02
k15515123,25681.7,male,187.8,5.519884222719647,144.72203389830509,0.038141284184814744,34271.127368421054,95,17710.413703947957,1237.4940630041444,20:37
k15532293,21142.1,female,178.4,5.911677295962854,168.73181818181817,0.035035936669589395,16667.399999999998,68,8054.767280146177,1621.2008734191813,27:01
k15655281,42469.0,,190.3,5.981173749416425,151.32777777777778,0.03952462553305762,20340.194382022473,89,12861.478666689849,1427.9070491051677,23:47
k16021442,42335.6,male,184.2,5.1693292012889165,157.4388888888889,0.032833877562087756,34569.03265306123,98,15003.529163794086,1299.166787058153,21:39
k16378210,25713.0,male,176.3,5.811344350597358,146.91553398058252,0.03955568341306529,26464.7715,200,12146.449904426454,1454.3299909525153,24:14
k17199625,20582.0,male,184.5,5.74319576264276,145.57692307692307,0.03945127868658171,17680.08588235294,85,8647.372174982145,1239.331764225563,20:39
k17639804,32673.1,male,185.6,5.494800946939887,145.4568,0.03777617097956154,45829.98282208589,163,23547.862409725378,1355.2737652197259,22:35
k17666737,32766.4,male,181.2,5.741488639870474,148.33888888888887,0.03870521535435697,20611.64259259259,54,11755.619100758324,1207.2737294222295,20:07
k1776170,43048.9,male,190.4,5.537756246645458,156.02666666666667,0.03549237040663214,20319.67054263566,129,11116.020313433071,1363.3244633493705,22:43
k18042525,20514.8,male,173.9,5.804380445816487,141.93571428571428,0.04089443220845997,18308.10387596899,129,9067.511702306712,1283.6268759848615,21:23
k18223349,28195.1,male,189.8,5.266732789444619,147.9875,0.03558903819204067,34710.787681159425,138,15077.04310023015,1245.6825334855632,20:45
k18736169,30771.5,male,189.7,5.515326141240141,145.71222222222224,0.03785081345358146,41322.768548387096,124,22961.34267275123,1279.8888212126853,21:19
k18845906,21251.0,female,182.2,5.4161061904614325,145.2,0.03730100682135973,18161.95,30,8711.377697318881,1422.7889092710543,23:42
k19023831,42600.6,male,188.4,5.172270324660109,136.38045112781953,0.037925305876958235,49565.61543624161,149,21152.294731534275,1309.1574433966725,21:49
k19048091,23567.8,male,173.0,5.649356842612157,144.21142857142857,0.03917412717268802,20932.724468085107,94,12362.815530971728,1389.286840671816,23:09
k19741163,42288.0,male,187.7,5.210754386087067,152.9134328358209,0.03407649864012742,29599.605072463768,138,14780.726734048512,1308.7240057021681,21:48
k19905281,25693.9,female,194.0,5.6562205223353565,158.19333333333333,0.03575511308316,24862.817647058826,34,14604.852783245888,1359.7863684670122,22:39
k2013538,24771.1,male,176.6,5.555097630953834,147.36249999999998,0.0376968199572743,25326.5,53,13671.703899717051,1371.2442987477398,22:51
k20136629,33916.9,male,188.3,6.2166455393188,145.01372549019607,0.0428693595609961,26236.514423076922,104,12339.393218999503,1457.9415602883007,24:17
k20263706,41444.9,male,164.3,5.481041335339164,155.8,0.03517998289691376,16580.07777777778,9,11525.7147063401,1521.1644751129363,25:21
k20653961,42758.2,male,173.7,5.2267781683673284,123.37941176470589,0.04236345508224014,41095.082962962966,135,18665.78284436701,1219.320071046022,20:19
k2081128,23897.0,male,196.1,5.353153532481999,143.64615384615385,0.037266250360001064,25733.738655462184,238,13410.882772009289,1401.0423103792014,23:21
k21299972,29301.4,female,193.8,6.367230054250492,170.59545454545454,0.03732356217353943,15689.438738738738,111,9470.552698339794,1636.2737237880756,27:16
k2138770,28434.8,male,181.3,5.171232360501724,148.7625,0.0347616661490747,21441.414150943394,106,12274.277068176736,1258.0461313418443,20:58
k22353493,21249.0,male,191.4,4.692325126530767,157.2425,0.02984132868995829,23726.183950617284,81,18336.38039050686,1102.6087918184876,18:22
k22538702,42594.5,male,184.8,5.196975149788584,135.41875,0.03837707222809681,40011.329629629625,54,27005.433158558477,1296.1335164105637,21:36
k22559703,33206.0,male,199.6,4.674173047266829,159.09,0.02938068418672971,19143.676470588234,34,8000.20774393367,1037.3300444344118,17:17
k22835898,43411.3,female,187.0,5.957422278620663,148.47173913043477,0.04012495787758621,37994.029927007294,137,13170.301890474271,1542.5354570603356,25:42
k22843389,30432.4,female,185.4,5.999592267902852,160.812,0.03730811300091318,22324.3496124031,129,10680.901679685716,1511.7172860104781,25:11
k22866236,26264.1,male,186.3,5.623304080306134,152.7551724137931,0.03681252812227768,30340.3625,56,16450.672964168447,1361.3560664509864,22:41
k22891135,30400.3,male,180.4,5.217907891854108,150.94255319148937,0.034568832854142494,24414.74380952381,105,14196.781793873923,1334.9675501722056,22:14
k22972731,27688.3,female,165.7,8.949627505001796,146.4,0.061131335416678936,15192.527272727271,11,7979.197606412678,1516.9970886009626,25:16
k23729907,30974.8,male,176.1,6.446411528955003,141.54491525423728,0.04554322221590382,24201.81511111111,225,11930.426287664483,1600.238510909494,26:40
k24944587,18024.3,male,183.0,5.746894512044367,149.86818181818182,0.038346328368862356,20317.638596491226,57,11069.570676017243,1481.3291842764272,24:41
k25039796,14260.3,female,180.2,6.910932642473738,168.4,0.04103879241373953,11018.066666666668,87,5775.826971166355,1925.3265309069793,32:05
k25191153,25285.0,male,198.0,6.311170319071218,143.88135593220338,0.043863711724019545,30878.2303030303,99,17124.093339654362,1511.5373367652405,25:11
k25262730,31165.0,male,183.2,5.9169328371908865,167.225,0.035383063759550824,24166.325,40,11792.747408117697,1417.4031083848952,23:37
k25372889,28148.0,male,193.0,5.170109695845524,157.644,0.03279610829365865,27925.949999999997,52,13992.170686753892,1215.971632396576,20:15
k26367918,26899.0,male,174.7,5.766342396230093,154.9395348837209,0.037216727161067185,28631.61836734694,98,13260.50105190978,1306.4497171571418,21:46
k26534495,27000.0,female,189.8,7.0710968977126445,158.4322580645161,0.04463167402962333,29132.16964285714,56,18158.278427186968,1521.2448025643405,25:21
k26583329,24556.3,male,163.9,6.31953554984593,137.17857142857142,0.04606794985568499,32685.204166666666,24,16126.012421806043,1433.6752781896162,23:53
k26677270,21005.8,female,180.7,5.842110968530863,158.35142857142858,0.03689332657896184,22138.32839506173,81,9867.605568110666,1496.29039426286,24:56
k27279222,24000.3,male,183.7,6.476132431299193,162.66363636363636,0.03981303121013308,19100.18,25,11150.580063125266,1653.4604261885063,27:33
k27479582,9426.5,male,187.4,5.941057016682564,148.375,0.04004082235337869,8052.508333333334,12,5259.943467283194,1482.688421154013,24:42
k27655563,26110.5,male,180.3,4.566563006460211,143.99032258064514,0.0317143744427866,25552.233333333334,45,22665.53965880804,1025.0533468670144,17:05
k27679859,42554.7,male,167.4,6.119612068446067,131.06,0.04669320973940231,27652.464444444442,45,11070.86813225995,1597.7914452943546,26:37
k27950722,22489.0,female,190.3,6.681365280321151,153.275,0.04359070481370837,16532.19268292683,82,7334.1707601108055,1706.3441668363894,28:26
k29039974,42859.3,male,169.0,5.739131003032362,137.9,0.0416180638363478,29311.3225,40,14078.94417771533,1266.804895351813,21:06
k2913078,27084.5,female,184.4,5.886784786593857,153.44473684210524,0.038364201390963075,18625.590909090908,110,9121.106024008326,1380.8604724876996,23:00
k31787106,21075.9,male,183.1,5.056306912638472,152.02222222222224,0.0332603144377622,49617.88846153847,26,18699.127356137815,1186.0370563774268,19:46
k31889836,24188.4,male,142.7,5.050850624746322,119.74615384615385,0.0421796480514564,22468.194915254237,59,10866.941223482756,1305.9977925075952,21:45
k31945236,15104.9,female,181.7,6.211355802292211,162.7875,0.03815622085413321,11699.245161290322,31,6124.413032764241,1594.004750477942,26:34
k32507764,22306.0,male,170.3,5.335339610421632,145.425,0.03668791205378464,18534.382051282053,39,7662.543971364237,1411.1926628934464,23:31
k34460713,22159.0,male,192.4,5.516508332385489,152.69024390243902,0.036128754473077174,22102.743956043956,91,11081.521386366172,1332.6920539028274,22:12
k3460571,24618.9,male,178.0,5.354910286813353,140.39402985074625,0.03814200854912556,20365.68895348837,172,12701.740294809126,1328.3314434653341,22:08
k34669133,25458.6,male,176.9,5.752277234009565,131.09591836734694,0.04387838542685192,36408.33625,80,12231.926041702589,1500.0668532183968,25:00
k3539760,41075.2,male,192.4,5.74173610664228,147.0245283018868,0.03905291295920856,19953.97925925926,135,10326.648417096074,1420.294067343216,23:40
k35538376,16035.1,male,178.8,5.575429355073333,149.19166666666666,0.03737091675187399,16643.91515151515,33,7340.257583402694,1357.0226367900639,22:37
k3573750,42991.5,male,178.6,5.680867595230327,128.04126984126984,0.04436747309889057,38839.418666666665,225,18130.55206408972,1427.166219265999,23:47
k36259004,33253.3,male,174.3,5.489575269890388,155.52962962962962,0.03529600940324351,26887.140322580646,62,16404.75899926863,1214.6609446065513,20:14
k36288626,20003.3,female,188.2,6.402403351072521,154.82666666666668,0.04135207124788486,20380.915789473685,38,10598.820129555124,1666.572362834085,27:46
k37124981,15188.8,female,180.5,6.943921935449052,164.1727272727273,0.04229644016276625,13985.196551724139,29,6499.597497069818,1755.1322745661184,29:15
k37580157,21145.5,female,173.7,6.631712610519427,155.41111111111113,0.04267206226830259,14000.204545454546,22,8168.478710289605,1793.5097062164825,29:53
k39076296,16786.0,male,174.4,5.365219429615876,161.22,0.03327887005096065,14346.57142857143,14,10531.876846867439,1412.1223104994456,23:32
k39963418,17006.1,male,150.1,5.528494367382428,141.825,0.03898109901203898,9871.553846153845,26,4972.081404983693,1530.5666315173678,25:30
k45799771,25085.9,male,174.2,5.273389115472052,143.76923076923077,0.03667953905892813,36478.436842105264,19,12455.943248515303,1306.216924021772,21:46
k5035018,42531.1,female,186.8,5.514638485354313,161.30444444444444,0.03418776528041441,35017.72066666666,150,17628.70608924488,1241.248710712398,20:41
k5151970,30055.9,male,170.9,5.3566031049991985,146.23835616438356,0.036629262291337235,40819.42660550459,109,15025.783524918475,1259.0931521621912,20:59
k5421161,27207.2,male,191.5,4.780083029145643,141.93421052631578,0.033678159841945755,30350.638095238093,147,15104.729200087993,1129.343451289009,18:49
k5492554,25022.7,male,175.4,5.983472814245374,137.80555555555554,0.04341967774900897,25344.40238095238,42,15889.051972064597,1379.5131716743615,22:59
k5688059,34725.0,male,186.8,5.95123533710968,150.3506329113924,0.03958237635499,26522.394764397908,191,15166.933981564316,1477.5030200951924,24:37
k5861500,21017.9,male,179.8,5.632871649618834,147.93174603174603,0.038077503988968156,15132.492682926828,164,8024.2235335429905,1328.1946023182377,22:08
k6215611,27159.4,male,190.9,5.1108619840345435,153.33614457831325,0.033331097492308975,24887.333136094672,169,12830.112490764883,1217.616328267352,20:17
k6367873,24763.8,male,186.5,4.974967335778492,149.65338983050847,0.033243265263907106,35086.42272727272,154,19436.855487834702,1144.0438590184472,19:04
k6583234,23239.0,male,172.9,5.557983161725244,144.5,0.03846355129221622,14176.711764705882,17,6893.653957797195,1388.6650583075125,23:08
k7191483,41457.7,male,180.3,5.356254218206595,159.0090909090909,0.03368520747828743,15684.002499999999,40,8150.112311212539,1407.5322063065746,23:27
k771514,13110.3,male,185.0,5.709265431072621,158.8125,0.0359497232967973,13202.595454545457,22,9224.691680044549,1356.1759042543613,22:36
k7947798,30018.2,male,177.4,4.6992689326042525,139.43493975903615,0.03370223374948397,33962.95911949685,159,18861.450387520923,1167.3369185022773,19:27
k8180382,39995.7,male,188.8,4.714954392825452,156.42058823529413,0.03014279926970373,23335.462499999998,88,16664.423318184705,1155.7547468930406,19:15
k8684584,22172.4,male,183.5,5.782600999923932,146.9235294117647,0.03935789606386149,15814.722222222223,54,10616.33154960766,1350.3580503034173,22:30
