Activity ID,Activity Date,Activity Name,Activity Type,Activity Description,Elapsed Time,Distance,Max Heart Rate,Relative Effort,Commute,Activity Private Note,Activity Gear,Filename,Athlete Weight,Bike Weight,Elapsed Time,Moving Time,Distance,Max Speed,Average Speed,Elevation Gain,Elevation Loss,Elevation Low,Elevation High,Max Grade,Average Grade,Average Positive Grade,Average Negative Grade,Max Cadence,Average Cadence,Max Heart Rate,Average Heart Rate,Max Watts,Average Watts,Calories,Max Temperature,Average Temperature,Relative Effort,Total Work,Number of Runs,Uphill Time,Downhill Time,Other Time,Perceived Exertion,Type,Start Time,Weighted Average Power,Power Count,Prefer Perceived Exertion,Perceived Relative Effort,Commute,Total Weight Lifted,From Upload,Grade Adjusted Distance,Weather Observation Time,Weather Condition,Weather Temperature,Apparent Temperature,Dewpoint,Humidity,Weather Pressure,Wind Speed,Wind Gust,Wind Bearing,Precipitation Intensity,Sunrise Time,Sunset Time,Moon Phase,Bike,Gear,Precipitation Probability,Precipitation Type,Cloud Cover,Weather Visibility,UV Index,Weather Ozone,Jump Count,Total Grit,Average Flow,Flagged,Average Elapsed Speed,Dirt Distance,Newly Explored Distance,Newly Explored Dirt Distance,Activity Count,Total Steps,Carbon Saved,Pool Length,Training Load,Intensity,Average Grade Adjusted Pace,Timer Time,Total Cycles,Recovery,With Pet,Competition,Long Run,For a Cause,With Kid,Downhill Distance,Total Sets,Total Reps,Media
19425123258,"Jul 22, 2026, 10:42:53 PM",Easy,Run,"",3907,12.01,174.0,17,false,,,activities/20545857316.fit.gz,,,3907.0,3650.0,12013.4,6.36,3.291,24.0,23.0,172.0,183.8,6.8,0.0,,,101.0,90.0,174.0,139.0,,280.0,668.0,,,17.0,1021959.0,,,,,,,,274.0,3909.0,,,0.0,,1.0,12091.1,,,,,,,,,,,,,,,,,,,,,,,,,,,3.075,0.0,,,,10840.0,0.0,,460.0,206.0,3.313,,,,,,,,,,,,""
19365204607,"Jul 18, 2026, 12:16:18 PM",Easy,Run,No more hills,3604,11.00,174.0,49,false,,,activities/20484724373.fit.gz,,,3604.0,3430.0,11004.9,4.6,3.208,36.0,33.0,3.8,17.0,11.8,0.0,,,95.0,91.0,174.0,155.0,,287.0,693.0,,,49.0,983784.0,,,,,,,,284.0,3605.0,,,0.0,,1.0,11134.2,,,,,,,,,,,,,,,,,,,,,,,,,,,3.054,0.0,,,,10304.0,0.0,,457.0,214.0,3.246,,,,,,,,,,,,""
19353449146,"Jul 17, 2026, 1:51:26 PM",Easy,Run,Holy elevation,4473,10.00,171.0,29,false,,,activities/20472753255.fit.gz,,,4473.0,3849.0,10002.1,5.36,2.599,90.0,82.0,15.0,55.4,11.7,0.0,,,123.0,81.0,171.0,143.0,,225.0,631.0,,,29.0,852503.0,,,,,,,,230.0,4415.0,,,0.0,,1.0,10142.1,,,,,,,,,,,,,,,,,,,,,,,,,,,2.236,0.0,,,,10198.0,0.0,,366.0,173.0,2.635,,,,,,,,,,,,""
19353443997,"Jul 16, 2026, 1:15:27 PM",Recovery,Run,"",1627,4.00,157.0,5,false,,,activities/20472747996.fit.gz,,,1627.0,1407.0,4000.0,4.78,2.843,0.0,0.0,,,0.0,0.0,,,91.0,75.0,157.0,114.0,,161.0,169.0,,,5.0,262145.0,,,,,,,,247.0,1628.0,,,0.0,,1.0,,,,,,,,,,,,,,,,,,,,,,,,,,,,2.459,0.0,,,,2898.0,0.0,,156.0,186.0,,,,,,,,,,,,,""
19317766261,"Jul 15, 2026, 1:05:52 AM",Night Weight Training,Weight Training,,2639,0,134.0,6,false,,,activities/20436493048.fit.gz,,,2639.0,2639.0,0.0,0.0,0.0,0.0,0.0,,,0.0,0.0,,,,,134.0,108.0,,,197.0,,,6.0,,,,,,,,,,,,,0.0,2676.2,1.0,,,,,,,,,,,,,,,,,,,,,,,,,,,,0.0,0.0,,,,,0.0,,,,,,188.0,,,,,,,,13,130,""
19317766441,"Jul 14, 2026, 10:57:46 PM",20x400 r90’,Run,Died quite hard on the last 5,6044,14.00,194.0,59,false,,,activities/20436493053.fit.gz,,,6044.0,4796.0,14008.2,6.26,2.921,107.0,109.0,173.0,187.0,48.6,0.0,,,118.0,80.0,194.0,148.0,,246.0,906.0,,,59.0,1133232.0,,,,,,,,266.0,5696.0,,,0.0,,1.0,14639.9,,,,,,,,,,,,,,,,,,,,,,,,,,,2.318,194.8,,,,11914.0,0.0,,632.0,200.0,3.053,,,,,,,,,,,,""
19307853080,"Jul 14, 2026, 12:22:13 AM",Easy,Run,"",3297,10.00,161.0,14,false,,,activities/20426433048.fit.gz,,,3297.0,3140.0,10005.3,4.4,3.186,32.0,29.0,177.2,187.6,10.9,0.0,,,93.0,88.0,161.0,136.0,,277.0,562.0,,,14.0,869363.0,,,,,,,,272.0,3299.0,,,0.0,,1.0,10104.7,,,,,,,,,,,,,,,,,,,,,,,,,,,3.035,0.0,,,,9182.0,0.0,,384.0,205.0,3.218,,,,,,,,,,,,""
19307852710,"Jul 12, 2026, 3:02:33 PM",Lunch Weight Training,Weight Training,,2613,0,132.0,4,false,,,activities/20426433011.fit.gz,,,2613.0,2613.0,0.0,0.0,0.0,0.0,0.0,,,0.0,0.0,,,,,132.0,94.0,,,175.0,,,4.0,,,,,,,,,,,,,0.0,0.0,1.0,,,,,,,,,,,,,,,,,,,,,,,,,,,,0.0,0.0,,,,,0.0,,,,,,208.0,,,,,,,,13,115,""
19283283822,"Jul 12, 2026, 1:41:52 PM",Recovery,Run,"",3540,9.62,172.0,23,false,,,activities/20401463136.fit.gz,,,3540.0,3311.0,9623.7,4.46,2.907,25.0,24.0,172.2,183.4,13.8,0.0,,,109.0,85.0,172.0,143.0,,250.0,599.0,,,23.0,825499.0,,,,,,,,254.0,3542.0,,,0.0,,1.0,9717.1,,,,,,,,,,,,,,,,,,,,,,,,,,,2.719,116.0,,,,9234.0,0.0,,358.0,191.0,2.935,,,,,,,,,,,,""
19275929657,"Jul 11, 2026, 11:57:59 PM",Evening Run,Run,Had to stop cuz of my stomach 😢😢😢,4150,9.01,170.0,16,false,,,activities/20393968490.fit.gz,,,4150.0,3522.0,9009.6,5.18,2.558,26.0,24.0,175.6,186.6,7.9,0.0,,,120.0,75.0,170.0,129.0,,207.0,489.0,,,16.0,726247.0,,,,,,,,238.0,3980.0,,,0.0,,1.0,9086.9,,,,,,,,,,,,,,,,,,,,,,,,,,,2.171,0.0,,,,8710.0,0.0,,354.0,179.0,2.58,,,,,,,,,,,,""
19258231484,"Jul 10, 2026, 10:02:33 AM",90’ XT,Ride,"",6201,29.05,153.0,16,false,,,activities/20375962668.fit.gz,,,6201.0,5561.0,29056.9,7.817,5.225,45.0,49.0,171.2,185.4,5.8,0.0,,,,,153.0,116.0,,,515.0,,,16.0,,,,,,,,,,,,,0.0,,1.0,,,,,,,,,,,,,,,,,,,,,,,,,,,,4.686,145.1,,,,,0.0,,,,,,,,,,,,,,,,""
19249718754,"Jul 9, 2026, 11:24:49 PM",Recovery,Run,"",2728,8.00,161.0,13,false,,ASICS Gel nimbus,activities/20367303692.fit.gz,,,2728.0,2689.0,8005.1,4.28,2.977,19.0,19.0,173.2,183.4,8.0,0.0,,,91.0,88.0,161.0,143.0,,258.0,493.0,,,13.0,694488.0,,,,,,,,256.0,2730.0,,,0.0,,1.0,8054.5,,,,,,,,,,,,,,,,32289355.0,,,,,,,,,,,2.934,0.0,,,,7846.0,0.0,,280.0,192.0,2.995,,,,,,,,,,,,""
19242909402,"Jul 8, 2026, 11:42:53 PM",Thresh 5x5,Run,Still out of shape 😢. Had to drop the last rep,5186,13.58,197.0,81,false,,Adidas Evo SL,activities/20360386401.fit.gz,,,5186.0,4346.0,13588.9,5.64,3.127,36.0,34.0,173.4,185.2,40.0,0.0,,,99.0,86.0,197.0,158.0,,264.0,865.0,,,81.0,1131545.0,,,,,,,,274.0,4915.0,,,0.0,,1.0,13698.8,,,,,,,,,,,,,,,,32289388.0,,,,,,,,,,,2.62,123.6,,,,11974.0,0.0,,579.0,206.0,3.152,,,,,,,,,,,,""
19222686938,"Jul 7, 2026, 11:31:53 PM",More jog,Run,"",3339,10.02,171.0,42,false,,ASICS Gel nimbus,activities/20339821872.fit.gz,,,3339.0,3291.0,10020.6,6.24,3.045,18.0,17.0,177.0,184.2,10.9,0.0,,,107.0,87.0,171.0,154.0,,257.0,635.0,,,42.0,844028.0,,,,,,,,261.0,3341.0,,,0.0,,1.0,10083.7,,,,,,,,,,,,,,,,32289355.0,,,,,,,,,,,3.001,0.0,,,,9490.0,0.0,,356.0,196.0,3.064,,,,,,,,,,,,""
19195112611,"Jul 5, 2026, 12:38:37 PM",Long,Run,"",8635,21.00,161.0,46,false,,ASICS Gel nimbus,activities/20311867085.fit.gz,,,8635.0,8337.0,21001.9,4.18,2.519,33.0,32.0,169.8,180.4,11.0,0.0,,,94.0,80.0,161.0,136.0,,206.0,1267.0,,,46.0,1712615.0,,,,,,,,231.0,8636.0,,,0.0,,1.0,21157.8,,,,,,,,,,,,,,,,32289355.0,,,,,,,,,,,2.432,402.3,,,,22052.0,0.0,,724.0,174.0,2.538,,,,,,,,,,,,""
19195109516,"Jul 3, 2026, 11:51:24 PM",Evening Weight Training,Weight Training,,2271,0,127.0,3,false,,,activities/20311864261.fit.gz,,,2271.0,2271.0,0.0,0.0,0.0,0.0,0.0,,,0.0,0.0,,,,,127.0,84.0,,,115.0,,,3.0,,,,,,,,,,,,,0.0,0.0,1.0,,,,,,,,,,,,,,,,,,,,,,,,,,,,0.0,0.0,,,,,0.0,,,,,,18.0,,,,,,,,2,9,""
19156981418,"Jul 2, 2026, 10:32:02 PM",suiiii 🇵🇹,Run,More jog,3773,10.00,171.0,22,false,,,activities/20273103065.fit.gz,,,3773.0,3272.0,10008.1,6.18,3.059,47.0,39.0,174.0,183.2,47.6,0.0,,,115.0,88.0,171.0,142.0,,267.0,592.0,,,22.0,872880.0,,,,,,,,254.0,3774.0,,,0.0,,1.0,10242.5,,,,,,,,,,,,,,,,,,,,,,,,,,,2.653,0.0,,,,9446.0,0.0,,382.0,191.0,3.13,,,,,,,,,,,,""
19138002987,"Jul 1, 2026, 10:47:24 AM",90’ XT,Ride,"",6818,29.75,147.0,15,false,,,activities/20253890904.fit.gz,,,6818.0,5575.0,29753.9,8.017,5.337,54.0,52.0,170.2,181.8,18.2,0.0,,,,,147.0,114.0,,,511.0,,,15.0,,,,,,,,,,,,,0.0,,1.0,,,,,,,,,,,,,,,,,,,,,,,,,,,,4.364,0.0,,,,,0.0,,,,,,,,,,,,,,,,""
19134331777,"Jul 1, 2026, 12:23:31 AM",Evening Run,Run,,3922,10.00,186.0,30,false,,,activities/20250163645.fit.gz,,,3922.0,3452.0,10002.5,5.62,2.898,27.0,30.0,172.0,186.0,12.1,0.0,,,98.0,87.0,186.0,145.0,,248.0,615.0,,,30.0,829465.0,,,,,,,,256.0,3924.0,,,0.0,,1.0,10111.6,,,,,,,,,,,,,,,,,,,,,,,,,,,2.55,0.0,,,,9460.0,0.0,,402.0,192.0,2.929,,,,,,,,,,,,""
19117595606,"Jun 30, 2026, 12:04:55 AM",Easy + 4 strides,Run,"",3447,9.01,165.0,14,false,,,activities/20233162920.fit.gz,,,3447.0,3039.0,9018.9,6.46,2.968,31.0,25.0,174.4,183.2,9.2,0.0,,,107.0,90.0,165.0,139.0,,250.0,529.0,,,14.0,757919.0,,,,,,,,243.0,3375.0,,,0.0,,1.0,9087.8,,,,,,,,,,,,,,,,,,,,,,,,,,,2.616,0.0,,,,8978.0,0.0,,313.0,183.0,2.99,,,,,,,,,,,,""
19105147816,"Jun 29, 2026, 12:03:33 AM",Long,Run,Procrastinate a bit and then tired legs,5244,16.00,166.0,64,false,,,activities/20220521872.fit.gz,,,5244.0,5189.0,16007.3,4.96,3.085,17.0,17.0,174.0,182.2,7.5,0.0,,,93.0,89.0,166.0,154.0,,265.0,1000.0,,,64.0,1377392.0,,,,,,,,264.0,5246.0,,,0.0,,1.0,16074.5,,,,,,,,,,,,,,,,,,,,,,,,,,,3.052,0.0,,,,15360.0,0.0,,572.0,198.0,3.098,,,,,,,,,,,,""
19101842426,"Jun 28, 2026, 4:34:40 PM",Lunch Ride,Ride,,4144,6.98,136.0,4,false,,,activities/20217146841.fit.gz,,,4144.0,1817.0,6987.1,5.625,3.845,8.0,14.0,173.4,182.0,27.8,-0.1,,,,,136.0,110.0,,,195.0,,,4.0,,,,,,,,,,,,,0.0,,1.0,,,,,,,,,,,,,,,,,,,,,,,,,,,,1.686,0.0,,,,,0.0,,,,,,,,,,,,,,,,""
19091941517,"Jun 27, 2026, 11:32:39 PM",Easy,Run,"",2524,8.00,167.0,23,false,,,activities/20207049696.fit.gz,,,2524.0,2520.0,8006.8,8.94,3.177,19.0,22.0,177.4,187.2,10.0,0.0,,,93.0,88.0,167.0,151.0,,277.0,497.0,,,23.0,699172.0,,,,,,,,277.0,2526.0,,,0.0,,1.0,8051.1,,,,,,,,,,,,,,,,,,,,,,,,,,,3.172,0.0,,,,7440.0,0.0,,303.0,208.0,3.195,,,,,,,,,,,,""
19091941419,"Jun 26, 2026, 11:30:14 PM",stomach issue 😢,Run,"",3559,10.02,172.0,20,false,,,activities/20207049756.fit.gz,,,3559.0,3477.0,10023.2,6.04,2.883,15.0,15.0,177.0,183.4,31.1,0.0,,,121.0,84.0,172.0,142.0,,242.0,607.0,,,20.0,840437.0,,,,,,,,251.0,3561.0,,,0.0,,1.0,10083.0,,,,,,,,,,,,,,,,,,,,,,,,,,,2.816,0.0,,,,9710.0,0.0,,352.0,189.0,2.9,,,,,,,,,,,,""
19079450645,"Jun 25, 2026, 10:54:20 PM",Back in Buf,Run,"",3691,10.00,157.0,12,false,,,activities/20194340855.fit.gz,,,3691.0,3086.0,10005.2,4.98,3.242,30.0,28.0,174.4,184.2,6.4,0.0,,,101.0,88.0,157.0,135.0,,281.0,544.0,,,12.0,867010.0,,,,,,,,268.0,3489.0,,,0.0,,1.0,10069.7,,,,,,,,,,,,,,,,,,,,,,,,,,,2.711,0.0,,,,9046.0,0.0,,394.0,202.0,3.263,,,,,,,,,,,,""
19079450550,"Jun 23, 2026, 12:26:41 PM",Easy,Run,"",2522,8.01,174.0,25,false,,,activities/20194340746.fit.gz,,,2522.0,2444.0,8012.6,6.28,3.278,58.0,55.0,20.6,53.8,8.1,0.0,,,101.0,89.0,174.0,151.0,,286.0,480.0,,,25.0,698530.0,,,,,,,,283.0,2523.0,,,0.0,,1.0,8095.7,,,,,,,,,,,,,,,,,,,,,,,,,,,3.177,0.0,,,,7184.0,0.0,,317.0,213.0,3.312,,,,,,,,,,,,""
19030410582,"Jun 22, 2026, 10:13:22 PM",World Cup,Walk,"",16999,6.01,,,false,,,activities/19030410582.gpx,,,16999.0,5313.0,6016.2,10.115,1.132,14.5,13.1,-0.4,6.4,41.7,0.0,,,,,,,,,,,,,,,,,,,,,,,,,0.0,,1.0,,,,,,,,,,,,,,,,,,,,,,,,,,,,0.354,0.0,,,,,0.0,,,,,,,,,,,,,,,,media/B4D494F8-EC64-4FBE-B12B-D77E6AA55E89.jpg
19079446102,"Jun 22, 2026, 6:46:28 PM",Afternoon Walk,Walk,,1387,1.69,127.0,2,false,,,activities/20194336208.fit.gz,,,1387.0,1199.0,1689.7,2.1,1.409,8.0,4.0,2.8,9.6,9.5,0.2,,,65.0,58.0,127.0,106.0,,,93.0,,,2.0,,,,,,,,,,,,,0.0,,1.0,,,,,,,,,,,,,,,,,,,,,,,,,,,,1.218,0.0,,,,2190.0,0.0,,,,,,,,,,,,,,,,""
19079446103,"Jun 21, 2026, 3:46:38 PM",Lunch Walk,Walk,,2612,2.77,109.0,3,false,,,activities/20194336228.fit.gz,,,2612.0,2012.0,2775.8,3.6,1.38,21.0,24.0,42.0,52.6,25.0,0.0,,,87.0,57.0,109.0,88.0,,,147.0,,,3.0,,,,,,,,,,,,,0.0,,1.0,,,,,,,,,,,,,,,,,,,,,,,,,,,,1.063,0.0,,,,3744.0,0.0,,,,,,,,,,,,,,,,""
18996907128,"Jun 20, 2026, 11:33:45 AM",Morning Run,Run,,2189,5.01,167.0,8,false,,,activities/20110516858.fit.gz,,,2189.0,1964.0,5009.1,4.64,2.55,25.0,25.0,25.0,39.2,15.4,-0.1,,,100.0,81.0,167.0,130.0,,216.0,303.0,,,8.0,414300.0,,,,,,,,232.0,2191.0,,,0.0,,1.0,5089.6,,,,,,,,,,,,,,,,,,,,,,,,,,,2.288,136.6,,,,5118.0,0.0,,184.0,174.0,2.591,,,,,,,,,,,,""
18996906799,"Jun 19, 2026, 10:17:06 PM",Evening Run,Run,,6073,17.00,167.0,50,false,,,activities/20110516560.fit.gz,,,6073.0,5603.0,17005.5,4.38,3.035,61.0,59.0,22.2,41.4,9.9,0.0,,,98.0,88.0,167.0,149.0,,261.0,1047.0,,,50.0,1463605.0,,,,,,,,255.0,6074.0,,,0.0,,1.0,17147.4,,,,,,,,,,,,,,,,,,,,,,,,,,,2.8,142.2,,,,16456.0,0.0,,621.0,192.0,3.06,,,,,,,,,,,,""
18978186392,"Jun 18, 2026, 10:59:54 PM",Easy,Run,"",3458,10.00,186.0,34,false,,,activities/20091505209.fit.gz,,,3458.0,3276.0,10004.6,5.5,3.054,51.0,52.0,27.2,44.8,16.8,-0.1,,,96.0,88.0,186.0,146.0,,273.0,608.0,,,34.0,895211.0,,,,,,,,268.0,3459.0,,,0.0,,1.0,10206.4,,,,,,,,,,,,,,,,,,,,,,,,,,,2.893,141.9,,,,9592.0,0.0,,391.0,202.0,3.116,,,,,,,,,,,,""
18954567240,"Jun 16, 2026, 11:07:13 PM",Evening Weight Training,Weight Training,"",1902,0,128.0,3,false,,,activities/20067576972.fit.gz,,,1902.0,1902.0,0.0,0.0,0.0,0.0,0.0,0.0,0.0,0.0,0.0,,,,,128.0,94.0,,,126.0,,,3.0,,,,,,,,,,,,,0.0,0.0,1.0,,,,,,,,,,,,,,,,,,,,,,,,,,,,0.0,0.0,,,,,0.0,,,,,,150.0,,0.0,,,,,,6,75,""
18954567093,"Jun 16, 2026, 9:53:51 PM",Afternoon Run,Run,,3079,10.03,182.0,47,false,,,activities/20067576854.fit.gz,,,3079.0,2970.0,10032.6,4.86,3.378,35.0,33.0,28.2,40.6,7.5,0.0,,,111.0,90.0,182.0,158.0,,294.0,606.0,,,47.0,870983.0,,,,,,,,294.0,3080.0,,,0.0,,1.0,10092.4,,,,,,,,,,,,,,,,,,,,,,,,,,,3.258,277.8,,,,8836.0,0.0,,417.0,221.0,3.398,,,,,,,,,,,,""
18954567089,"Jun 15, 2026, 9:16:34 PM",Afternoon Run,Run,,3028,7.98,177.0,17,false,,,activities/20067576810.fit.gz,,,3028.0,2676.0,7983.1,5.06,2.983,40.0,36.0,28.2,41.2,32.7,0.0,,,93.0,89.0,177.0,144.0,,260.0,497.0,,,17.0,692911.0,,,,,,,,249.0,3029.0,,,0.0,,1.0,8090.5,,,,,,,,,,,,,,,,,,,,,,,,,,,2.636,284.4,,,,7876.0,0.0,,294.0,187.0,3.023,,,,,,,,,,,,""
18954567017,"Jun 14, 2026, 10:45:50 PM",Evening Walk,Walk,"",6200,3.87,154.0,9,false,,,activities/20067576792.fit.gz,,,6200.0,2835.0,3870.2,4.283,1.365,34.0,33.0,16.0,35.8,28.6,0.0,,,65.0,57.0,154.0,123.0,,,249.0,,,9.0,,,,,,,,,,,,,0.0,,1.0,,,,,,,,,,,,,,,,,,,,,,,,,,,,0.624,0.0,,,,5126.0,0.0,,,,,,,,,,,,,,,,""
18954567364,"Jun 14, 2026, 7:25:50 PM",Afternoon Run,Run,,11933,20.22,185.0,69,false,,,activities/20067576834.fit.gz,,,11933.0,9828.0,20219.6,5.78,2.057,88.0,96.0,22.0,47.4,23.1,-0.1,,,122.0,68.0,185.0,141.0,,166.0,1227.0,,,69.0,1602579.0,,,,,,,,190.0,11230.0,,,0.0,,1.0,20483.0,,,,,,,,,,,,,,,,,,,,,,,,,,,1.694,123.5,,,,21828.0,0.0,,637.0,143.0,2.084,,,,,,,,,,,,""
18951498335,"Jun 12, 2026, 10:49:25 PM",Evening Run,Run,,5001,2.59,150.0,3,false,,,activities/20064457056.fit.gz,,,5001.0,1584.0,2594.1,4.46,1.638,5.0,13.0,26.8,43.6,7.8,-0.6,,,118.0,63.0,150.0,101.0,,115.0,139.0,,,3.0,175690.0,,,,,,,,150.0,1864.0,,,0.0,,1.0,2596.4,,,,,,,,,,,,,,,,,,,,,,,,,,,0.519,70.1,,,,3196.0,0.0,,65.0,113.0,1.639,,,,,,,,,,,,""
18884214176,"Jun 11, 2026, 9:52:52 PM",Easy,Run,"",4151,10.00,185.0,59,false,,,activities/19996137365.fit.gz,,,4151.0,3371.0,10005.4,4.62,2.968,49.0,36.0,28.2,42.8,11.2,0.0,,,112.0,86.0,185.0,158.0,,256.0,657.0,,,59.0,858645.0,,,,,,,,243.0,4153.0,,,0.0,,1.0,10109.0,,,,,,,,,,,,,,,,,,,,,,,,,,,2.41,829.7,,,,9538.0,0.0,,385.0,183.0,2.999,,,,,,,,,,,,""
18864887377,"Jun 9, 2026, 9:27:40 PM",Afternoon Run,Run,"",7143,11.09,194.0,43,false,,,activities/19976550382.fit.gz,,,7143.0,4770.0,11094.6,6.66,2.326,39.0,40.0,28.0,41.0,38.5,0.0,,,108.0,74.0,194.0,137.0,,195.0,686.0,,,43.0,880809.0,,,,,,,,230.0,5882.0,,,0.0,,1.0,11208.9,,,,,,,,,,,,,,,,,,,,,,,,,,,1.553,302.8,,,,11106.0,0.0,,488.0,173.0,2.35,,,,,,,,,,,,""
18864881604,"Jun 8, 2026, 9:04:05 PM",Not easy,Run,"",2739,8.00,182.0,38,false,,,activities/19976544676.fit.gz,,,2739.0,2524.0,7999.5,4.68,3.169,32.0,29.0,27.2,40.4,11.3,0.0,,,96.0,88.0,182.0,156.0,,276.0,508.0,,,38.0,696217.0,,,,,,,,268.0,2740.0,,,0.0,,1.0,8074.4,,,,,,,,,,,,,,,,,,,,,,,,,,,2.921,277.4,,,,7392.0,0.0,,309.0,202.0,3.199,,,,,,,,,,,,""
18864880304,"Jun 7, 2026, 9:53:42 PM",Afternoon Weight Training,Weight Training,,2733,0,114.0,3,false,,,activities/19976543499.fit.gz,,,2733.0,2733.0,0.0,0.0,0.0,0.0,0.0,0.0,0.0,0.0,0.0,,,,,114.0,72.0,,,93.0,,,3.0,,,,,,,,,,,,,0.0,0.0,1.0,,,,,,,,,,,,,,,,,,,,,,,,,,,,0.0,0.0,,,,,0.0,,,,,,172.0,,0.0,,,,,,9,86,""
18812315433,"Jun 6, 2026, 2:43:54 PM",Morning Run,Run,,4060,6.03,171.0,15,false,,,activities/19923002116.fit.gz,,,4060.0,3362.0,6034.6,3.9,1.795,24.0,18.0,21.4,36.6,11.8,0.2,,,100.0,64.0,171.0,131.0,,132.0,374.0,,,15.0,441765.0,,,,,,,,157.0,3538.0,,,0.0,,1.0,6103.5,,,,,,,,,,,,,,,,,,,,,,,,,,,1.486,0.0,,,,7066.0,0.0,,136.0,118.0,1.815,,,,,,,,,,,,""
18810409845,"Jun 6, 2026, 1:10:14 PM",Way out of shape,Run,Too hot also,1230,4.99,199.0,60,false,,,activities/19921067826.fit.gz,,,1230.0,1230.0,4995.0,6.06,4.061,21.0,16.0,20.6,30.8,10.6,0.1,,,101.0,91.0,199.0,184.0,,351.0,299.0,,,60.0,432248.0,,,,,,,,351.0,1231.0,,,0.0,,1.0,5042.1,,,,,,,,,,,,,,,,,,,,,,,,,,,4.061,0.0,,,,3692.0,0.0,,238.0,264.0,4.099,,,,,,,,,,,,""
18810409822,"Jun 6, 2026, 12:20:37 PM",Morning Run,Run,,699,2.00,173.0,10,false,,,activities/19921067882.fit.gz,,,699.0,603.0,2002.1,4.68,3.32,9.0,3.0,24.0,31.6,7.3,0.2,,,100.0,88.0,173.0,155.0,,292.0,122.0,,,10.0,176232.0,,,,,,,,266.0,700.0,,,0.0,,1.0,2025.3,,,,,,,,,,,,,,,,,,,,,,,,,,,2.864,346.4,,,,1760.0,0.0,,77.0,200.0,3.359,,,,,,,,,,,,""
18810401342,"Jun 5, 2026, 11:48:30 PM",Evening Walk,Walk,,2320,2.61,108.0,3,false,,,activities/19921059214.fit.gz,,,2320.0,2033.0,2616.0,2.517,1.287,14.0,8.0,26.4,40.8,41.4,0.3,,,121.0,54.0,108.0,95.0,,,138.0,,,3.0,,,,,,,,,,,,,0.0,,1.0,,,,,,,,,,,,,,,,,,,,,,,,,,,,1.128,153.1,,,,3654.0,0.0,,,,,,,,,,,,,,,,""
18810401783,"Jun 5, 2026, 10:42:33 PM",Evening Run,Run,,2093,5.00,170.0,9,false,,,activities/19921059647.fit.gz,,,2093.0,1815.0,5007.5,6.18,2.759,15.0,18.0,31.2,43.4,7.5,-0.2,,,100.0,85.0,170.0,136.0,,235.0,302.0,,,9.0,413041.0,,,,,,,,233.0,2094.0,,,0.0,,1.0,5027.8,,,,,,,,,,,,,,,,,,,,,,,,,,,2.392,69.7,,,,4894.0,0.0,,178.0,175.0,2.77,,,,,,,,,,,,""
18791458219,"Jun 4, 2026, 9:46:26 PM",Easy,Run,"",2990,8.00,179.0,26,false,,,activities/19901757201.fit.gz,,,2990.0,2700.0,8000.0,4.68,2.963,32.0,28.0,31.4,43.4,8.5,0.0,,,97.0,87.0,179.0,147.0,,256.0,500.0,,,26.0,686415.0,,,,,,,,249.0,2992.0,,,0.0,,1.0,8056.9,,,,,,,,,,,,,,,,,,,,,,,,,,,2.676,279.6,,,,7668.0,0.0,,290.0,187.0,2.984,,,,,,,,,,,,""
18791458216,"Jun 2, 2026, 9:49:45 PM",Afternoon Run,Run,,3104,8.00,171.0,17,false,,,activities/19901757195.fit.gz,,,3104.0,2670.0,8006.1,4.9,2.999,36.0,28.0,29.4,40.2,9.9,0.0,,,98.0,88.0,171.0,141.0,,263.0,481.0,,,17.0,701440.0,,,,,,,,250.0,3106.0,,,0.0,,1.0,8078.0,,,,,,,,,,,,,,,,,,,,,,,,,,,2.579,281.3,,,,7830.0,0.0,,304.0,188.0,3.025,,,,,,,,,,,,""
18748655257,"Jun 1, 2026, 9:56:31 PM",Easy,Run,"",3395,10.00,167.0,25,false,,,activities/19858199004.fit.gz,,,3395.0,3148.0,10005.0,4.62,3.178,42.0,36.0,28.6,41.4,8.5,0.0,,,94.0,88.0,167.0,145.0,,275.0,592.0,,,25.0,864857.0,,,,,,,,267.0,3396.0,,,0.0,,1.0,10101.8,,,,,,,,,,,,,,,,,,,,,,,,,,,2.947,278.4,,,,9228.0,0.0,,380.0,201.0,3.209,,,,,,,,,,,,""
18721746514,"May 30, 2026, 5:10:20 PM",Long,Run,Run 12km and then walk around Princeton,16525,21.63,194.0,76,false,,,activities/19830773139.fit.gz,,,16525.0,10267.0,21634.1,5.58,2.107,147.0,122.0,15.6,67.6,36.9,0.0,,,122.0,73.0,194.0,135.0,,185.0,1346.0,,,76.0,1719167.0,,,,,,,,213.0,11871.0,,,0.0,,1.0,22268.3,,,,,,,,,,,,,,,,,,,,,,,,,,,1.309,2260.5,,,,22438.0,0.0,,844.0,160.0,2.169,,,,,,,,,,,,""
18709755889,"May 29, 2026, 10:07:38 PM",Evening Run,Run,,3038,8.00,176.0,26,false,,,activities/19818546112.fit.gz,,,3038.0,2673.0,8000.5,4.38,2.993,32.0,28.0,30.0,41.8,10.1,0.0,,,98.0,89.0,176.0,150.0,,258.0,503.0,,,26.0,688834.0,,,,,,,,247.0,3039.0,,,0.0,,1.0,8079.2,,,,,,,,,,,,,,,,,,,,,,,,,,,2.633,275.0,,,,7846.0,0.0,,291.0,186.0,3.023,,,,,,,,,,,,""
18709755903,"May 27, 2026, 9:17:34 PM",Afternoon Run,Run,"",5222,10.03,182.0,22,false,,,activities/19818546052.fit.gz,,,5222.0,4283.0,10036.9,5.16,2.343,38.0,37.0,30.6,44.4,50.0,0.0,,,110.0,78.0,182.0,133.0,,197.0,607.0,,,22.0,799564.0,,,,,,,,219.0,5078.0,,,0.0,,1.0,10164.5,,,,,,,,,,,,,,,,,,,,,,,,,,,1.922,145.1,,,,10412.0,0.0,,383.0,165.0,2.373,,,,,,,,,,,,""
18668105963,"May 26, 2026, 9:37:01 PM",Afternoon Run,Run,,3321,8.01,163.0,20,false,,,activities/19776119485.fit.gz,,,3321.0,2777.0,8010.1,4.92,2.884,26.0,26.0,31.0,44.0,15.4,0.0,,,118.0,85.0,163.0,142.0,,246.0,490.0,,,20.0,682477.0,,,,,,,,241.0,3309.0,,,0.0,,1.0,8057.4,,,,,,,,,,,,,,,,,,,,,,,,,,,2.412,147.2,,,,7774.0,0.0,,301.0,181.0,2.901,,,,,,,,,,,,""
18655530359,"May 25, 2026, 11:01:03 PM",Recovery,Run,Terrible route,3790,8.00,183.0,16,false,,,activities/19763319660.fit.gz,,,3790.0,3248.0,8005.0,4.96,2.465,38.0,39.0,34.8,51.0,9.0,0.0,,,98.0,76.0,183.0,129.0,,203.0,475.0,,,16.0,651103.0,,,,,,,,220.0,3791.0,,,0.0,,1.0,8080.4,,,,,,,,,,,,,,,,,,,,,,,,,,,2.112,0.0,,,,8006.0,0.0,,287.0,165.0,2.488,,,,,,,,,,,,""
18641375865,"May 24, 2026, 9:36:56 PM",Easy,Run,"",3523,9.00,180.0,30,false,,,activities/19748882768.fit.gz,,,3523.0,3026.0,9004.6,4.62,2.976,33.0,25.0,30.2,42.2,8.7,0.0,,,115.0,87.0,180.0,147.0,,257.0,557.0,,,30.0,766981.0,,,,,,,,249.0,3525.0,,,0.0,,1.0,9068.6,,,,,,,,,,,,,,,,,,,,,,,,,,,2.556,618.2,,,,8476.0,0.0,,342.0,187.0,2.997,,,,,,,,,,,,""
18637183631,"May 24, 2026, 1:33:45 PM",Morning Walk,Walk,"",1875,1.40,,,false,,,activities/18637183631.gpx,,,1875.0,1019.0,1403.0,7.54,1.377,6.2,0.0,23.7,30.2,7.4,0.5,,,,,,,,,,,,,,,,,,,,,,,,,0.0,,1.0,,,,,,,,,,,,,,,,,,,,,,,,,,,,0.748,0.0,,,,,0.0,,,,,,,,,,,,,,,,""
18641375894,"May 22, 2026, 10:56:20 PM",Easy,Run,"",3483,10.00,165.0,17,false,,,activities/19748882823.fit.gz,,,3483.0,3307.0,10001.6,4.12,3.024,40.0,37.0,176.6,186.4,18.5,0.0,,,98.0,89.0,165.0,141.0,,262.0,588.0,,,17.0,865265.0,,,,,,,,256.0,3484.0,,,0.0,,1.0,10163.1,,,,,,,,,,,,,,,,,,,,,,,,,,,2.872,0.0,,,,9810.0,0.0,,357.0,192.0,3.073,,,,,,,,,,,,""
18641372858,"May 22, 2026, 4:21:33 PM",Lunch Ride,Ride,"",2361,4.51,133.0,2,false,,,activities/19748879756.fit.gz,,9.0,2361.0,1089.0,4517.4,7.22,4.148,15.0,13.0,174.2,182.4,33.3,0.1,,,,,133.0,108.0,,,107.0,,,2.0,,,,,,,,,,,,,0.0,,1.0,,,,,,,,,,,,,,,,,,,,,,,,,,,,1.913,0.0,,,,,0.0,,,,,,,,,,,,,,,,""
18597732777,"May 21, 2026, 1:35:00 PM",Recovery,Run,Got cramped in left calf 🥲,3826,8.00,156.0,12,false,,,activities/19704332586.fit.gz,,,3826.0,3086.0,8001.1,4.88,2.593,37.0,32.0,173.4,185.4,20.2,0.0,,,95.0,84.0,156.0,133.0,,223.0,487.0,,,12.0,686116.0,,,,,,,,229.0,3460.0,,,0.0,,1.0,8132.0,,,,,,,,,,,,,,,,,,,,,,,,,,,2.091,0.0,,,,8498.0,0.0,,284.0,172.0,2.635,,,,,,,,,,,,""
18589325027,"May 20, 2026, 10:57:53 PM",6x5’ tempo,Run,Feel pretty good,4540,13.00,183.0,66,false,,,activities/19695780332.fit.gz,,,4540.0,3867.0,13005.9,5.34,3.363,33.0,21.0,174.8,187.4,7.6,0.0,,,100.0,87.0,183.0,157.0,,290.0,785.0,,,66.0,1103250.0,,,,,,,,300.0,4277.0,,,0.0,,1.0,13104.6,,,,,,,,,,,,,,,,,,,,,,,,,,,2.865,0.0,,,,10928.0,0.0,,605.0,226.0,3.389,,,,,,,,,,,,""
18589325005,"May 19, 2026, 11:51:02 PM",Stop early,Run,Rain came at 2,2457,6.35,179.0,23,false,,,activities/19695780325.fit.gz,,,2457.0,2038.0,6357.7,5.08,3.12,50.0,57.0,169.8,191.2,33.7,-0.1,,,94.0,88.0,179.0,153.0,,270.0,394.0,,,23.0,550589.0,,,,,,,,256.0,2343.0,,,0.0,,1.0,6682.7,,,,,,,,,,,,,,,,,,,,,,,,,,,2.588,0.0,,,,5954.0,0.0,,240.0,192.0,3.279,,,,,,,,,,,,""
18554631124,"May 18, 2026, 12:23:27 PM",Not easy,Run,Still feel terrible,2942,8.00,179.0,43,false,,,activities/19660729569.fit.gz,,,2942.0,2480.0,8003.8,5.0,3.227,30.0,30.0,175.2,183.2,21.5,0.0,,,96.0,91.0,179.0,157.0,,275.0,500.0,,,43.0,681888.0,,,,,,,,257.0,2943.0,,,0.0,,1.0,8118.6,,,,,,,,,,,,,,,,,,,,,,,,,,,2.721,0.0,,,,7494.0,0.0,,304.0,193.0,3.274,,,,,,,,,,,,""
18554631603,"May 17, 2026, 2:07:56 PM",Morning Run,Run,"",7251,10.05,172.0,22,false,,,activities/19660729741.fit.gz,,,7251.0,5047.0,10052.5,4.6,1.992,39.0,44.0,171.4,180.6,34.4,0.0,,,93.0,70.0,172.0,119.0,,157.0,597.0,,,22.0,771009.0,,,,,,,,194.0,5504.0,,,0.0,,1.0,10297.4,,,,,,,,,,,,,,,,,,,,,,,,,,,1.386,3.1,,,,11210.0,0.0,,325.0,146.0,2.04,,,,,,,,,,,,""
18533302975,"May 16, 2026, 5:28:00 PM",Should eat more,Run,Tired legs,2188,6.01,177.0,33,false,,,activities/19639090840.fit.gz,,,2188.0,1950.0,6017.3,4.38,3.086,10.0,14.0,171.4,181.8,8.1,-0.1,,,93.0,88.0,177.0,157.0,,271.0,389.0,,,33.0,527521.0,,,,,,,,263.0,2171.0,,,0.0,,1.0,6049.2,,,,,,,,,,,,,,,,,,,,,,,,,,,2.75,0.0,,,,5732.0,0.0,,236.0,198.0,3.102,,,,,,,,,,,,""
18523923009,"May 16, 2026, 12:15:30 AM",Not easy,Run,Tired legs cuz of morning hoops,3659,10.00,158.0,23,false,,,activities/19629590854.fit.gz,,,3659.0,3343.0,10005.4,3.9,2.993,27.0,26.0,176.4,187.0,9.7,0.0,,,94.0,89.0,158.0,147.0,,258.0,616.0,,,23.0,864366.0,,,,,,,,249.0,3661.0,,,0.0,,1.0,10081.2,,,,,,,,,,,,,,,,,,,,,,,,,,,2.734,0.0,,,,9860.0,0.0,,356.0,187.0,3.016,,,,,,,,,,,,""
18498282512,"May 14, 2026, 12:33:13 AM",Easy,Run,"",2740,8.00,195.0,20,false,,,activities/19603726565.fit.gz,,,2740.0,2719.0,8005.6,4.86,2.944,10.0,12.0,173.4,181.8,10.3,0.0,,,97.0,89.0,195.0,143.0,,253.0,494.0,,,20.0,688129.0,,,,,,,,253.0,2741.0,,,0.0,,1.0,8081.3,,,,,,,,,,,,,,,,,,,,,,,,,,,2.922,0.0,,,,8072.0,0.0,,275.0,190.0,2.972,,,,,,,,,,,,""
18481917176,"May 12, 2026, 4:32:40 PM",Not easy,Run,Hot,2782,8.00,192.0,48,false,,,activities/19587230534.fit.gz,,,2782.0,2638.0,8006.3,5.5,3.035,25.0,26.0,173.8,184.2,13.8,0.0,,,121.0,88.0,192.0,160.0,,259.0,534.0,,,48.0,682863.0,,,,,,,,261.0,2784.0,,,0.0,,1.0,8104.0,,,,,,,,,,,,,,,,,,,,,,,,,,,2.878,0.0,,,,7634.0,0.0,,297.0,196.0,3.072,,,,,,,,,,,,""
18481916634,"May 7, 2026, 10:12:13 PM",Evening Run,Run,,2705,8.01,164.0,14,false,,,activities/19587230013.fit.gz,,,2705.0,2695.0,8011.7,6.04,2.973,19.0,15.0,176.8,187.6,8.6,0.0,,,99.0,89.0,164.0,143.0,,254.0,495.0,,,14.0,685454.0,,,,,,,,255.0,2706.0,,,0.0,,1.0,8064.1,,,,,,,,,,,,,,,,,,,,,,,,,,,2.962,9.7,,,,7998.0,0.0,,276.0,192.0,2.992,,,,,,,,,,,,""
18385930115,"May 4, 2026, 9:15:37 PM",Not easy,Run,"",2883,9.00,189.0,49,false,,,activities/19490354046.fit.gz,,,2883.0,2649.0,9006.3,4.36,3.4,35.0,33.0,176.8,184.4,18.6,0.0,,,95.0,89.0,189.0,159.0,,295.0,554.0,,,49.0,780836.0,,,,,,,,285.0,2884.0,,,0.0,,1.0,9180.8,,,,,,,,,,,,,,,,,,,,,,,,,,,3.124,0.0,,,,7892.0,0.0,,367.0,214.0,3.466,,,0.0,0.0,,,,0.0,,,,""
18371751812,"May 3, 2026, 10:47:25 PM",Evening Run,Run,Right hamstring still feel like shit,3793,9.04,180.0,30,false,,,activities/19476054368.fit.gz,,,3793.0,2997.0,9046.7,4.14,3.019,44.0,43.0,175.0,183.4,29.7,0.0,,,119.0,90.0,180.0,150.0,,259.0,572.0,,,30.0,776576.0,,,,,,,,242.0,3549.0,,,0.0,,1.0,9252.1,,,,,,,,,,,,,,,,,,,,,,,,,,,2.385,0.0,,,,8970.0,0.0,,326.0,182.0,3.087,,,0.0,0.0,,,,0.0,,,,""
18352642896,"May 2, 2026, 11:24:53 PM",Recovery,Run,"",1990,5.35,147.0,5,false,,,activities/19456675226.fit.gz,,,1990.0,1820.0,5357.4,3.92,2.944,20.0,18.0,179.6,186.8,11.7,0.0,,,104.0,92.0,147.0,120.0,,251.0,290.0,,,5.0,456453.0,,,,,,,,238.0,1991.0,,,0.0,,1.0,5409.6,,,,,,,,,,,,,,,,,,,,,,,,,,,2.692,0.0,,,,5518.0,0.0,,177.0,179.0,2.972,,,0.0,0.0,,,,0.0,,,,""
18338080265,"May 1, 2026, 8:14:22 PM",Afternoon Run,Run,,3392,6.59,182.0,18,false,,,activities/19441910404.fit.gz,,,3392.0,1863.0,6595.5,8.88,3.54,24.0,21.0,173.2,181.6,9.9,0.0,,,100.0,88.0,182.0,149.0,,310.0,375.0,,,18.0,578126.0,,,,,,,,287.0,2279.0,,,0.0,,1.0,6672.8,,,,,,,,,,,,,,,,,,,,,,,,,,,1.944,0.0,,,,5436.0,0.0,,295.0,216.0,3.582,,,,,,,,,,,,""
18324857210,"Apr 30, 2026, 9:02:09 PM",Wtf,Run,There is no way this is my fastest 5k in 2026,3816,11.00,188.0,72,false,,,activities/19428541175.fit.gz,,,3816.0,2962.0,11002.5,5.14,3.715,34.0,24.0,176.4,186.6,11.9,0.0,,,97.0,89.0,188.0,165.0,,323.0,656.0,,,72.0,954887.0,,,,,,,,300.0,3570.0,,,0.0,,1.0,11095.7,,,,,,,,,,,,,,,,,,,,,,,,,,,2.883,26.4,,,,8758.0,0.0,,505.0,226.0,3.746,,,0.0,0.0,,,,0.0,,,,""
18298504482,"Apr 28, 2026, 9:19:38 PM",Afternoon Run,Run,,2464,8.00,196.0,63,false,,,activities/19401985687.fit.gz,,,2464.0,2354.0,8005.7,4.46,3.401,29.0,27.0,173.6,186.4,10.3,0.0,,,93.0,87.0,196.0,167.0,,298.0,515.0,,,63.0,701107.0,,,,,,,,292.0,2465.0,,,0.0,,1.0,8101.8,,,,,,,,,,,,,,,,,,,,,,,,,,,3.249,0.0,,,,6824.0,0.0,,330.0,220.0,3.442,,,,,,,,,,,,""
18272539074,"Apr 26, 2026, 8:55:36 PM",I’m way too out of shape,Run,"",4425,12.01,185.0,39,false,,,activities/19375838611.fit.gz,,,4425.0,4241.0,12011.6,6.3,2.832,34.0,38.0,166.8,181.0,25.5,0.0,,,119.0,83.0,185.0,146.0,,238.0,751.0,,,39.0,1004510.0,,,,,,,,249.0,4426.0,,,0.0,,1.0,12184.1,,,,,,,,,,,,,,,,,,,,,,,,,,,2.714,0.0,,,,11568.0,0.0,,430.0,187.0,2.873,,,0.0,0.0,,,,0.0,,,,""
18244124498,"Apr 24, 2026, 9:21:13 PM",Recovery,Run,"Still felt like shit
+ 1 mile walk for more",2497,5.00,156.0,5,false,,,activities/19347072178.fit.gz,,,2497.0,1709.0,5003.6,4.14,2.928,22.0,16.0,178.8,187.8,11.7,0.1,,,98.0,89.0,156.0,122.0,,261.0,283.0,,,5.0,446009.0,,,,,,,,241.0,2132.0,,,0.0,,1.0,5084.6,,,,,,,,,,,,,,,,,,,,,,,,,,,2.004,0.0,,,,5046.0,0.0,,194.0,181.0,2.975,,,0.0,0.0,,,,0.0,,,,""
18232706109,"Apr 23, 2026, 10:35:07 PM",Evening Run,Run,,2461,4.01,192.0,10,false,,,activities/19335552959.fit.gz,,,2461.0,1975.0,4011.1,7.22,2.031,10.0,7.0,178.8,185.8,10.2,0.0,,,103.0,79.0,192.0,138.0,,219.0,260.0,,,10.0,319704.0,,,,,,,,218.0,2462.0,,,0.0,,1.0,4059.3,,,,,,,,,,,,,,,,,,,,,,,,,,,1.63,0.0,,,,3660.0,0.0,,183.0,164.0,2.055,,,,,,,,,,,,""
18218298591,"Apr 22, 2026, 9:18:31 PM",Afternoon Run,Run,,3319,10.01,195.0,70,false,,,activities/19321044772.fit.gz,,,3319.0,2815.0,10009.2,4.58,3.556,26.0,22.0,179.2,187.8,8.4,0.0,,,96.0,88.0,195.0,166.0,,308.0,627.0,,,70.0,869148.0,,,,,,,,291.0,3321.0,,,0.0,,1.0,10088.9,,,,,,,,,,,,,,,,,,,,,,,,,,,3.016,24.7,,,,8234.0,0.0,,442.0,219.0,3.584,,,,,,,,,,,,""
18206662544,"Apr 21, 2026, 11:27:16 PM",Copying route ty,Run,Got lost a bit at chestnut,2551,8.00,187.0,28,false,,,activities/19309339715.fit.gz,,,2551.0,2475.0,8006.6,5.78,3.235,20.0,17.0,177.6,188.6,8.3,0.0,,,96.0,89.0,187.0,153.0,,281.0,497.0,,,28.0,695373.0,,,,,,,,275.0,2553.0,,,0.0,,1.0,8057.0,,,,,,,,,,,,,,,,,,,,,,,,,,,3.139,0.0,,,,7312.0,0.0,,303.0,207.0,3.255,,,0.0,0.0,,,,0.0,,,,""
18206662428,"Apr 20, 2026, 9:17:54 PM",Afternoon Ride,Ride,,1801,0,114.0,3,false,,,activities/19309339686.fit.gz,,9.0,1801.0,1801.0,0.0,0.0,0.0,0.0,0.0,0.0,0.0,0.0,0.0,,,,,114.0,94.0,,,123.0,,,3.0,,,,,,,,,,,,,0.0,,1.0,,,,,,,,,,,,,,,,,,,,,,,,,,,,0.0,0.0,,,,,0.0,,,,,,,0.0,0.0,,,,0.0,,,,""
18150110947,"Apr 17, 2026, 9:40:18 PM",Afternoon Run,Run,,767,2.00,174.0,4,false,,,activities/19252264994.fit.gz,,,767.0,565.0,2006.9,6.2,3.552,4.0,2.0,181.6,185.4,7.0,0.1,,,120.0,88.0,174.0,142.0,,305.0,110.0,,,4.0,172770.0,,,,,,,,258.0,768.0,,,0.0,,1.0,2019.5,,,,,,,,,,,,,,,,,,,,,,,,,,,2.617,0.0,,,,1648.0,0.0,,80.0,194.0,3.574,,,,,,,,,,,,""
18149941452,"Apr 16, 2026, 10:01:19 PM",Easy,Run,"",2525,8.00,165.0,14,false,,,activities/19252094695.fit.gz,,,2525.0,2525.0,8000.0,3.96,3.168,0.0,0.0,0.0,0.0,0.0,0.0,,,95.0,85.0,165.0,142.0,,231.0,435.0,,,14.0,582911.0,,,,,,,,241.0,2526.0,,,0.0,,1.0,6759.8,,,,,,,,,,,,,,,,,,,,,,,,,,,3.168,0.0,,,,6722.0,0.0,,230.0,181.0,,,,0.0,0.0,,,,0.0,,,,""
18149941292,"Apr 15, 2026, 9:16:55 PM",Afternoon Run,Run,,2502,6.06,160.0,8,false,,,activities/19252094596.fit.gz,,,2502.0,2088.0,6064.3,4.34,2.904,17.0,11.0,179.0,186.0,10.6,0.0,,,94.0,89.0,160.0,133.0,,247.0,352.0,,,8.0,515626.0,,,,,,,,227.0,2503.0,,,0.0,,1.0,6118.5,,,,,,,,,,,,,,,,,,,,,,,,,,,2.424,0.0,,,,6146.0,0.0,,202.0,171.0,2.93,,,,,,,,,,,,""
18111867712,"Apr 14, 2026, 9:17:24 PM",Workout,Run,4x800 400 2x200,4620,9.00,196.0,37,false,,,activities/19213730032.fit.gz,,,4620.0,2957.0,9005.7,8.52,3.046,44.0,43.0,175.8,183.4,30.6,0.0,,,113.0,88.0,196.0,154.0,,294.0,572.0,,,37.0,741598.0,,,,,,,,270.0,3889.0,,,0.0,,1.0,9226.0,,,,,,,,,,,,,,,,,,,,,,,,,,,1.949,0.0,,,,7156.0,0.0,,445.0,203.0,3.12,,,0.0,0.0,,,,0.0,,,,""
18111867760,"Apr 13, 2026, 8:34:29 PM",Afternoon Run,Run,,3306,8.00,190.0,24,false,,,activities/19213730079.fit.gz,,,3306.0,3001.0,8004.7,4.58,2.667,45.0,48.0,174.4,185.2,21.9,-0.1,,,122.0,78.0,190.0,140.0,,221.0,502.0,,,24.0,661090.0,,,,,,,,241.0,3308.0,,,0.0,,1.0,8246.8,,,,,,,,,,,,,,,,,,,,,,,,,,,2.421,115.5,,,,7778.0,0.0,,301.0,181.0,2.748,,,,,,,,,,,,""
18061307999,"Apr 11, 2026, 5:49:41 AM",Night out with the the boys,Walk,"",750,1.36,,,false,,,activities/18061307999.gpx,,,750.0,732.0,1367.7,8.36,1.868,6.0,4.6,177.1,181.8,5.4,0.1,,,,,,,,,,,,,,,,,,,,,,,,,0.0,,1.0,,,,,,,,,,,,,,,,,,,,,,,,,,,,1.824,0.0,,,,,0.0,,,,,,,,,,,,,,,,""
18072189745,"Apr 10, 2026, 8:37:55 PM",Recovery,Run,"",1671,5.08,164.0,7,false,,,activities/19173695679.fit.gz,,,1671.0,1586.0,5087.3,5.22,3.208,18.0,13.0,177.6,185.2,6.2,0.0,,,117.0,88.0,164.0,139.0,,276.0,295.0,,,7.0,437143.0,,,,,,,,271.0,1673.0,,,0.0,,1.0,5124.6,,,,,,,,,,,,,,,,,,,,,,,,,,,3.044,0.0,,,,4594.0,0.0,,193.0,204.0,3.231,,,0.0,0.0,,,,0.0,,,,""
18046296603,"Apr 9, 2026, 8:08:14 PM",60,Ride,"",3682,0,143.0,10,false,,,activities/19147554041.fit.gz,,9.0,3682.0,3682.0,0.0,0.0,0.0,0.0,0.0,0.0,0.0,0.0,0.0,,,,,143.0,113.0,,,353.0,,,10.0,,,,,,,,,,,,,0.0,,1.0,,,,,,,,,,,,,,,,,,,,,,,,,,,,0.0,0.0,,,,,0.0,,,,,,,0.0,0.0,,,,0.0,,,,""
18044398738,"Apr 8, 2026, 9:07:12 PM",Workout,Run,4x1k thresh 2x400,4516,9.32,194.0,29,false,,,activities/19145651257.fit.gz,,,4516.0,2791.0,9319.8,6.8,3.339,19.0,11.0,177.0,184.6,50.0,0.0,,,106.0,90.0,194.0,150.0,,312.0,556.0,,,29.0,777287.0,,,,,,,,283.0,3524.0,,,0.0,,1.0,9399.8,,,,,,,,,,,,,,,,,,,,,,,,,,,2.064,0.0,,,,7298.0,0.0,,443.0,213.0,3.368,,,0.0,0.0,,,,0.0,,,,""
18005548415,"Apr 6, 2026, 8:55:50 PM",8 km easy + strides,Run,"",2913,8.45,171.0,14,false,,,activities/19106240809.fit.gz,,,2913.0,2811.0,8455.6,6.26,3.008,26.0,25.0,175.0,186.2,15.0,0.0,,,100.0,87.0,171.0,137.0,,261.0,505.0,,,14.0,733328.0,,,,,,,,257.0,2914.0,,,0.0,,1.0,8584.3,,,,,,,,,,,,,,,,,,,,,,,,,,,2.903,0.0,,,,8082.0,0.0,,301.0,193.0,3.054,,,0.0,0.0,,,,0.0,,,,""
17992972756,"Apr 5, 2026, 9:32:37 PM",90,Ride,+ core,5401,0,134.0,13,false,,,activities/19093540922.fit.gz,,9.0,5401.0,5401.0,0.0,0.0,0.0,0.0,0.0,0.0,0.0,0.0,0.0,,,,,134.0,106.0,,,432.0,,,13.0,,,,,,,,,,,,,0.0,,1.0,,,,,,,,,,,,,,,,,,,,,,,,,,,,0.0,0.0,,,,,0.0,,,,,,,0.0,0.0,,,,0.0,,,,""
17986694861,"Apr 4, 2026, 4:47:30 PM",Lunch Run,Run,,1847,5.00,161.0,11,false,,,activities/19087190102.fit.gz,,,1847.0,1773.0,5000.7,4.2,2.82,16.0,13.0,175.6,183.0,18.7,0.1,,,93.0,84.0,161.0,142.0,,245.0,314.0,,,11.0,433297.0,,,,,,,,246.0,1848.0,,,0.0,,1.0,5076.6,,,,,,,,,,,,,,,,,,,,,,,,,,,2.707,0.0,,,,4868.0,0.0,,175.0,185.0,2.863,,,,,,,,,,,,""
17968089605,"Apr 3, 2026, 9:18:45 PM",Workout,Run,9x400 2x200,4839,8.31,196.0,24,false,,,activities/19068368202.fit.gz,,,4839.0,3219.0,8316.1,7.44,2.583,67.0,68.0,170.8,182.4,32.4,0.0,,,110.0,90.0,196.0,146.0,,281.0,583.0,,,24.0,650913.0,,,,,,,,249.0,4182.0,,,0.0,,1.0,8716.4,,,,,,,,,,,,,,,,,,,,,,,,,,,1.719,0.0,,,,6406.0,0.0,,406.0,187.0,2.708,,,0.0,0.0,,,,0.0,,,,""
17968089475,"Apr 2, 2026, 9:51:19 PM",Afternoon Ride,Ride,,3601,0,143.0,9,false,,,activities/19068368234.fit.gz,,9.0,3601.0,3601.0,0.0,0.0,0.0,0.0,0.0,0.0,0.0,0.0,0.0,,,,,143.0,108.0,,,328.0,,,9.0,,,,,,,,,,,,,0.0,,1.0,,,,,,,,,,,,,,,,,,,,,,,,,,,,0.0,0.0,,,,,0.0,,,,,,,,,,,,,,,,""
17943555278,"Apr 1, 2026, 9:16:17 PM",Workout,Run,Idk,4826,8.00,195.0,25,false,,,activities/19043655832.fit.gz,,,4826.0,3054.0,8001.7,6.5,2.62,31.0,31.0,173.4,184.2,12.1,0.0,,,114.0,89.0,195.0,144.0,,283.0,534.0,,,25.0,639816.0,,,,,,,,254.0,3902.0,,,0.0,,1.0,8081.8,,,,,,,,,,,,,,,,,,,,,,,,,,,1.658,0.0,,,,6410.0,0.0,,395.0,191.0,2.646,,,0.0,0.0,,,,0.0,,,,""
17942823141,"Mar 30, 2026, 11:35:58 PM",Evening Run,Run,,2648,8.00,152.0,8,false,,,activities/19042924124.fit.gz,,,2648.0,2516.0,8003.9,5.1,3.181,22.0,21.0,176.8,185.4,11.5,0.0,,,98.0,88.0,152.0,124.0,,278.0,412.0,,,8.0,698944.0,,,,,,,,272.0,2650.0,,,0.0,,1.0,8076.9,,,,,,,,,,,,,,,,,,,,,,,,,,,3.023,0.0,,,,7314.0,0.0,,308.0,205.0,3.21,,,,,,,,,,,,""
17942823030,"Mar 29, 2026, 10:49:38 PM",Evening Ride,Ride,,4201,0,137.0,12,false,,,activities/19042924001.fit.gz,,9.0,4201.0,4201.0,0.0,0.0,0.0,0.0,0.0,0.0,0.0,0.0,0.0,,,,,137.0,117.0,,,413.0,,,12.0,,,,,,,,,,,,,0.0,,1.0,,,,,,,,,,,,,,,,,,,,,,,,,,,,0.0,0.0,,,,,0.0,,,,,,,,,,,,,,,,""
17896416976,"Mar 29, 2026, 7:01:22 AM",Night out from Grenier to rensch,Walk,"",1140,1.94,,,false,,,activities/17896416976.gpx,,,1140.0,1140.0,1944.7,3.26,1.706,8.2,3.5,176.5,181.8,6.2,0.3,,,,,,,,,,,,,,,,,,,,,,,,,0.0,,1.0,,,,,,,,,,,,,,,,,,,,,,,,,,,,1.706,0.0,,,,,0.0,,,,,,,,,,,,,,,,""
17942823115,"Mar 28, 2026, 8:51:42 PM",Afternoon Run,Run,,2140,5.00,173.0,12,false,,,activities/19042924002.fit.gz,,,2140.0,1828.0,5001.3,4.42,2.736,32.0,30.0,175.8,184.4,25.6,0.0,,,120.0,80.0,173.0,138.0,,230.0,307.0,,,12.0,422122.0,,,,,,,,232.0,2141.0,,,0.0,,1.0,5195.5,,,,,,,,,,,,,,,,,,,,,,,,,,,2.337,0.0,,,,4820.0,0.0,,180.0,174.0,2.842,,,,,,,,,,,,""
17883187145,"Mar 27, 2026, 10:53:01 PM",Easy,Run,Sleep too much,3588,10.00,160.0,16,false,,,activities/18982748112.fit.gz,,,3588.0,3276.0,10008.3,4.3,3.055,24.0,22.0,174.8,181.8,16.2,0.0,,,94.0,89.0,160.0,139.0,,264.0,587.0,,,16.0,867184.0,,,,,,,,256.0,3590.0,,,0.0,,1.0,10086.9,,,,,,,,,,,,,,,,,,,,,,,,,,,2.789,117.7,,,,9652.0,0.0,,368.0,192.0,3.079,,,0.0,0.0,,,,0.0,,,,""
17883187024,"Mar 27, 2026, 12:26:00 AM",Evening Ride,Ride,,3900,0,130.0,10,false,,,activities/18982748031.fit.gz,,9.0,3900.0,3900.0,0.0,0.0,0.0,0.0,0.0,0.0,0.0,0.0,0.0,,,,,130.0,112.0,,,339.0,,,10.0,,,,,,,,,,,,,0.0,,1.0,,,,,,,,,,,,,,,,,,,,,,,,,,,,0.0,0.0,,,,,0.0,,,,,,,,,,,,,,,,""
17855128207,"Mar 24, 2026, 9:03:46 PM",4x1k,Run,I’m cooked,4098,8.01,202.0,36,false,,,activities/18954636271.fit.gz,,,4098.0,2734.0,8014.7,5.24,2.931,27.0,26.0,176.0,183.6,21.4,0.0,,,98.0,84.0,202.0,151.0,,255.0,517.0,,,36.0,662201.0,,,,,,,,266.0,3352.0,,,0.0,,1.0,8159.5,,,,,,,,,,,,,,,,,,,,,,,,,,,1.956,0.0,,,,7212.0,0.0,,372.0,200.0,2.984,,,0.0,0.0,,,,0.0,,,,""
17835732922,"Mar 23, 2026, 8:43:34 PM",Easy,Run,"",3420,8.00,161.0,12,false,Drills ,,activities/18935150689.fit.gz,,,3420.0,2695.0,8006.4,3.967,2.971,33.0,31.0,175.6,187.8,25.9,0.0,,,100.0,90.0,161.0,139.0,,256.0,481.0,,,12.0,688560.0,,,,,,,,243.0,3077.0,,,0.0,,1.0,8133.4,,,,,,,,,,,,,,,,,,,,,,,,,,,2.341,0.0,,,,8020.0,0.0,,285.0,183.0,3.018,,,0.0,0.0,,,,0.0,,,,""
17796775162,"Mar 20, 2026, 11:35:54 PM",FLL,Walk,"",253,0.29,,,false,,,activities/17796775162.gpx,,,253.0,253.0,294.8,2.952,1.165,0.0,0.0,2.0,2.5,0.9,0.2,,,,,,,,,,,,,,,,,,,,,,,,,0.0,,1.0,,,,,,,,,,,,,,,,,,,,,,,,,,,,1.165,0.0,,,,,0.0,,,,,,,,,,,,,,,,""
17835732874,"Mar 20, 2026, 5:30:35 PM",Afternoon Walk,Walk,"",2259,1.46,121.0,2,false,,,activities/18935150656.fit.gz,,,2259.0,1118.0,1463.4,1.733,1.309,18.0,14.0,4.2,10.8,37.9,0.4,,,62.0,57.0,121.0,109.0,,,81.0,,,2.0,,,,,,,,,,,,,0.0,,1.0,,,,,,,,,,,,,,,,,,,,,,,,,,,,0.648,0.0,,,,2028.0,0.0,,,,,,,0.0,0.0,,,,0.0,,,,""
17835732888,"Mar 19, 2026, 8:35:24 PM",Afternoon Walk,Walk,"",1178,0.61,98.0,0,false,,,activities/18935150649.fit.gz,,,1178.0,540.0,612.9,1.633,1.135,7.0,10.0,-2.0,4.8,33.3,-0.7,,,65.0,54.0,98.0,87.0,,,36.0,,,0.0,,,,,,,,,,,,,0.0,,1.0,,,,,,,,,,,,,,,,,,,,,,,,,,,,0.52,0.0,,,,898.0,0.0,,,,,,,0.0,0.0,,,,0.0,,,,""
17780564878,"Mar 19, 2026, 12:27:09 PM",Recovery,Run,"",2314,6.00,184.0,24,false,,,activities/18879544300.fit.gz,,,2314.0,2030.0,6006.0,5.7,2.959,6.0,7.0,-0.8,5.8,8.7,0.0,,,97.0,87.0,184.0,153.0,,253.0,387.0,,,24.0,511868.0,,,,,,,,242.0,2316.0,,,0.0,,1.0,6043.4,,,,,,,,,,,,,,,,,,,,,,,,,,,2.596,0.0,,,,5840.0,0.0,,213.0,182.0,2.977,,,0.0,0.0,,,,0.0,,,,""
17775872416,"Mar 19, 2026, 7:51:51 AM",Night out alone in Miami,Walk,"",883,1.26,,,false,,,activities/17775872416.gpx,,,883.0,865.0,1260.5,4.767,1.457,0.0,0.0,1.4,2.0,2.7,0.0,,,,,,,,,,,,,,,,,,,,,,,,,0.0,,1.0,,,,,,,,,,,,,,,,,,,,,,,,,,,,1.428,0.0,,,,,0.0,,,,,,,,,,,,,,,,""
17768613596,"Mar 18, 2026, 3:48:48 PM",Umiami,Walk,"",3243,3.76,,,false,,,activities/17768613596.gpx,,,3243.0,2907.0,3760.7,11.256,1.294,2.7,0.0,1.6,4.4,2.7,0.0,,,,,,,,,,,,,,,,,,,,,,,,,0.0,,1.0,,,,,,,,,,,,,,,,,,,,,,,,,,,,1.16,15.9,,,,,0.0,,,,,,,,,,,,,,,,""
17766656402,"Mar 18, 2026, 12:19:08 PM",Easy,Run,"",2631,8.01,191.0,41,false,,,activities/18865556528.fit.gz,,,2631.0,2631.0,8011.3,4.34,3.045,9.0,11.0,0.2,6.4,7.9,0.0,,,95.0,85.0,191.0,156.0,,260.0,521.0,,,41.0,682502.0,,,,,,,,273.0,2632.0,,,0.0,,1.0,8069.4,,,,,,,,,,,,,,,,,,,,,,,,,,,3.045,1666.1,,,,7426.0,0.0,,307.0,205.0,3.067,,,0.0,0.0,,,,0.0,,,,""
17766656324,"Mar 18, 2026, 7:30:27 AM",Night Walk,Walk,"",651,0.51,114.0,0,false,,,activities/18865556447.fit.gz,,,651.0,448.0,517.1,2.0,1.154,1.0,1.0,3.6,5.8,16.3,0.2,,,62.0,55.0,114.0,101.0,,,34.0,,,0.0,,,,,,,,,,,,,0.0,,1.0,,,,,,,,,,,,,,,,,,,,,,,,,,,,0.794,68.1,,,,788.0,0.0,,,,,,,0.0,0.0,,,,0.0,,,,""
17766656338,"Mar 18, 2026, 6:49:29 AM",Night out,Walk,"",1041,1.31,130.0,2,false,,,activities/18865556553.fit.gz,,,1041.0,940.0,1311.2,2.025,1.395,7.0,4.0,3.4,8.4,8.9,0.1,,,66.0,59.0,130.0,113.0,,,78.0,,,2.0,,,,,,,,,,,,,0.0,,1.0,,,,,,,,,,,,,,,,,,,,,,,,,,,,1.26,0.0,,,,1722.0,0.0,,,,,,,0.0,0.0,,,,0.0,,,,""
17766656599,"Mar 17, 2026, 7:33:42 PM",Afternoon Swim,Kayaking,"",9482,4.50,134.0,8,false,,,activities/18865556485.fit.gz,,,9482.0,4597.0,4502.0,1.62,0.979,16.0,16.5,-0.7,8.8,50.0,0.0,,,46.0,28.0,134.0,94.0,,,432.0,,24.0,8.0,,,,,,,,,,,,,0.0,,1.0,,,,,,,,,,,,,,,,,,,,,,,,,,,,0.475,4252.7,,,,,0.0,,,,,,,0.0,0.0,,,,0.0,,,,""
17753499042,"Mar 17, 2026, 11:18:55 AM",Is this Vietnam weather?,Run,"",2828,8.01,180.0,27,false,,,activities/18852366455.fit.gz,,,2828.0,2797.0,8012.6,6.34,2.865,8.0,7.0,-0.8,4.0,7.7,0.0,,,118.0,84.0,180.0,148.0,,241.0,519.0,,,27.0,664523.0,,,,,,,,258.0,2829.0,,,0.0,,1.0,8050.9,,,,,,,,,,,,,,,,,,,,,,,,,,,2.833,1879.2,,,,7626.0,0.0,,295.0,194.0,2.878,,,0.0,0.0,,,,0.0,,,,""
17753498907,"Mar 17, 2026, 1:59:57 AM",Night Walk,Walk,"",640,0.32,103.0,0,false,,,activities/18852366399.fit.gz,,,640.0,306.0,327.6,1.72,1.071,0.0,1.0,6.2,7.8,4.1,-0.3,,,60.0,54.0,103.0,95.0,,,20.0,,,0.0,,,,,,,,,,,,,0.0,,1.0,,,,,,,,,,,,,,,,,,,,,,,,,,,,0.512,0.0,,,,456.0,0.0,,,,,,,0.0,0.0,,,,0.0,,,,""
17746454984,"Mar 16, 2026, 8:17:00 PM",Afternoon Walk,Walk,"",313,0.06,,,false,,,activities/17746454984.gpx,,,313.0,51.0,66.4,1.42,1.302,0.0,0.0,2.1,2.2,1.0,-0.2,,,,,,,,,,,,,,,,,,,,,,,,,0.0,,1.0,,,,,,,,,,,,,,,,,,,,,,,,,,,,0.212,0.0,,,,,0.0,,,,,,,,,,,,,,,,""
17742628555,"Mar 16, 2026, 2:30:52 PM",Baltimore airport,Walk,"",256,0.14,,,false,,,activities/17742628555.gpx,,,256.0,88.0,144.5,4.44,1.642,0.0,0.0,43.7,45.3,5.9,0.1,,,,,,,,,,,,,,,,,,,,,,,,,0.0,,1.0,,,,,,,,,,,,,,,,,,,,,,,,,,,,0.564,0.0,,,,,0.0,,,,,,,,,,,,,,,,""
17753498980,"Mar 15, 2026, 4:13:02 PM",Lunch Ride,Ride,,1901,0,115.0,3,false,,,activities/18852366471.fit.gz,,9.0,1901.0,1901.0,0.0,0.0,0.0,0.0,0.0,0.0,0.0,0.0,0.0,,,,,115.0,98.0,,,141.0,,,3.0,,,,,,,,,,,,,0.0,,1.0,,,,,,,,,,,,,,,,,,,,,,,,,,,,0.0,0.0,,,,,0.0,,,,,,,,,,,,,,,,""
17753498764,"Mar 14, 2026, 10:37:52 PM",Evening Run,Run,,2341,5.04,180.0,15,false,,,activities/18852366236.fit.gz,,,2341.0,1803.0,5043.4,4.16,2.797,17.0,19.0,173.0,180.8,9.7,-0.1,,,97.0,82.0,180.0,142.0,,234.0,320.0,,,15.0,420927.0,,,,,,,,233.0,2196.0,,,0.0,,1.0,5080.3,,,,,,,,,,,,,,,,,,,,,,,,,,,2.154,0.0,,,,4868.0,0.0,,187.0,175.0,2.818,,,,,,,,,,,,""
17753492519,"Mar 13, 2026, 10:52:05 PM",Evening Run,Run,,3204,8.00,159.0,11,false,,,activities/18852359908.fit.gz,,,3204.0,3204.0,8000.0,4.22,2.497,0.0,0.0,0.0,0.0,0.0,0.0,,,116.0,77.0,159.0,126.0,,200.0,400.0,,,11.0,642277.0,,,,,,,,222.0,3205.0,,,0.0,,1.0,7974.3,,,,,,,,,,,,,,,,,,,,,,,,,,,2.497,0.0,,,,7924.0,0.0,,248.0,167.0,,,,,,,,,,,,,""
17704857471,"Mar 13, 2026, 6:34:16 AM",Night out,E-Bike Ride,Bottoms up,2173,22.18,,,false,,,activities/17704857471.gpx,,9.0,2173.0,1859.0,22182.4,0.0,11.932,0.0,118.0,0.0,0.0,0.0,0.0,,,,,,,,,,,,,,,,,,,,,,,,,0.0,,1.0,,,,,,,,,,,,,,,,,,,,,,,,,,,,10.208,0.0,,,,,0.0,,,,,,,,,,,,,,,,""
17690675033,"Mar 11, 2026, 9:05:21 PM",70,Ride,17 miles,4201,0,118.0,9,false,,,activities/18789122763.fit.gz,,9.0,4201.0,4201.0,0.0,0.0,0.0,0.0,0.0,0.0,0.0,0.0,0.0,,,,,118.0,105.0,,,333.0,,,9.0,,,,,,,,,,,,,0.0,,1.0,,,,,,,,,,,,,,,,,,,,,,,,,,,,0.0,0.0,,,,,0.0,,,,,,,0.0,0.0,,,,0.0,,,,""
17688386155,"Mar 10, 2026, 7:38:27 PM",Afternoon Ride,Ride,,4201,0,123.0,10,false,,,activities/18786842711.fit.gz,,9.0,4201.0,4201.0,0.0,0.0,0.0,0.0,0.0,0.0,0.0,0.0,0.0,,,,,123.0,106.0,,,340.0,,,10.0,,,,,,,,,,,,,0.0,,1.0,,,,,,,,,,,,,,,,,,,,,,,,,,,,0.0,0.0,,,,,0.0,,,,,,,,,,,,,,,,""
17664952244,"Mar 9, 2026, 8:08:36 PM",Run walk,Run,"",3231,8.00,187.0,38,false,,,activities/18763298619.fit.gz,,,3231.0,2958.0,8003.2,4.44,2.706,62.0,67.0,177.0,186.0,35.7,0.0,,,114.0,77.0,187.0,152.0,,224.0,556.0,,,38.0,655497.0,,,,,,,,250.0,3229.0,,,0.0,,1.0,8455.1,,,,,,,,,,,,,,,,,,,,,,,,,,,2.477,0.0,,,,7424.0,0.0,,316.0,188.0,2.858,,,0.0,0.0,,,,0.0,,,,""
17688386303,"Mar 7, 2026, 4:49:44 PM",Lunch Ride,Ride,,5413,0,128.0,12,false,,,activities/18786842821.fit.gz,,9.0,5413.0,5413.0,0.0,0.0,0.0,0.0,0.0,0.0,0.0,0.0,0.0,,,,,128.0,103.0,,,419.0,,,12.0,,,,,,,,,,,,,0.0,,1.0,,,,,,,,,,,,,,,,,,,,,,,,,,,,0.0,0.0,,,,,0.0,,,,,,,,,,,,,,,,""
17688386138,"Mar 6, 2026, 11:09:09 PM",Evening Ride,Ride,,1803,0,121.0,4,false,,,activities/18786842677.fit.gz,,9.0,1803.0,1803.0,0.0,0.0,0.0,0.0,0.0,0.0,0.0,0.0,0.0,,,,,121.0,103.0,,,157.0,,,4.0,,,,,,,,,,,,,0.0,,1.0,,,,,,,,,,,,,,,,,,,,,,,,,,,,0.0,0.0,,,,,0.0,,,,,,,,,,,,,,,,""
17620544578,"Mar 5, 2026, 8:13:46 PM",Afternoon Run,Run,,2216,5.00,156.0,8,false,,,activities/18718478972.fit.gz,,,2216.0,2216.0,5000.0,4.14,2.256,0.0,0.0,0.0,0.0,0.0,0.0,,,90.0,77.0,156.0,130.0,,212.0,330.0,,,8.0,470346.0,,,,,,,,255.0,2217.0,,,0.0,,1.0,5596.4,,,,,,,,,,,,,,,,,,,,,,,,,,,2.256,0.0,,,,5304.0,0.0,,226.0,192.0,,,,,,,,,,,,,""
17620544579,"Mar 4, 2026, 10:48:51 PM",Afternoon Ride,Ride,,3601,0,111.0,7,false,,,activities/18718478907.fit.gz,,9.0,3601.0,3601.0,0.0,0.0,0.0,0.0,0.0,0.0,0.0,0.0,0.0,,,,,111.0,96.0,,,253.0,,,7.0,,,,,,,,,,,,,0.0,,1.0,,,,,,,,,,,,,,,,,,,,,,,,,,,,0.0,0.0,,,,,0.0,,,,,,,,,,,,,,,,""
17595956895,"Mar 3, 2026, 7:51:19 PM",60,Ride,22,3601,0,147.0,8,false,,,activities/18693858990.fit.gz,,9.0,3601.0,3601.0,0.0,0.0,0.0,0.0,0.0,0.0,0.0,0.0,0.0,,,,,147.0,102.0,,,303.0,,,8.0,,,,,,,,,,,,,0.0,,1.0,,,,,,,,,,,,,,,,,,,,,,,,,,,,0.0,0.0,,,,,0.0,,,,,,,0.0,0.0,,,,0.0,,,,""
17581538476,"Mar 2, 2026, 2:58:19 AM",Run Walk,Run,"600m grass run + 400m walk
",2639,5.00,153.0,7,false,"",,activities/18679393559.tcx.gz,,,2639.0,2634.0,5002.8,3.22,1.899,2.4,0.0,179.8,182.2,6.1,0.0,,,,,153.0,114.0,,147.0,297.0,,,7.0,,,,,,,,,168.0,2640.0,,,0.0,,1.0,5027.4,,,,,,,,,,,,,,,,,,,,,,,,,,,1.896,0.0,,,,,0.0,,116.0,126.0,1.909,,,0.0,0.0,,,,0.0,,,,""
17581360567,"Mar 1, 2026, 11:36:33 PM",75,Ride,16,4501,0,120.0,10,false,,,activities/18679216480.fit.gz,,9.0,4501.0,4501.0,0.0,0.0,0.0,0.0,0.0,0.0,0.0,0.0,0.0,,,,,120.0,106.0,,,367.0,,,10.0,,,,,,,,,,,,,0.0,,1.0,,,,,,,,,,,,,,,,,,,,,,,,,,,,0.0,0.0,,,,,0.0,,,,,,,0.0,0.0,,,,0.0,,,,""
17581360558,"Feb 28, 2026, 11:10:14 PM",105,Ride,25.43,6301,0,139.0,19,false,,,activities/18679216496.fit.gz,,9.0,6301.0,6301.0,0.0,0.0,0.0,0.0,0.0,0.0,0.0,0.0,0.0,,,,,139.0,120.0,,,665.0,,,19.0,,,,,,,,,,,,,0.0,,1.0,,,,,,,,,,,,,,,,,,,,,,,,,,,,0.0,0.0,,,,,0.0,,,,,,,0.0,0.0,,,,0.0,,,,""
17549087199,"Feb 28, 2026, 8:23:22 AM",Night out,Walk,"",1105,2.34,,,false,,,activities/17549087199.gpx,,,1105.0,905.0,2342.2,13.993,2.588,13.2,12.2,176.9,183.0,12.5,0.1,,,,,,,,,,,,,,,,,,,,,,,,,0.0,,1.0,,,,,,,,,,,,,,,,,,,,,,,,,,,,2.12,0.0,,,,,0.0,,,,,,,,,,,,,,,,""
17590218484,"Feb 27, 2026, 9:04:00 PM",60,Ride,26.5 in alumni,3600,0,,,false,,,,,9.0,3600.0,3600.0,0.0,,0.0,,,,,,0.0,,,,,,,,,,,,,,,,,,,,,,,,,0.0,,0.0,,,,,,,,,,,,,,,,,,,,,,,,,,,,0.0,0.0,,,,,0.0,,,,,,,,,,,,,,,,""
17536586753,"Feb 26, 2026, 11:56:13 PM",60,Ride,13.68,3600,0,,,false,,,,,9.0,3600.0,3600.0,0.0,,0.0,,,,,,0.0,,,,,,,,,,,,,,,,,,,,,,,,,0.0,,0.0,,,,,,,,,,,,,,,,,,,,,,,,,,,,0.0,0.0,,,,,0.0,,,,,,,,,,,,,,,,""
17525909884,"Feb 25, 2026, 11:52:15 PM",60,Ride,14.12,3602,0,125.0,9,false,,,activities/18623363072.fit.gz,,9.0,3602.0,3602.0,0.0,0.0,0.0,0.0,0.0,0.0,0.0,0.0,0.0,,,,,125.0,112.0,,,339.0,,,9.0,,,,,,,,,,,,,0.0,,1.0,,,,,,,,,,,,,,,,,,,,,,,,,,,,0.0,0.0,,,,,0.0,,,,,,,0.0,0.0,,,,0.0,,,,""
17525909816,"Feb 23, 2026, 10:37:37 PM",Afternoon Ride,Ride,,3615,0,122.0,8,false,,,activities/18623362995.fit.gz,,9.0,3615.0,3615.0,0.0,0.0,0.0,0.0,0.0,0.0,0.0,0.0,0.0,,,,,122.0,105.0,,,303.0,,,8.0,,,,,,,,,,,,,0.0,,1.0,,,,,,,,,,,,,,,,,,,,,,,,,,,,0.0,0.0,,,,,0.0,,,,,,,,,,,,,,,,""
17488916591,"Feb 22, 2026, 6:43:18 PM",120 on the bike 🥲,Ride,30 miles,7201,0,146.0,22,false,,,activities/18586252289.fit.gz,,9.0,7201.0,7201.0,0.0,0.0,0.0,0.0,0.0,0.0,0.0,0.0,0.0,,,,,146.0,120.0,,,756.0,,,22.0,,,,,,,,,,,,,0.0,,1.0,,,,,,,,,,,,,,,,,,,,,,,,,,,,0.0,0.0,,,,,0.0,,,,,,,0.0,0.0,,,,0.0,,,,""
17488916590,"Feb 22, 2026, 12:23:34 AM",60,Ride,13.78 miles,3600,0,120.0,8,false,,,activities/18586252296.fit.gz,,9.0,3600.0,3600.0,0.0,0.0,0.0,0.0,0.0,0.0,0.0,0.0,0.0,,,,,120.0,104.0,,,295.0,,,8.0,,,,,,,,,,,,,0.0,,1.0,,,,,,,,,,,,,,,,,,,,,,,,,,,,0.0,0.0,,,,,0.0,,,,,,,0.0,0.0,,,,0.0,,,,""
17488916594,"Feb 20, 2026, 11:58:03 PM",60,Ride,13.52 miles,3643,0,125.0,8,false,,,activities/18586252282.fit.gz,,9.0,3643.0,3643.0,0.0,0.0,0.0,0.0,0.0,0.0,0.0,0.0,0.0,,,,,125.0,104.0,,,300.0,,,8.0,,,,,,,,,,,,,0.0,,1.0,,,,,,,,,,,,,,,,,,,,,,,,,,,,0.0,0.0,,,,,0.0,,,,,,,0.0,0.0,,,,0.0,,,,""
17456241490,"Feb 19, 2026, 11:25:17 PM",60,Ride,"Forgot to bring watch 
13.71 miles",3600,0,,,false,,,,,9.0,3600.0,3600.0,0.0,,0.0,,,,,,0.0,,,,,,,,,,,,,,,,,,,,,,,,,0.0,,0.0,,,,,,,,,,,,,,,,,,,,,,,,,,,,0.0,0.0,,,,,0.0,,,,,,,,,,,,,,,,""
17456234481,"Feb 18, 2026, 11:23:59 PM",Evening Ride,Ride,,3602,0,127.0,9,false,,,activities/18553374208.fit.gz,,9.0,3602.0,3602.0,0.0,0.0,0.0,0.0,0.0,0.0,0.0,0.0,0.0,,,,,127.0,111.0,,,336.0,,,9.0,,,,,,,,,,,,,0.0,,1.0,,,,,,,,,,,,,,,,,,,,,,,,,,,,0.0,0.0,,,,,0.0,,,,,,,,,,,,,,,,""
17456231026,"Feb 17, 2026, 11:07:37 PM",Evening Ride,Ride,,3601,0,117.0,8,false,,,activities/18553370715.fit.gz,,9.0,3601.0,3601.0,0.0,0.0,0.0,0.0,0.0,0.0,0.0,0.0,0.0,,,,,117.0,105.0,,,302.0,,,8.0,,,,,,,,,,,,,0.0,,1.0,,,,,,,,,,,,,,,,,,,,,,,,,,,,0.0,0.0,,,,,0.0,,,,,,,,,,,,,,,,""
17422373242,"Feb 13, 2026, 5:46:22 PM",Lunch Ride,Ride,,4201,0,117.0,8,false,,,activities/18519408301.fit.gz,,9.0,4201.0,4201.0,0.0,0.0,0.0,0.0,0.0,0.0,0.0,0.0,0.0,,,,,117.0,97.0,,,303.0,,,8.0,,,,,,,,,,,,,0.0,,1.0,,,,,,,,,,,,,,,,,,,,,,,,,,,,0.0,0.0,,,,,0.0,,,,,,,,,,,,,,,,""
17422369472,"Feb 12, 2026, 5:51:00 PM",Lunch Ride,Ride,,3600,0,127.0,8,false,,,activities/18519404477.fit.gz,,9.0,3600.0,3600.0,0.0,0.0,0.0,0.0,0.0,0.0,0.0,0.0,0.0,,,,,127.0,103.0,,,292.0,,,8.0,,,,,,,,,,,,,0.0,,1.0,,,,,,,,,,,,,,,,,,,,,,,,,,,,0.0,0.0,,,,,0.0,,,,,,,,,,,,,,,,""
17422369486,"Feb 12, 2026, 3:43:43 PM",Morning Walk,Walk,"",3553,3.38,145.0,5,false,,,activities/18519404474.fit.gz,,,3553.0,2003.0,3386.3,6.06,1.691,15.0,17.0,-1.6,4.0,26.1,-0.1,,,71.0,63.0,145.0,111.0,,,215.0,,,5.0,,,,,,,,,,,,,0.0,,1.0,,,,,,,,,,,,,,,,,,,,,,,,,,,,0.953,0.0,,,,3986.0,0.0,,,,,,,0.0,0.0,,,,0.0,,,,""
17422369476,"Feb 12, 2026, 2:14:24 PM",Morning Walk,Walk,,1622,0.45,112.0,0,false,,,activities/18519404497.fit.gz,,,1622.0,276.0,450.5,7.757,1.632,5.0,0.0,2.8,24.6,41.2,4.2,,,68.0,60.0,112.0,101.0,,,32.0,,,0.0,,,,,,,,,,,,,0.0,,1.0,,,,,,,,,,,,,,,,,,,,,,,,,,,,0.278,0.0,,,,572.0,0.0,,,,,,,,,,,,,,,,""
17369562204,"Feb 11, 2026, 11:09:49 PM",60,Ride,13,3600,0,128.0,8,false,,,activities/18466347902.fit.gz,,9.0,3600.0,3600.0,0.0,0.0,0.0,0.0,0.0,0.0,0.0,0.0,0.0,,,,,128.0,103.0,,,287.0,,,8.0,,,,,,,,,,,,,0.0,,1.0,,,,,,,,,,,,,,,,,,,,,,,,,,,,0.0,0.0,,,,,0.0,,,,,,,0.0,0.0,,,,0.0,,,,""
17363221256,"Feb 11, 2026, 11:57:56 AM",60,Ride,13,3600,0,120.0,7,false,,,activities/18459995215.fit.gz,,9.0,3600.0,3600.0,0.0,0.0,0.0,0.0,0.0,0.0,0.0,0.0,0.0,,,,,120.0,101.0,,,279.0,,,7.0,,,,,,,,,,,,,0.0,,1.0,,,,,,,,,,,,,,,,,,,,,,,,,,,,0.0,0.0,,,,,0.0,,,,,,,0.0,0.0,,,,0.0,,,,""
17345304014,"Feb 9, 2026, 11:16:03 PM",60,Ride,"",3600,0,133.0,9,false,,,activities/18441998519.fit.gz,,9.0,3600.0,3600.0,0.0,0.0,0.0,0.0,0.0,0.0,0.0,0.0,0.0,,,,,133.0,111.0,,,333.0,,,9.0,,,,,,,,,,,,,0.0,,1.0,,,,,,,,,,,,,,,,,,,,,,,,,,,,0.0,0.0,,,,,0.0,,,,,,,0.0,0.0,,,,0.0,,,,""
17342714808,"Feb 8, 2026, 11:50:34 PM",Evening Ride,Ride,,4200,0,132.0,9,false,,,activities/18439413777.fit.gz,,9.0,4200.0,4200.0,0.0,0.0,0.0,0.0,0.0,0.0,0.0,0.0,0.0,,,,,132.0,104.0,,,342.0,,,9.0,,,,,,,,,,,,,0.0,,1.0,,,,,,,,,,,,,,,,,,,,,,,,,,,,0.0,0.0,,,,,0.0,,,,,,,,,,,,,,,,""
17323063397,"Feb 7, 2026, 11:22:23 PM",75,Ride,17.26,4501,0,133.0,13,false,,,activities/18419525357.fit.gz,,9.0,4501.0,4501.0,0.0,0.0,0.0,0.0,0.0,0.0,0.0,0.0,0.0,,,,,133.0,118.0,,,459.0,,,13.0,,,,,,,,,,,,,0.0,,1.0,,,,,,,,,,,,,,,,,,,,,,,,,,,,0.0,0.0,,,,,0.0,,,,,,,0.0,0.0,,,,0.0,,,,""
17320739618,"Feb 7, 2026, 5:54:44 PM",60,Ride,13.76,3601,0,121.0,9,false,,,activities/18417189787.fit.gz,,9.0,3601.0,3601.0,0.0,0.0,0.0,0.0,0.0,0.0,0.0,0.0,0.0,,,,,121.0,108.0,,,315.0,,,9.0,,,,,,,,,,,,,0.0,,1.0,,,,,,,,,,,,,,,,,,,,,,,,,,,,0.0,0.0,,,,,0.0,,,,,,,0.0,0.0,,,,0.0,,,,""
17320313321,"Feb 6, 2026, 9:52:34 PM",60,Ride,14.2 miles,3600,0,120.0,8,false,,,activities/18416753703.fit.gz,,9.0,3600.0,3600.0,0.0,0.0,0.0,0.0,0.0,0.0,0.0,0.0,0.0,,,,,120.0,103.0,,,289.0,,,8.0,,,,,,,,,,,,,0.0,,1.0,,,,,,,,,,,,,,,,,,,,,,,,,,,,0.0,0.0,,,,,0.0,,,,,,,0.0,0.0,,,,0.0,,,,""
17306277373,"Feb 6, 2026, 12:07:16 AM",45 Double,Ride,"",2701,0,129.0,6,false,,,activities/18402577810.fit.gz,,9.0,2701.0,2701.0,0.0,0.0,0.0,0.0,0.0,0.0,0.0,0.0,0.0,,,,,129.0,110.0,,,258.0,,,6.0,,,,,,,,,,,,,0.0,,1.0,,,,,,,,,,,,,,,,,,,,,,,,,,,,0.0,0.0,,,,,0.0,,,,,,,0.0,0.0,,,,0.0,,,,""
17306277172,"Feb 5, 2026, 1:33:52 PM",45 WO,Ride,"2x(5 easy + 10 hard) 
15 CD",2731,0,157.0,11,false,,,activities/18402577558.fit.gz,,9.0,2731.0,2731.0,0.0,0.0,0.0,0.0,0.0,0.0,0.0,0.0,0.0,,,,,157.0,132.0,,,413.0,,,11.0,,,,,,,,,,,,,0.0,,1.0,,,,,,,,,,,,,,,,,,,,,,,,,,,,0.0,0.0,,,,,0.0,,,,,,,0.0,0.0,,,,0.0,,,,""
17284182548,"Feb 4, 2026, 12:01:20 AM",30,Ride,7.5 miles,1804,0,141.0,4,false,,,activities/18380306464.fit.gz,,9.0,1804.0,1804.0,0.0,0.0,0.0,0.0,0.0,0.0,0.0,0.0,0.0,,,,,141.0,113.0,,,195.0,,,4.0,,,,,,,,,,,,,0.0,,1.0,,,,,,,,,,,,,,,,,,,,,,,,,,,,0.0,0.0,,,,,0.0,,,,,,,0.0,0.0,,,,0.0,,,,""
17266343915,"Feb 2, 2026, 10:59:08 PM",66,Ride,16.5 miles,4002,0,123.0,9,false,,,activities/18362347475.fit.gz,,9.0,4002.0,4002.0,0.0,0.0,0.0,0.0,0.0,0.0,0.0,0.0,0.0,,,,,123.0,103.0,,,313.0,,,9.0,,,,,,,,,,,,,0.0,,1.0,,,,,,,,,,,,,,,,,,,,,,,,,,,,0.0,0.0,,,,,0.0,,,,,,,0.0,0.0,,,,0.0,,,,""
17255867103,"Feb 2, 2026, 12:18:44 AM",Spin,Ride,"",1801,0,109.0,3,false,,,activities/18351799344.fit.gz,,9.0,1801.0,1801.0,0.0,0.0,0.0,0.0,0.0,0.0,0.0,0.0,0.0,,,,,109.0,91.0,,,119.0,,,3.0,,,,,,,,,,,,,0.0,,1.0,,,,,,,,,,,,,,,,,,,,,,,,,,,,0.0,0.0,,,,,0.0,,,,,,,0.0,0.0,,,,0.0,,,,""
17253408060,"Feb 1, 2026, 5:39:43 PM",60,Ride,16.6 miles,3600,0,143.0,12,false,,,activities/18349326438.fit.gz,,9.0,3600.0,3600.0,0.0,0.0,0.0,0.0,0.0,0.0,0.0,0.0,0.0,,,,,143.0,125.0,,,451.0,,,12.0,,,,,,,,,,,,,0.0,,1.0,,,,,,,,,,,,,,,,,,,,,,,,,,,,0.0,0.0,,,,,0.0,,,,,,,0.0,0.0,,,,0.0,,,,""
17245326929,"Jan 31, 2026, 11:34:56 PM",60,Ride,15,3600,0,141.0,12,false,,,activities/18341131803.fit.gz,,9.0,3600.0,3600.0,0.0,0.0,0.0,0.0,0.0,0.0,0.0,0.0,0.0,,,,,141.0,125.0,,,436.0,,,12.0,,,,,,,,,,,,,0.0,,1.0,,,,,,,,,,,,,,,,,,,,,,,,,,,,0.0,0.0,,,,,0.0,,,,,,,0.0,0.0,,,,0.0,,,,""
17245326861,"Jan 30, 2026, 12:31:39 AM",60,Ride,14 miles,3603,0,146.0,12,false,,,activities/18341131703.fit.gz,,9.0,3603.0,3603.0,0.0,0.0,0.0,0.0,0.0,0.0,0.0,0.0,0.0,,,,,146.0,124.0,,,461.0,,,12.0,,,,,,,,,,,,,0.0,,1.0,,,,,,,,,,,,,,,,,,,,,,,,,,,,0.0,0.0,,,,,0.0,,,,,,,0.0,0.0,,,,0.0,,,,""
17245326862,"Jan 28, 2026, 11:14:06 PM",45,Ride,10,2726,0,142.0,8,false,,,activities/18341131707.fit.gz,,9.0,2726.0,2726.0,0.0,0.0,0.0,0.0,0.0,0.0,0.0,0.0,0.0,,,,,142.0,118.0,,,297.0,,,8.0,,,,,,,,,,,,,0.0,,1.0,,,,,,,,,,,,,,,,,,,,,,,,,,,,0.0,0.0,,,,,0.0,,,,,,,0.0,0.0,,,,0.0,,,,""
17200160310,"Jan 27, 2026, 11:51:02 PM",30,Ride,7 miles,1835,0,115.0,3,false,,,activities/18295642928.fit.gz,,9.0,1835.0,1835.0,0.0,0.0,0.0,0.0,0.0,0.0,0.0,0.0,0.0,,,,,115.0,100.0,,,148.0,,,3.0,,,,,,,,,,,,,0.0,,1.0,,,,,,,,,,,,,,,,,,,,,,,,,,,,0.0,0.0,,,,,0.0,,,,,,,0.0,0.0,,,,0.0,,,,""
17194341259,"Jan 26, 2026, 9:57:09 PM",Afternoon Ride,Ride,,5380,0,125.0,10,false,,,activities/18289820003.fit.gz,,9.0,5380.0,5380.0,0.0,0.0,0.0,0.0,0.0,0.0,0.0,0.0,0.0,,,,,125.0,97.0,,,377.0,,,10.0,,,,,,,,,,,,,0.0,,1.0,,,,,,,,,,,,,,,,,,,,,,,,,,,,0.0,0.0,,,,,0.0,,,,,,,,,,,,,,,,""
17177914556,"Jan 25, 2026, 11:04:04 PM",45,Ride,Spin,2713,0,121.0,5,false,,,activities/18273256979.fit.gz,,9.0,2713.0,2713.0,0.0,0.0,0.0,0.0,0.0,0.0,0.0,0.0,0.0,,,,,121.0,94.0,,,185.0,,,5.0,,,,,,,,,,,,,0.0,,1.0,,,,,,,,,,,,,,,,,,,,,,,,,,,,0.0,0.0,,,,,0.0,,,,,,,0.0,0.0,,,,,,,,""
17175374071,"Jan 25, 2026, 4:45:15 PM",60,Ride,15.38 miles,3600,0,138.0,9,false,,,activities/18270696101.fit.gz,,9.0,3600.0,3600.0,0.0,0.0,0.0,0.0,0.0,0.0,0.0,0.0,0.0,,,,,138.0,113.0,,,358.0,,,9.0,,,,,,,,,,,,,0.0,,1.0,,,,,,,,,,,,,,,,,,,,,,,,,,,,0.0,0.0,,,,,0.0,,,,,,,0.0,0.0,,,,,,,,""
17175374332,"Jan 25, 2026, 12:27:53 AM",Evening Ride,Ride,,643,0,120.0,1,false,,,activities/18270696477.fit.gz,,9.0,643.0,643.0,0.0,0.0,0.0,0.0,0.0,0.0,0.0,0.0,0.0,,,,,120.0,101.0,,,58.0,,,1.0,,,,,,,,,,,,,0.0,,1.0,,,,,,,,,,,,,,,,,,,,,,,,,,,,0.0,0.0,,,,,0.0,,,,,,,,,,,,,,,,""
17175374135,"Jan 24, 2026, 4:18:53 PM",Lunch Ride,Ride,,1802,0,123.0,4,false,,,activities/18270696278.fit.gz,,9.0,1802.0,1802.0,0.0,0.0,0.0,0.0,0.0,0.0,0.0,0.0,0.0,,,,,123.0,105.0,,,163.0,,,4.0,,,,,,,,,,,,,0.0,,1.0,,,,,,,,,,,,,,,,,,,,,,,,,,,,0.0,0.0,,,,,0.0,,,,,,,,,,,,,,,,""
17144975964,"Jan 22, 2026, 11:05:22 PM",Get me out of this bike,Ride,"",5109,0,136.0,12,false,,,activities/18240007736.fit.gz,,9.0,5109.0,5109.0,0.0,0.0,0.0,0.0,0.0,0.0,0.0,0.0,0.0,,,,,136.0,107.0,,,436.0,,,12.0,,,,,,,,,,,,,0.0,,1.0,,,,,,,,,,,,,,,,,,,,,,,,,,,,0.0,0.0,,,,,0.0,,,,,,,0.0,0.0,,,,,,,,""
17136056513,"Jan 21, 2026, 10:16:49 PM",Run in snow,Run,Not fun,2940,8.00,153.0,9,false,,,activities/18231018567.fit.gz,,,2940.0,2839.0,7999.7,4.9,2.818,18.0,18.0,168.4,175.6,23.7,0.0,,,123.0,83.0,153.0,122.0,,237.0,449.0,,,9.0,666985.0,,,,,,,,251.0,2988.0,,,0.0,,1.0,8114.7,,,,,,,,,,,,,,,,,,,,,,,,,,,2.721,0.0,,,,7684.0,0.0,,296.0,189.0,2.858,,,0.0,0.0,,,,,,,,""
17136056612,"Jan 20, 2026, 11:19:25 PM",Evening Ride,Ride,,2712,0,130.0,7,false,,,activities/18231018594.fit.gz,,9.0,2712.0,2712.0,0.0,0.0,0.0,0.0,0.0,0.0,0.0,0.0,0.0,,,,,130.0,110.0,,,260.0,,,7.0,,,,,,,,,,,,,0.0,,1.0,,,,,,,,,,,,,,,,,,,,,,,,,,,,0.0,0.0,,,,,0.0,,,,,,,,,,,,,,,,""
17136056474,"Jan 20, 2026, 5:40:09 PM",Lunch Run,Run,,2462,6.31,185.0,34,false,,,activities/18231018566.fit.gz,,,2462.0,2408.0,6309.4,4.1,2.62,0.0,0.0,0.0,0.0,0.0,0.0,,,94.0,77.0,185.0,151.0,,206.0,450.0,,,34.0,507828.0,,,,,,,,247.0,2463.0,,,0.0,,1.0,6307.6,,,,,,,,,,,,,,,,,,,,,,,,,,,2.563,0.0,,,,5904.0,0.0,,236.0,186.0,,,,,,,,,,,,,""
17109671353,"Jan 19, 2026, 9:56:36 PM",90,Ride,20 miles,5453,0,133.0,13,false,,,activities/18204451490.fit.gz,,9.0,5453.0,5453.0,0.0,0.0,0.0,0.0,0.0,0.0,0.0,0.0,0.0,,,,,133.0,108.0,,,456.0,,,13.0,,,,,,,,,,,,,0.0,,1.0,,,,,,,,,,,,,,,,,,,,,,,,,,,,0.0,0.0,,,,,0.0,,,,,,,0.0,0.0,,,,,,,,""
17100959237,"Jan 18, 2026, 11:32:09 PM",Bike,Ride,16.3 miles + gym,3749,0,145.0,12,false,,,activities/18195714091.fit.gz,,9.0,3749.0,3749.0,0.0,0.0,0.0,0.0,0.0,0.0,0.0,0.0,0.0,,,,,145.0,122.0,,,406.0,,,12.0,,,,,,,,,,,,,0.0,,1.0,,,,,,,,,,,,,,,,,,,,,,,,,,,,0.0,0.0,,,,,0.0,,,,,,,0.0,0.0,,,,,,,,""
17097220791,"Jan 18, 2026, 5:18:09 PM",Ride,Ride,28 miles,7355,0,129.0,15,false,,,activities/18191930422.fit.gz,,9.0,7355.0,7355.0,0.0,0.0,0.0,0.0,0.0,0.0,0.0,0.0,0.0,,,,,129.0,100.0,,,526.0,,,15.0,,,,,,,,,,,,,0.0,,1.0,,,,,,,,,,,,,,,,,,,,,,,,,,,,0.0,0.0,,,,,0.0,,,,,,,0.0,0.0,,,,,,,,""
17084835486,"Jan 17, 2026, 6:37:06 PM",Fahhh #1,Run,"",2462,5.00,168.0,9,false,,,activities/18179355731.fit.gz,,,2462.0,2173.0,5000.0,4.18,2.301,22.0,26.0,176.6,186.0,25.7,0.0,,,111.0,74.0,168.0,123.0,,186.0,294.0,,,9.0,400444.0,,,,,,,,207.0,2463.0,,,0.0,,1.0,5095.3,,,,,,,,,,,,,,,,,,,,,,,,,,,2.031,0.0,,,,5230.0,0.0,,166.0,156.0,2.345,,,0.0,0.0,,,,,,,,""
17075028873,"Jan 16, 2026, 11:05:39 PM",Easy,Run,Forgot to stop watch for 5mins 🥲,3542,10.13,166.0,42,false,,,activities/18169432250.fit.gz,,,3542.0,3303.0,10135.2,4.44,3.068,0.0,0.0,0.0,0.0,0.0,0.0,,,120.0,87.0,166.0,147.0,,243.0,626.0,,,42.0,861443.0,,,,,,,,279.0,3543.0,,,0.0,,1.0,10131.8,,,,,,,,,,,,,,,,,,,,,,,,,,,2.861,0.0,,,,8500.0,0.0,,433.0,210.0,,,,0.0,0.0,,,,,,,,""
17075028904,"Jan 15, 2026, 11:28:05 PM",Evening Ride,Ride,,3954,0,140.0,9,false,,,activities/18169432264.fit.gz,,9.0,3954.0,3954.0,0.0,0.0,0.0,0.0,0.0,0.0,0.0,0.0,0.0,,,,,140.0,107.0,,,328.0,,,9.0,,,,,,,,,,,,,0.0,,1.0,,,,,,,,,,,,,,,,,,,,,,,,,,,,0.0,0.0,,,,,0.0,,,,,,,,,,,,,,,,""
17049731123,"Jan 14, 2026, 5:18:39 PM",Hills 🥲🙃🙂,Run,"",3622,9.99,178.0,41,false,,,activities/18143946586.fit.gz,,,3622.0,3018.0,9998.9,5.06,3.313,89.0,90.0,8.8,40.2,33.6,0.1,,,110.0,91.0,178.0,153.0,,294.0,631.0,,,41.0,887567.0,,,,,,,,279.0,3623.0,,,0.0,,1.0,10177.8,,,,,,,,,,,,,,,,,,,,,,,,,,,2.761,0.0,,,,9094.0,0.0,,443.0,210.0,3.372,,,0.0,0.0,,,,,,,,""
17039069158,"Jan 13, 2026, 6:45:34 PM",Easy,Run,"",5186,10.00,170.0,13,false,,,activities/18133210473.fit.gz,,,5186.0,3047.0,10000.2,6.92,3.282,72.0,68.0,2.6,33.0,47.7,-0.1,,,125.0,88.0,170.0,132.0,,287.0,543.0,,,13.0,867322.0,,,,,,,,244.0,4992.0,,,0.0,,1.0,10298.9,,,,,,,,,,,,,,,,,,,,,,,,,,,1.928,473.5,,,,8666.0,0.0,,465.0,183.0,3.38,,,0.0,0.0,,,,,,,,""
17039065129,"Jan 13, 2026, 12:33:06 PM",Morning Walk,Walk,"",6454,4.97,104.0,4,false,,,activities/18133206416.fit.gz,,,6454.0,3567.0,4970.5,4.638,1.393,30.0,6.0,5.4,19.0,47.5,0.1,,,115.0,58.0,104.0,73.0,,,163.0,,,4.0,,,,,,,,,,,,,0.0,,1.0,,,,,,,,,,,,,,,,,,,,,,,,,,,,0.77,86.3,,,,6460.0,0.0,,,,,,,0.0,0.0,,,,,,,,""
17030373713,"Jan 13, 2026, 12:11:53 AM",Evening Walk,Walk,"",3150,3.12,106.0,4,false,,,activities/18124428188.fit.gz,,,3150.0,2496.0,3125.3,4.325,1.252,29.0,38.0,-14.8,30.4,14.8,-0.4,,,64.0,57.0,106.0,89.0,,,202.0,,,4.0,,,,,,,,,,,,,0.0,,1.0,,,,,,,,,,,,,,,,,,,,,,,,,,,,0.992,0.0,,,,4236.0,0.0,,,,,,,0.0,0.0,,,,,,,,""
17030371811,"Jan 12, 2026, 9:03:59 PM",Afternoon Walk,Walk,"",7910,5.00,97.0,3,false,,,activities/18124426281.fit.gz,,,7910.0,4133.0,4999.3,8.033,1.21,23.0,14.0,0.2,11.2,39.5,0.2,,,118.0,56.0,97.0,67.0,,,216.0,,,3.0,,,,,,,,,,,,,0.0,,1.0,,,,,,,,,,,,,,,,,,,,,,,,,,,,0.632,199.1,,,,5512.0,0.0,,,,,,,0.0,0.0,,,,,,,,""
17015870312,"Jan 11, 2026, 5:13:42 PM",The view is decent,Run,"",5325,13.01,167.0,21,false,,,activities/18109840599.fit.gz,,,5325.0,3949.0,13010.0,5.82,3.295,83.0,76.0,6.2,60.2,14.0,0.1,,,117.0,92.0,167.0,137.0,,284.0,737.0,,,21.0,1114339.0,,,,,,,,251.0,5179.0,,,0.0,,1.0,13218.6,,,,,,,,,,,,,,,,,,,,,,,,,,,2.443,15.2,,,,11682.0,0.0,,513.0,189.0,3.347,,,0.0,0.0,,,,,,,,""
17003605666,"Jan 10, 2026, 4:54:36 PM",Easy,Run,Left ankle still felt pain 🥲,3397,10.00,182.0,59,false,,,activities/18097396114.fit.gz,,,3397.0,3108.0,10008.8,4.36,3.22,72.0,65.0,27.0,61.4,16.8,0.1,,,115.0,90.0,182.0,161.0,,285.0,657.0,,,59.0,889184.0,,,,,,,,277.0,3399.0,,,0.0,,1.0,10141.7,,,,,,,,,,,,,,,,,,,,,,,,,,,2.946,47.6,,,,9252.0,0.0,,409.0,208.0,3.263,,,0.0,0.0,,,,,,,,""
16997240679,"Jan 9, 2026, 8:50:18 PM",Afternoon Walk,Walk,"",9614,8.10,125.0,12,false,,,activities/18090966660.fit.gz,,,9614.0,5536.0,8100.8,11.62,1.463,29.0,27.0,6.6,33.8,46.1,0.3,,,119.0,58.0,125.0,105.0,,,560.0,,,12.0,,,,,,,,,,,,,0.0,,1.0,,,,,,,,,,,,,,,,,,,,,,,,,,,,0.843,0.0,,,,9482.0,0.0,,,,,,,0.0,0.0,,,,,,,,""
16992213425,"Jan 9, 2026, 4:19:37 PM",Easy,Run,"",4484,10.00,183.0,42,false,,,activities/18085852319.fit.gz,,,4484.0,3152.0,10005.7,6.04,3.174,75.0,75.0,24.2,58.2,25.7,0.0,,,122.0,90.0,183.0,149.0,,278.0,645.0,,,42.0,874672.0,,,,,,,,245.0,4256.0,,,0.0,,1.0,10194.1,,,,,,,,,,,,,,,,,,,,,,,,,,,2.231,0.0,,,,9174.0,0.0,,400.0,184.0,3.234,,,0.0,0.0,,,,,,,,""
16981941953,"Jan 8, 2026, 6:25:30 PM",Afternoon Walk,Walk,"",756,3.23,,,false,,,activities/16981941953.gpx,,,756.0,460.0,3234.1,27.66,7.031,6.4,6.2,2.1,5.9,3.9,0.0,,,,,,,,,,,,,,,,,,,,,,,,,0.0,,1.0,,,,,,,,,,,,,,,,,,,,,,,,,,,,4.278,0.0,,,,,0.0,,,,,,,,,,,,,,,,""
16973849360,"Jan 7, 2026, 10:34:05 PM",Double,Ride,15.66 miles,4023,0,146.0,12,false,,,activities/18067353577.fit.gz,,9.0,4023.0,4023.0,0.0,0.0,0.0,0.0,0.0,0.0,0.0,0.0,0.0,,,,,146.0,118.0,,,423.0,,,12.0,,,,,,,,,,,,,0.0,,1.0,,,,,,,,,,,,,,,,,,,,,,,,,,,,0.0,0.0,,,,,0.0,,,,,,,0.0,0.0,,,,,,,,""
16970524150,"Jan 7, 2026, 5:41:17 PM",Idk,Run,Left ankle still felt some pain when trying to run 4:40 km 🥲,1564,5.00,166.0,18,false,,,activities/18064033798.fit.gz,,,1564.0,1487.0,5005.9,4.52,3.366,12.0,16.0,170.4,181.0,10.6,-0.1,,,97.0,92.0,166.0,152.0,,289.0,321.0,,,18.0,429900.0,,,,,,,,279.0,1565.0,,,0.0,,1.0,5036.5,,,,,,,,,,,,,,,,,,,,,,,,,,,3.201,0.0,,,,4500.0,0.0,,191.0,210.0,3.387,,,0.0,0.0,,,,,,,,""
16963938014,"Jan 6, 2026, 11:18:10 PM",Easy,Run,Forgot to stop watch for 3 mins 🥲,3236,10.00,183.0,83,false,,,activities/18057364853.fit.gz,,,3236.0,3220.0,10000.0,3.66,3.106,0.0,0.0,0.0,0.0,0.0,0.0,,,95.0,87.0,183.0,169.0,,255.0,748.0,,,83.0,826680.0,,,,,,,,271.0,3237.0,,,0.0,,1.0,9785.1,,,,,,,,,,,,,,,,,,,,,,,,,,,3.09,0.0,,,,8898.0,0.0,,373.0,204.0,,,,0.0,0.0,,,,,,,,""
16970676961,"Jan 5, 2026, 11:02:15 PM",Bike,Ride,18 miles,4901,0,144.0,15,false,"",,activities/18064186410.tcx.gz,,9.0,4901.0,4901.0,0.0,0.0,0.0,0.0,0.0,0.0,0.0,0.0,0.0,,,,,144.0,121.0,,,531.0,,,15.0,,,,,,,,,,,,,0.0,,1.0,,,,,,,,,,,,,,,,,,,,,,,,,,,,0.0,0.0,,,,,0.0,,,,,,,0.0,0.0,,,,,,,,""
16951921980,"Jan 4, 2026, 11:56:56 PM",Fahhh,Run,"",2078,5.00,163.0,7,false,,,activities/18045236170.fit.gz,,,2078.0,1647.0,5005.9,4.08,3.039,15.0,17.0,176.4,186.6,16.7,0.0,,,115.0,88.0,163.0,137.0,,260.0,300.0,,,7.0,428599.0,,,,,,,,235.0,2080.0,,,0.0,,1.0,5051.6,,,,,,,,,,,,,,,,,,,,,,,,,,,2.409,0.0,,,,4812.0,0.0,,180.0,177.0,3.067,,,0.0,0.0,,,,,,,,""
16925963228,"Jan 3, 2026, 3:05:28 PM",90 min on the treadmill is 🥲,Run,"",6532,17.00,184.0,105,false,,,activities/18018982836.fit.gz,,,6532.0,5400.0,17000.0,3.76,3.148,0.0,0.0,0.0,0.0,0.0,0.0,,,102.0,87.0,184.0,154.0,,228.0,1201.0,,,105.0,1486427.0,,,,,,,,270.0,6113.0,,,0.0,,1.0,17478.9,,,,,,,,,,,,,,,,,,,,,,,,,,,2.603,0.0,,,,15278.0,0.0,,699.0,203.0,,,,0.0,0.0,,,,,,,,""
16925959041,"Jan 1, 2026, 11:36:31 PM",Ease back,Run,"",3087,10.00,182.0,61,false,,,activities/18018978489.fit.gz,,,3087.0,3086.0,10000.0,4.76,3.24,0.0,0.0,0.0,0.0,0.0,0.0,,,120.0,86.0,182.0,162.0,,319.0,712.0,,,61.0,984554.0,,,,,,,,322.0,3089.0,,,0.0,,1.0,11448.0,,,,,,,,,,,,,,,,,,,,,,,,,,,3.239,0.0,,,,8628.0,0.0,,502.0,242.0,,,,0.0,0.0,,,,,,,,""
16925957471,"Dec 31, 2025, 1:16:12 AM",Bike,Ride,"",3600,0,150.0,8,false,,,activities/18018976977.fit.gz,,9.0,3600.0,3600.0,0.0,0.0,0.0,0.0,0.0,0.0,0.0,0.0,0.0,,,,,150.0,105.0,,,334.0,,,8.0,,,,,,,,,,,,,0.0,,1.0,,,,,,,,,,,,,,,,,,,,,,,,,,,,0.0,0.0,,,,,0.0,,,,,,,0.0,0.0,,,,,,,,""
16859994933,"Dec 28, 2025, 1:21:16 AM",Evening Run,Run,"",3370,11.21,184.0,57,false,,,activities/17951991280.fit.gz,,,3370.0,3132.0,11212.0,4.66,3.58,0.0,0.0,0.0,0.0,0.0,0.0,,,91.0,87.0,184.0,159.0,,287.0,702.0,,,57.0,966331.0,,,,,,,,307.0,3339.0,,,0.0,,1.0,11212.0,,,,,,,,,,,,,,,,,,,,,,,,,,,3.327,0.0,,,,8866.0,0.0,,494.0,231.0,,,,0.0,0.0,,,,,,,,""
16850684500,"Dec 27, 2025, 2:00:41 AM",Fahh 🙏,Ride,"",2348,0,110.0,4,false,,,activities/17942510330.fit.gz,,9.0,2348.0,2348.0,0.0,0.0,0.0,0.0,0.0,0.0,0.0,0.0,0.0,,,,,110.0,91.0,,,129.0,,,4.0,,,,,,,,,,,,,0.0,,1.0,,,,,,,,,,,,,,,,,,,,,,,,,,,,0.0,0.0,,,,,0.0,,,,,,,0.0,,,,,,,,,""
16839701965,"Dec 25, 2025, 8:54:52 PM",Merry Xmas part 2,Run,My left ankle 🥲🥲,2403,5.00,166.0,9,false,,,activities/17931323274.fit.gz,,,2403.0,1521.0,5007.7,4.84,3.292,11.0,23.0,172.4,181.6,44.7,-0.1,,,100.0,92.0,166.0,138.0,,280.0,287.0,,,9.0,425764.0,,,,,,,,230.0,2346.0,,,0.0,,1.0,5077.6,,,,,,,,,,,,,,,,,,,,,,,,,,,2.084,0.0,,,,4480.0,0.0,,194.0,173.0,3.338,,,0.0,,,,,,,,,""
16838193463,"Dec 25, 2025, 3:28:01 PM",Merry Xmas,Run,"",3852,10.01,177.0,32,false,,,activities/17929779423.fit.gz,,,3852.0,2799.0,10017.0,4.88,3.579,23.0,28.0,171.4,184.8,13.5,0.0,,,100.0,92.0,177.0,149.0,,310.0,587.0,,,32.0,866611.0,,,,,,,,280.0,3664.0,,,0.0,,1.0,10113.7,,,,,,,,,,,,,,,,,,,,,,,,,,,2.6,0.0,,,,8474.0,0.0,,452.0,211.0,3.613,,,0.0,,,,,,,,,""
16815326552,"Dec 22, 2025, 10:26:59 PM",Easy,Run,"",2427,8.00,146.0,9,false,,,activities/17906555380.fit.gz,,,2427.0,2427.0,8006.2,4.24,3.299,10.0,9.0,173.6,180.4,10.5,0.0,,,95.0,88.0,146.0,132.0,,287.0,472.0,,,9.0,696246.0,,,,,,,,286.0,2428.0,,,0.0,,1.0,8058.0,,,,,,,,,,,,,,,,,,,,,,,,,,,3.299,0.0,,,,7148.0,0.0,,311.0,215.0,3.32,,,0.0,,,,,,,,,""
16803250468,"Dec 21, 2025, 12:28:27 AM",Evening Run,Run,,2214,6.00,161.0,9,false,,,activities/17894364502.fit.gz,,,2214.0,1811.0,6005.4,4.38,3.316,50.0,54.0,170.6,183.4,40.4,-0.1,,,96.0,89.0,161.0,139.0,,287.0,354.0,,,9.0,518276.0,,,,,,,,263.0,2215.0,,,0.0,,1.0,6291.5,,,,,,,,,,,,,,,,,,,,,,,,,,,2.712,0.0,,,,5322.0,0.0,,240.0,198.0,3.474,,,,,,,,,,,,""
16803252575,"Dec 20, 2025, 9:08:57 PM",Afternoon Walk,Walk,,11368,4.47,106.0,4,false,,,activities/17894366715.fit.gz,,,11368.0,3690.0,4473.3,2.543,1.212,51.0,34.0,173.0,204.0,26.4,-0.1,,,87.0,59.0,106.0,75.0,,,227.0,,,4.0,,,,,,,,,,,,,0.0,,1.0,,,,,,,,,,,,,,,,,,,,,,,,,,,,0.393,0.0,,,,5256.0,0.0,,,,,,,,,,,,,,,,""
16803250382,"Dec 19, 2025, 5:25:31 PM",Lunch Walk,Walk,,1220,2.05,124.0,3,false,,,activities/17894364567.fit.gz,,,1220.0,1220.0,2050.8,3.731,1.681,53.0,53.0,166.8,180.0,23.0,0.0,,,98.0,65.0,124.0,113.0,,,126.0,,,3.0,,,,,,,,,,,,,0.0,,1.0,,,,,,,,,,,,,,,,,,,,,,,,,,,,1.681,0.0,,,,2562.0,0.0,,,,,,,,,,,,,,,,""
16803250176,"Dec 19, 2025, 12:09:37 AM",Evening Snowboard,Snowboard,,8171,1.93,156.0,6,false,,,activities/17894364368.fit.gz,,,8171.0,2352.0,1935.3,7.04,0.823,19.2,192.0,478.4,624.6,34.1,-0.4,,,,,156.0,116.0,,,414.0,,,6.0,,5,,,,,,,,,,,0.0,,1.0,,,,,,,,,,,,,,,,,,,,,,,,,,,,0.237,0.0,,,,,0.0,,,,,,,,,,,,,,,,""
16771947921,"Dec 17, 2025, 10:02:04 PM",Threshold 6x5,Run,Felt terrible,4337,12.00,184.0,45,false,,,activities/17862560923.fit.gz,,,4337.0,3480.0,12007.9,5.02,3.451,39.0,40.0,170.6,181.8,11.4,0.0,,,103.0,91.0,184.0,151.0,,312.0,726.0,,,45.0,1030480.0,,,,,,,,302.0,4076.0,,,0.0,,1.0,12114.4,,,,,,,,,,,,,,,,,,,,,,,,,,,2.769,0.0,,,,9828.0,0.0,,583.0,227.0,3.481,,,0.0,,,,,,,,,""
16769118945,"Dec 16, 2025, 10:04:05 PM",Easy,Run,"",1976,6.24,152.0,7,false,,,activities/17859721134.fit.gz,,,1976.0,1800.0,6242.3,4.62,3.468,27.0,27.0,173.4,184.4,14.3,0.0,,,100.0,90.0,152.0,138.0,,300.0,352.0,,,7.0,540221.0,,,,,,,,288.0,1978.0,,,0.0,,1.0,6353.8,,,,,,,,,,,,,,,,,,,,,,,,,,,3.159,0.0,,,,5386.0,0.0,,258.0,217.0,3.53,,,0.0,,,,,,,,,""
16769118606,"Dec 13, 2025, 8:29:46 PM",Afternoon Run,Run,,5291,11.87,178.0,36,false,,,activities/17859720796.fit.gz,,,5291.0,3184.0,11872.5,5.4,3.729,0.0,0.0,0.0,0.0,0.0,0.0,,,108.0,88.0,178.0,132.0,,189.0,633.0,,,36.0,998528.0,,,,,,,,299.0,4181.0,,,0.0,,1.0,11872.5,,,,,,,,,,,,,,,,,,,,,,,,,,,2.244,0.0,,,,8872.0,0.0,,587.0,225.0,,,,,,,,,,,,,""
16724848647,"Dec 12, 2025, 4:26:12 PM",Easy,Run,"",2585,8.00,179.0,45,false,,,activities/17814922493.fit.gz,,,2585.0,2288.0,7999.8,5.14,3.496,36.0,36.0,175.6,187.2,36.4,0.0,,,102.0,91.0,179.0,160.0,,299.0,511.0,,,45.0,684416.0,,,,,,,,282.0,2586.0,,,0.0,,1.0,8192.2,,,,,,,,,,,,,,,,,,,,,,,,,,,3.095,0.0,,,,6864.0,0.0,,322.0,212.0,3.581,,,0.0,,,,,,,,,""
16670697781,"Dec 5, 2025, 9:49:50 PM",Afternoon Run,Run,,837,2.90,148.0,3,false,,,activities/17760010024.fit.gz,,,837.0,837.0,2900.0,3.84,3.465,2.0,1.0,418.2,420.4,2.8,0.0,,,92.0,88.0,148.0,139.0,,295.0,159.0,,,3.0,246968.0,,,,,,,,291.0,838.0,,,0.0,,1.0,2907.4,,,,,,,,,,,,,,,,,,,,,,,,,,,3.465,0.0,,,,2466.0,0.0,,111.0,219.0,3.474,,,,,,,,,,,,""
16651570906,"Dec 4, 2025, 8:26:34 PM",Running when snowing was not it,Run,"",1521,4.68,172.0,14,false,,,activities/17740581504.fit.gz,,,1521.0,1284.0,4680.5,4.58,3.645,19.0,20.0,172.2,182.4,33.3,-0.1,,,100.0,91.0,172.0,145.0,,320.0,268.0,,,14.0,411609.0,,,,,,,,297.0,1522.0,,,0.0,,1.0,4738.6,,,,,,,,,,,,,,,,,,,,,,,,,,,3.077,130.1,,,,3822.0,0.0,,210.0,223.0,3.69,,,0.0,,,,,,,,,""
16643472465,"Dec 3, 2025, 10:31:32 PM",Recovery,Run,"",2736,8.00,158.0,16,false,,Adidas Boston 12 white (670km),activities/17732352091.fit.gz,,,2736.0,2504.0,8002.9,5.12,3.196,50.0,54.0,168.0,179.6,26.5,0.0,,,100.0,90.0,158.0,145.0,,285.0,492.0,,,16.0,714967.0,,,,,,,,277.0,2737.0,,,0.0,,1.0,8233.1,,,,,,,,,,,,,,,,27475328.0,,,,,,,,,,,2.925,141.1,,,,7466.0,0.0,,329.0,208.0,3.288,,,0.0,,,,,,,,,""
16633775286,"Dec 2, 2025, 11:35:11 PM",Evening Run,Run,,239,0.76,146.0,1,false,,,activities/17722540695.fit.gz,,,239.0,239.0,760.0,3.5,3.18,0.0,0.0,178.6,179.4,1.6,-0.1,,,89.0,88.0,146.0,142.0,,269.0,49.0,,,1.0,64172.0,,,,,,,,255.0,240.0,,,0.0,,1.0,753.0,,,,,,,,,,,,,,,,,,,,,,,,,,,3.18,0.0,,,,698.0,0.0,,24.0,192.0,3.151,,,,,,,,,,,,""
16633574765,"Dec 2, 2025, 10:57:33 PM",Idk,Run,"1k(forgot to turn on my watch) 5x400 2x200 
Threshold pace idk 🤔",1259,3.30,177.0,6,false,,,activities/17722339967.fit.gz,,,1259.0,1179.0,3301.7,5.94,2.8,9.0,10.0,169.6,176.6,8.7,0.0,,,105.0,79.0,177.0,136.0,,219.0,216.0,,,6.0,243680.0,,,,,,,,267.0,1261.0,,,0.0,,1.0,3327.2,,,,,,,,,,,,,,,,,,,,,,,,,,,2.622,138.9,,,,2750.0,0.0,,141.0,201.0,2.822,,,0.0,,,,,,,,,""
16623350068,"Dec 1, 2025, 9:47:22 PM",Recovery,Run,"",3443,9.00,162.0,18,false,,Adidas Boston 12 white (670km),activities/17711961168.fit.gz,,,3443.0,2760.0,9004.3,4.94,3.262,26.0,23.0,172.0,183.0,6.3,0.0,,,98.0,90.0,162.0,144.0,,279.0,556.0,,,18.0,771881.0,,,,,,,,263.0,3252.0,,,0.0,,1.0,9054.1,,,,,,,,,,,,,,,,27475328.0,,,,,,,,,,,2.615,282.8,,,,8242.0,0.0,,353.0,198.0,3.28,,,0.0,,,,,,,,,""
16623610370,"Nov 30, 2025, 11:51:00 PM",Treadmill workout,Run,6x5 kind threshold progressive 4:00 to 3:22,3900,13.00,,,false,,,,,,3900.0,3900.0,13000.0,,3.333,,,,,,0.0,,,,,,,,,,,,,,,,,,,,,,,,,0.0,,0.0,,,,,,,,,,,,,,,,,,,,,,,,,,,,3.333,0.0,,,,,0.0,,,,,,,,,,,,,,,,""
16601890412,"Nov 29, 2025, 3:00:59 PM",Easy,Run,"",4186,11.00,163.0,18,false,,Adidas Boston 12 white (670km),activities/17690120707.fit.gz,,,4186.0,3232.0,11008.7,4.7,3.406,24.0,23.0,179.0,188.4,11.7,0.0,,,123.0,92.0,163.0,138.0,,291.0,641.0,,,18.0,942175.0,,,,,,,,267.0,4188.0,,,0.0,,1.0,11086.5,,,,,,,,,,,,,,,,27475328.0,,,,,,,,,,,2.63,265.6,,,,9700.0,0.0,,469.0,201.0,3.43,,,0.0,,,,,,,,,""
16601921288,"Nov 28, 2025, 10:15:00 PM",Treadmill double,Run,"",3000,10.00,,,false,,Adidas Boston 12 white (670km),,,,3000.0,3000.0,10000.0,,3.333,,,,,,0.0,,,,,,,,,,,,,,,,,,,,,,,,,0.0,,0.0,,,,,,,,,,,,,,,,,27475328.0,,,,,,,,,,,3.333,0.0,,,,,0.0,,,,,,,0.0,,,,,,,,,""
16593618568,"Nov 28, 2025, 5:29:32 PM",Lunch Run,Run,"",5482,3.17,179.0,10,false,,New Balance 1080 V14,activities/17681689415.fit.gz,,,5482.0,1031.0,3177.3,5.1,3.082,24.0,32.0,174.8,192.8,29.6,-0.1,,,97.0,86.0,179.0,138.0,,282.0,190.0,,,10.0,273205.0,,,,,,,,245.0,1611.0,,,0.0,,1.0,3306.3,,,,,,,,,,,,,,,,20717603.0,,,,,,,,,,,0.58,53.8,,,,2768.0,0.0,,151.0,184.0,3.207,,,0.0,,,,,,,,,""
16592879356,"Nov 27, 2025, 3:40:45 PM",Morning Run,Run,"",2638,2.86,152.0,2,false,,New Balance 1080 V14,activities/17680944766.fit.gz,,,2638.0,1812.0,2864.0,4.04,1.581,42.0,46.0,178.6,190.8,40.0,0.0,,,118.0,67.0,152.0,86.0,,140.0,181.0,,,2.0,229242.0,,,,,,,,165.0,2136.0,,,0.0,,1.0,3145.9,,,,,,,,,,,,,,,,20717603.0,,,,,,,,,,,1.086,0.0,,,,3652.0,0.0,,91.0,124.0,1.736,,,0.0,,,,,,,,,""
16592879221,"Nov 27, 2025, 6:46:31 AM",Night Run,Run,,344,0.05,120.0,0,false,,,activities/17680944760.fit.gz,,,344.0,42.0,50.7,1.84,1.207,3.0,0.0,180.6,188.8,37.8,3.9,,,72.0,56.0,120.0,81.0,,10.0,22.0,,,0.0,779.0,,,,,,,,7.0,345.0,,,0.0,,1.0,95.9,,,,,,,,,,,,,,,,,,,,,,,,,,,0.147,0.0,,,,46.0,0.0,,0.0,5.0,2.283,,,,,,,,,,,,""
16566220807,"Nov 25, 2025, 7:54:08 PM",2x4x400,Run,"",4414,8.00,179.0,9,false,,Nike Streakfly,activities/17653799064.fit.gz,,,4414.0,3008.0,8001.6,6.92,2.66,20.0,19.0,178.8,189.6,50.0,0.1,,,107.0,88.0,179.0,130.0,,275.0,466.0,,,9.0,631903.0,,,,,,,,241.0,3799.0,,,0.0,,1.0,8083.9,,,,,,,,,,,,,,,,20717645.0,,,,,,,,,,,1.813,13.8,,,,6548.0,0.0,,346.0,181.0,2.687,,,0.0,,,,,,,,,""
16566220744,"Nov 24, 2025, 10:11:39 PM",Afternoon Walk,Walk,,1260,1.68,121.0,2,false,,,activities/17653799024.fit.gz,,,1260.0,1201.0,1684.9,2.355,1.403,7.0,6.0,179.4,186.2,18.2,0.1,,,93.0,58.0,121.0,104.0,,,117.0,,,2.0,,,,,,,,,,,,,0.0,,1.0,,,,,,,,,,,,,,,,,,,,,,,,,,,,1.337,21.6,,,,2296.0,0.0,,,,,,,,,,,,,,,,""
16566220767,"Nov 24, 2025, 9:49:19 PM",Afternoon Run,Run,,1034,2.53,161.0,6,false,,,activities/17653799033.fit.gz,,,1034.0,801.0,2538.4,4.08,3.169,7.0,3.0,178.8,186.2,7.1,0.1,,,97.0,88.0,161.0,144.0,,271.0,161.0,,,6.0,217725.0,,,,,,,,246.0,1036.0,,,0.0,,1.0,2561.1,,,,,,,,,,,,,,,,,,,,,,,,,,,2.455,12.9,,,,2318.0,0.0,,98.0,185.0,3.197,,,,,,,,,,,,""
16549175308,"Nov 23, 2025, 10:02:47 PM",6.7 in kilometers,Run,Recovery my legs are sore 🥲,2322,6.71,158.0,12,false,,,activities/17636513842.fit.gz,,,2322.0,2122.0,6711.9,4.1,3.163,11.0,12.0,173.4,183.4,7.0,0.0,,,94.0,88.0,158.0,146.0,,275.0,441.0,,,12.0,582695.0,,,,,,,,267.0,2323.0,,,0.0,,1.0,6743.0,,,,,,,,,,,,,,,,,,,,,,,,,,,2.891,0.0,,,,6206.0,0.0,,260.0,201.0,3.178,,,0.0,,,,,,,,,""
16538589858,"Nov 22, 2025, 11:29:45 PM",Shouldn’t eat bread 1h before run,Run,Tempo effort but pace oops 🙃💀,2814,10.01,183.0,58,false,,,activities/17625759832.fit.gz,,,2814.0,2647.0,10012.3,6.18,3.783,30.0,28.0,178.8,186.6,5.7,0.0,,,99.0,90.0,183.0,162.0,,326.0,627.0,,,58.0,862446.0,,,,,,,,316.0,2816.0,,,0.0,,1.0,10062.7,,,,,,,,,,,,,,,,,,,,,,,,,,,3.558,272.8,,,,7908.0,0.0,,442.0,238.0,3.802,,,0.0,,,,,,,,,""
16528448595,"Nov 21, 2025, 10:21:15 PM",Easy,Run,Maybe more careful when crossing the roads,2819,9.64,166.0,32,false,,,activities/17615488533.fit.gz,,,2819.0,2706.0,9647.3,5.0,3.565,20.0,22.0,175.8,183.8,11.4,0.0,,,95.0,88.0,166.0,151.0,,310.0,609.0,,,32.0,839460.0,,,,,,,,303.0,2820.0,,,0.0,,1.0,9708.0,,,,,,,,,,,,,,,,,,,,,,,,,,,3.422,142.4,,,,7924.0,0.0,,406.0,228.0,3.588,,,0.0,,,,,,,,,""
16536890358,"Nov 19, 2025, 8:55:00 PM",Afternoon Run,Run,"",4488,12.00,,,false,,,,,,4488.0,4488.0,12000.0,,2.674,,,,,,0.0,,,,,,,,,,,,,,,,,,,,,,,,,0.0,,0.0,,,,,,,,,,,,,,,,,,,,,,,,,,,,2.674,0.0,,,,,0.0,,,,,,,0.0,,,,,,,,,""
16508043588,"Nov 18, 2025, 6:52:48 PM",Watch died 🥲🥲,Run,"5x1k 600 2x400 2x200
+ 1 mile CD",2268,8.40,,,false,,,,,,2268.0,2268.0,8400.0,,3.704,,,,,,0.0,,,,,,,,,,,,,,,,,,,,,,,,,0.0,,0.0,,,,,,,,,,,,,,,,,,,,,,,,,,,,3.704,0.0,,,,,0.0,,,,,,,0.0,,,,,,,,,""
16507994435,"Nov 18, 2025, 10:16:33 PM",Wu,Run,"",927,3.27,167.0,9,false,,,activities/17594809515.fit.gz,,,927.0,927.0,3270.2,4.08,3.528,7.0,42.0,178.8,184.0,5.6,0.0,,,96.0,88.0,167.0,145.0,,308.0,203.0,,,9.0,285540.0,,,,,,,,305.0,928.0,,,0.0,,1.0,3284.1,,,,,,,,,,,,,,,,,,,,,,,,,,,3.528,142.0,,,,2726.0,0.0,,135.0,229.0,3.543,,,0.0,,,,,,,,,""
16489917387,"Nov 17, 2025, 11:07:19 PM",Easy,Run,"",3410,10.00,154.0,13,false,,,activities/17576602817.fit.gz,,,3410.0,2961.0,10004.8,4.66,3.379,35.0,31.0,172.0,182.6,9.5,0.0,,,97.0,91.0,154.0,142.0,,298.0,614.0,,,13.0,883247.0,,,,,,,,287.0,3344.0,,,0.0,,1.0,10091.2,,,,,,,,,,,,,,,,,,,,,,,,,,,2.934,278.0,,,,8932.0,0.0,,432.0,216.0,3.408,,,0.0,,,,,,,,,""
16481272817,"Nov 16, 2025, 10:26:54 PM",Afternoon Run,Run,,1636,2.55,126.0,2,false,,,activities/17567916926.fit.gz,,,1636.0,1490.0,2558.4,5.18,1.717,25.0,22.0,171.8,180.4,27.3,0.0,,,96.0,63.0,126.0,92.0,,132.0,153.0,,,2.0,200669.0,,,,,,,,134.0,1637.0,,,0.0,,1.0,2699.7,,,,,,,,,,,,,,,,,,,,,,,,,,,1.564,121.6,,,,3182.0,0.0,,46.0,101.0,1.812,,,,,,,,,,,,""
16481271680,"Nov 16, 2025, 9:51:36 PM",Afternoon Run,Run,,2068,5.67,161.0,7,false,,,activities/17567915779.fit.gz,,,2068.0,1801.0,5674.2,4.92,3.151,25.0,34.0,169.8,183.4,20.9,-0.1,,,97.0,89.0,161.0,130.0,,265.0,339.0,,,7.0,475649.0,,,,,,,,253.0,2069.0,,,0.0,,1.0,5810.3,,,,,,,,,,,,,,,,,,,,,,,,,,,2.744,100.6,,,,5218.0,0.0,,207.0,190.0,3.226,,,,,,,,,,,,""
16459386295,"Nov 14, 2025, 10:34:09 PM",Apple cider Mile,Run,too sweet take too long to drink the second cup,421,1.63,169.0,2,false,,,activities/17545769443.fit.gz,,,421.0,421.0,1636.9,6.82,3.888,0.0,1.0,172.8,174.2,33.3,0.0,,,107.0,95.0,169.0,143.0,,390.0,93.0,,,2.0,129662.0,,,,,,,,324.0,423.0,,,0.0,,1.0,1639.0,,,,,,,,,,,,,,,,,,,,,,,,,,,3.888,0.0,,,,1024.0,0.0,,69.0,244.0,3.893,,,0.0,,,,,,,,,""
16459386335,"Nov 14, 2025, 9:23:07 PM",Not easy,Run,My stomach hurts 🥲,2389,8.14,159.0,19,false,,,activities/17545769474.fit.gz,,,2389.0,2199.0,8147.2,4.9,3.705,10.0,13.0,171.2,178.8,8.1,0.0,,,97.0,89.0,159.0,147.0,,321.0,495.0,,,19.0,705223.0,,,,,,,,309.0,2391.0,,,0.0,,1.0,8193.6,,,,,,,,,,,,,,,,,,,,,,,,,,,3.41,0.0,,,,6520.0,0.0,,357.0,232.0,3.726,,,0.0,,,,,,,,,""
16450833187,"Nov 13, 2025, 10:16:01 PM",Workout,Run,5x1200 2x400,4845,12.00,159.0,11,false,,,activities/17537155064.fit.gz,,,4845.0,3017.0,12004.0,6.0,3.979,10.0,16.0,167.0,177.8,10.1,-0.1,,,101.0,91.0,159.0,130.0,,357.0,607.0,,,11.0,1036141.0,,,,,,,,324.0,4053.0,,,0.0,,1.0,12056.7,,,,,,,,,,,,,,,,,,,,,,,,,,,2.478,136.0,,,,8660.0,0.0,,669.0,244.0,3.996,,,0.0,,,,,,,,,""
16440721689,"Nov 12, 2025, 10:05:07 PM",Easy,Run,"",4254,11.01,157.0,12,false,,,activities/17526981923.fit.gz,,,4254.0,3166.0,11010.1,4.92,3.478,28.0,30.0,165.4,182.6,27.0,-0.1,,,100.0,89.0,157.0,131.0,,297.0,627.0,,,12.0,940164.0,,,,,,,,273.0,4032.0,,,0.0,,1.0,11122.8,,,,,,,,,,,,,,,,,,,,,,,,,,,2.588,19.6,,,,9288.0,0.0,,471.0,205.0,3.513,,,0.0,,,,,,,,,""
16460128989,"Nov 11, 2025, 11:36:59 PM",Tread workout,Run,3km WU + 4x1k@3:45 + 3km CD,3000,10.00,,,false,,,,,,3000.0,3000.0,10000.0,,3.333,,,,,,0.0,,,,,,,,,,,,,,,,,,,,,,,,,0.0,,0.0,,,,,,,,,,,,,,,,,,,,,,,,,,,,3.333,0.0,,,,,0.0,,,,,,,,,,,,,,,,""
16419343623,"Nov 10, 2025, 10:21:02 PM",Easy,Run,I hate snow,2922,10.00,145.0,10,false,,,activities/17505472067.fit.gz,,,2922.0,2778.0,10008.8,4.8,3.603,14.0,10.0,169.2,175.6,6.2,0.0,,,98.0,90.0,145.0,134.0,,311.0,557.0,,,10.0,863727.0,,,,,,,,303.0,2924.0,,,0.0,,1.0,10048.5,,,,,,,,,,,,,,,,,,,,,,,,,,,3.425,0.0,,,,8296.0,0.0,,421.0,228.0,3.617,,,0.0,,,,,,,,,""
16409735222,"Nov 9, 2025, 10:39:54 PM",Treadmil,Run,Snow 🥲🥲,2038,6.79,150.0,7,false,,,activities/17495808056.fit.gz,,,2038.0,1801.0,6797.4,4.32,3.774,0.0,0.0,0.0,0.0,0.0,0.0,,,93.0,86.0,150.0,128.0,,286.0,327.0,,,7.0,582388.0,,,,,,,,312.0,2010.0,,,0.0,,1.0,6797.4,,,,,,,,,,,,,,,,,,,,,,,,,,,3.335,0.0,,,,5170.0,0.0,,307.0,235.0,,,,0.0,,,,,,,,,""
16398655695,"Nov 8, 2025, 11:02:50 PM",Evening Run,Run,,97,0.40,122.0,0,false,,,activities/17484596464.fit.gz,,,97.0,97.0,400.1,7.04,4.125,0.0,0.0,199.4,200.2,7.1,0.0,,,107.0,91.0,122.0,98.0,,267.0,13.0,,,0.0,25424.0,,,,,,,,229.0,98.0,,,0.0,,1.0,402.4,,,,,,,,,,,,,,,,,,,,,,,,,,,4.125,0.0,,,,244.0,0.0,,8.0,172.0,4.148,,,,,,,,,,,,""
16394530002,"Nov 8, 2025, 2:28:06 PM",Morning Walk,Walk,"",1323,1.93,,,false,,,activities/16394530002.gpx,,,1323.0,1187.0,1930.0,4.34,1.626,14.0,13.8,175.2,182.9,17.6,-0.1,,,,,,,,,,,,,,,,,,,,,,,,,0.0,,1.0,,,,,,,,,,,,,,,,,,,,,,,,,,,,1.459,0.0,,,,,0.0,,,,,,,,,,,,,,,,""
16380405206,"Nov 6, 2025, 10:18:00 PM",Threshold,Run,"2x2k
2x1k
2x400 @5k pace",3702,10.40,160.0,10,false,,,activities/17466160706.fit.gz,,,3702.0,2973.0,10405.8,6.28,3.5,18.0,21.0,175.0,181.4,15.3,0.0,,,101.0,92.0,160.0,133.0,,326.0,592.0,,,10.0,865509.0,,,,,,,,308.0,3334.0,,,0.0,,1.0,10468.8,,,,,,,,,,,,,,,,,,,,,,,,,,,2.811,144.1,,,,8124.0,0.0,,497.0,232.0,3.521,,,0.0,,,,,,,,,""
16380422660,"Nov 5, 2025, 10:46:26 PM",Easy,Run,"",4405,11.59,156.0,15,false,,,activities/17466179224.tcx.gz,,,4405.0,4405.0,11597.1,5.34,2.633,0.0,0.0,0.0,0.0,0.0,0.0,,,,,156.0,128.0,,224.0,592.0,,,15.0,,,,,,,,,322.0,3243.0,,,0.0,,1.0,11597.1,,,,,,,,,,,,,,,,,,,,,,,,,,,2.633,0.0,,,,,0.0,,527.0,242.0,,,,0.0,,,,,,,,,""
16357923827,"Nov 4, 2025, 9:58:17 PM",3x(1000m r 1’ 600 r2’),Run,"",5506,11.31,184.0,32,false,,,activities/17443545009.fit.gz,,,5506.0,3898.0,11309.7,6.36,2.901,23.0,31.0,171.8,181.8,40.0,0.0,,,103.0,88.0,184.0,146.0,,311.0,759.0,,,32.0,964122.0,,,,,,,,297.0,4448.0,,,0.0,,1.0,11396.7,,,,,,,,,,,,,,,,,,,,,,,,,,,2.054,161.5,,,,9012.0,0.0,,615.0,223.0,2.924,,,0.0,,,,,,,,,""
16346248030,"Nov 3, 2025, 9:40:33 PM",Easy,Run,"",3129,10.00,143.0,10,false,,,activities/17431813851.fit.gz,,,3129.0,2959.0,10008.0,5.2,3.382,30.0,36.0,171.0,180.8,25.0,0.0,,,95.0,89.0,143.0,130.0,,297.0,569.0,,,10.0,880108.0,,,,,,,,292.0,3131.0,,,0.0,,1.0,10193.2,,,,,,,,,,,,,,,,,,,,,,,,,,,3.198,0.0,,,,8722.0,0.0,,420.0,220.0,3.445,,,0.0,,,,,,,,,""
16332357268,"Nov 2, 2025, 1:33:23 PM",Easy,Run,"",1901,6.37,169.0,11,false,,,activities/17417721129.fit.gz,,,1901.0,1799.0,6373.3,4.64,3.543,0.0,0.0,0.0,0.0,0.0,0.0,,,93.0,85.0,169.0,138.0,,288.0,354.0,,,11.0,548751.0,,,,,,,,299.0,1903.0,,,0.0,,1.0,6373.3,,,,,,,,,,,,,,,,,,,,,,,,,,,3.353,0.0,,,,5180.0,0.0,,267.0,225.0,,,,0.0,,,,,,,,,""
16325048389,"Nov 1, 2025, 4:01:33 PM",Lunch Run,Run,,3255,5.26,172.0,7,false,,,activities/17410207445.fit.gz,,,3255.0,3177.0,5264.8,5.14,1.657,14.0,11.0,181.2,188.6,40.0,0.0,,,98.0,73.0,172.0,114.0,,188.0,391.0,,,7.0,418691.0,,,,,,,,200.0,3257.0,,,0.0,,1.0,5325.8,,,,,,,,,,,,,,,,,,,,,,,,,,,1.617,55.2,,,,5364.0,0.0,,204.0,150.0,1.676,,,,,,,,,,,,""
16325048324,"Nov 1, 2025, 3:07:23 PM",Lunch Run,Run,,1137,2.05,153.0,2,false,,,activities/17410207383.fit.gz,,,1137.0,1049.0,2055.9,3.94,1.96,10.0,8.0,178.0,185.0,7.2,0.1,,,120.0,69.0,153.0,109.0,,152.0,119.0,,,2.0,158823.0,,,,,,,,173.0,1138.0,,,0.0,,1.0,2077.7,,,,,,,,,,,,,,,,,,,,,,,,,,,1.808,40.5,,,,2352.0,0.0,,53.0,130.0,1.981,,,,,,,,,,,,""
16325048321,"Oct 31, 2025, 9:20:15 PM",Afternoon Run,Run,,1044,1.78,135.0,1,false,,,activities/17410207374.fit.gz,,,1044.0,923.0,1785.9,5.18,1.935,19.0,15.0,174.2,184.0,35.3,0.0,,,97.0,83.0,135.0,122.0,,246.0,131.0,,,1.0,146814.0,,,,,,,,219.0,1045.0,,,0.0,,1.0,1882.3,,,,,,,,,,,,,,,,,,,,,,,,,,,1.711,0.0,,,,1674.0,0.0,,78.0,165.0,2.039,,,,,,,,,,,,""
16315118007,"Oct 31, 2025, 7:48:51 PM",First workout back,Run,4x5 threshold,3266,9.00,177.0,35,false,,,activities/17400098029.fit.gz,,,3266.0,2622.0,9006.2,5.34,3.435,30.0,31.0,174.2,187.6,13.8,0.0,,,100.0,89.0,177.0,153.0,,313.0,583.0,,,35.0,773362.0,,,,,,,,299.0,3161.0,,,0.0,,1.0,9167.4,,,,,,,,,,,,,,,,,,,,,,,,,,,2.758,52.1,,,,7184.0,0.0,,444.0,225.0,3.496,,,0.0,,,,,,,,,""
16314003160,"Oct 30, 2025, 7:50:18 PM",Bike,Ride,"",6704,15.10,135.0,8,false,,,activities/17398973860.fit.gz,,9.0,6704.0,3800.0,15108.8,6.612,3.976,41.0,33.0,177.8,188.6,40.0,0.0,,,,,135.0,102.0,,,378.0,,,8.0,,,,,,,,,,,,,0.0,,1.0,,,,,,,,,,,,,,,,,,,,,,,,,,,,2.254,37.7,,,,,0.0,,,,,,,0.0,,,,,,,,,""
16314003269,"Oct 29, 2025, 10:19:23 PM",Evening Run,Run,,916,3.00,144.0,3,false,,,activities/17398973945.fit.gz,,,916.0,916.0,3005.5,3.88,3.281,7.0,7.0,177.2,183.4,8.0,0.0,,,94.0,87.0,144.0,136.0,,287.0,185.0,,,3.0,263076.0,,,,,,,,284.0,917.0,,,0.0,,1.0,3035.7,,,,,,,,,,,,,,,,,,,,,,,,,,,3.281,44.0,,,,2662.0,0.0,,116.0,214.0,3.314,,,,,,,,,,,,""
16314003143,"Oct 29, 2025, 9:18:16 PM",Afternoon Run,Run,,852,2.24,159.0,4,false,,,activities/17398973935.fit.gz,,,852.0,668.0,2241.4,4.66,3.355,9.0,10.0,178.2,184.6,9.6,0.0,,,98.0,88.0,159.0,139.0,,290.0,134.0,,,4.0,194035.0,,,,,,,,259.0,854.0,,,0.0,,1.0,2268.4,,,,,,,,,,,,,,,,,,,,,,,,,,,2.631,16.0,,,,1930.0,0.0,,90.0,195.0,3.396,,,,,,,,,,,,""
16313999071,"Oct 26, 2025, 9:06:41 PM",Afternoon Ride,Ride,,3601,0,119.0,6,false,,,activities/17398969782.fit.gz,,9.0,3601.0,3601.0,0.0,0.0,0.0,0.0,0.0,0.0,0.0,0.0,0.0,,,,,119.0,93.0,,,259.0,,,6.0,,,,,,,,,,,,,0.0,,1.0,,,,,,,,,,,,,,,,,,,,,,,,,,,,0.0,0.0,,,,,0.0,,,,,,,,,,,,,,,,""
16245543935,"Oct 24, 2025, 9:03:33 PM",First run back,Run,Not really good,4281,10.00,142.0,10,false,,,activities/17329813823.fit.gz,,,4281.0,3473.0,10003.6,4.92,2.88,26.0,24.0,176.4,185.2,21.6,0.0,,,121.0,79.0,142.0,117.0,,242.0,529.0,,,10.0,838331.0,,,,,,,,258.0,3955.0,,,0.0,,1.0,10093.9,,,,,,,,,,,,,,,,,,,,,,,,,,,2.337,32.8,,,,8994.0,0.0,,413.0,194.0,2.906,,,0.0,,,,,,,,,""
16237010531,"Oct 23, 2025, 10:56:44 PM",Bike,Ride,"",2701,0,118.0,4,false,,,activities/17321221095.fit.gz,,9.0,2701.0,2701.0,0.0,0.0,0.0,0.0,0.0,0.0,0.0,0.0,0.0,,,,,118.0,92.0,,,195.0,,,4.0,,,,,,,,,,,,,0.0,,1.0,,,,,,,,,,,,,,,,,,,,,,,,,,,,0.0,0.0,,,,,0.0,,,,,,,0.0,,,,,,,,,""
16225318092,"Oct 21, 2025, 8:47:14 PM",Bike,Ride,"",4406,0,115.0,7,false,,,activities/17309467895.fit.gz,,9.0,4406.0,4406.0,0.0,0.0,0.0,0.0,0.0,0.0,0.0,0.0,0.0,,,,,115.0,89.0,,,272.0,,,7.0,,,,,,,,,,,,,0.0,,1.0,,,,,,,,,,,,,,,,,,,,,,,,,,,,0.0,0.0,,,,,0.0,,,,,,,0.0,,,,,,,,,""
16205092517,"Oct 20, 2025, 8:58:54 PM",Afternoon Ride,Ride,,2027,0,109.0,3,false,,,activities/17289101446.fit.gz,,9.0,2027.0,2027.0,0.0,0.0,0.0,0.0,0.0,0.0,0.0,0.0,0.0,,,,,109.0,85.0,,,103.0,,,3.0,,,,,,,,,,,,,0.0,,1.0,,,,,,,,,,,,,,,,,,,,,,,,,,,,0.0,0.0,,,,,0.0,,,,,,,,,,,,,,,,""
16183497445,"Oct 18, 2025, 5:47:29 PM",Afternoon Run,Run,,843,2.81,150.0,3,false,,,activities/17267298780.fit.gz,,,843.0,843.0,2816.9,4.72,3.342,16.0,14.0,186.4,199.4,9.7,0.1,,,91.0,87.0,150.0,140.0,,301.0,173.0,,,3.0,253423.0,,,,,,,,299.0,844.0,,,0.0,,1.0,2848.0,,,,,,,,,,,,,,,,,,,,,,,,,,,3.342,2816.9,,,,2442.0,0.0,,118.0,225.0,3.378,,,,,,,,,,,,""
16183134371,"Oct 18, 2025, 4:43:34 PM",Lunch Run,Run,,1005,3.61,168.0,7,false,,,activities/17266932311.fit.gz,,,1005.0,952.0,3611.8,6.54,3.794,19.0,12.0,186.4,200.6,10.7,0.2,,,100.0,89.0,168.0,147.0,,330.0,219.0,,,7.0,311820.0,,,,,,,,342.0,1006.0,,,0.0,,1.0,3660.8,,,,,,,,,,,,,,,,,,,,,,,,,,,3.594,2540.2,,,,2748.0,0.0,,184.0,257.0,3.845,,,,,,,,,,,,""
16182591661,"Oct 18, 2025, 4:09:44 PM",Lunch Run,Run,,548,1.84,144.0,1,false,,,activities/17266383955.fit.gz,,,548.0,539.0,1841.9,6.3,3.417,6.0,2.0,183.2,191.2,6.6,0.1,,,102.0,88.0,144.0,130.0,,300.0,104.0,,,1.0,162071.0,,,,,,,,291.0,549.0,,,0.0,,1.0,1858.1,,,,,,,,,,,,,,,,,,,,,,,,,,,3.361,0.0,,,,1566.0,0.0,,73.0,219.0,3.447,,,,,,,,,,,,""
16149860523,"Oct 15, 2025, 1:08:25 PM",Pre race,Run,"400m, 3x1k, 2x400",3458,8.00,160.0,9,false,,,activities/17233360611.fit.gz,,,3458.0,2679.0,7999.1,6.7,2.986,22.0,22.0,176.4,185.2,13.9,0.0,,,105.0,85.0,160.0,126.0,,251.0,444.0,,,9.0,626021.0,,,,,,,,273.0,3068.0,,,0.0,,1.0,8086.5,,,,,,,,,,,,,,,,,,,,,,,,,,,2.313,33.0,,,,6948.0,0.0,,358.0,205.0,3.018,,,0.0,,,,,,,,,""
16149860584,"Oct 13, 2025, 11:58:55 AM",Morning Run,Run,,5233,9.65,160.0,12,false,,,activities/17233360521.fit.gz,,,5233.0,4297.0,9655.8,7.4,2.247,33.0,29.0,175.2,191.4,45.8,0.0,,,100.0,84.0,160.0,112.0,,205.0,561.0,,,12.0,806192.0,,,,,,,,206.0,5234.0,,,0.0,,1.0,9786.5,,,,,,,,,,,,,,,,,,,,,,,,,,,1.845,0.0,,,,10878.0,0.0,,349.0,155.0,2.278,,,,,,,,,,,,""
16150195497,"Oct 12, 2025, 1:15:04 PM",Morning Run,Run,,17572,13.82,173.0,17,false,,,activities/17233697664.fit.gz,,,17572.0,10308.0,13827.5,7.74,1.341,96.0,50.0,182.8,239.8,45.2,0.1,,,122.0,69.0,173.0,105.0,,159.0,931.0,,,17.0,1022332.0,,,,,,,,190.0,11821.0,,,0.0,,1.0,14052.0,,,,,,,,,,,,,,,,,,,,,,,,,,,0.787,106.1,,,,15172.0,0.0,,670.0,143.0,1.363,,,,,,,,,,,,""
16150188941,"Oct 12, 2025, 10:43:08 AM",Morning Run,Run,,4976,10.00,154.0,9,false,,,activities/17233691351.fit.gz,,,4976.0,4164.0,10004.1,10.8,2.403,32.0,26.0,179.4,199.6,25.0,0.1,,,123.0,76.0,154.0,108.0,,217.0,563.0,,,9.0,821084.0,,,,,,,,223.0,4977.0,,,0.0,,1.0,10131.1,,,,,,,,,,,,,,,,,,,,,,,,,,,2.01,154.6,,,,9672.0,0.0,,389.0,168.0,2.433,,,,,,,,,,,,""
16112178665,"Oct 12, 2025, 12:52:32 AM",Walk around Chicago,Run,"",2716,2.08,94.0,1,false,,,activities/17195242617.fit.gz,,,2716.0,1367.0,2083.8,5.8,1.524,60.0,15.0,188.2,242.2,46.9,2.3,,,75.0,53.0,94.0,75.0,,78.0,131.0,,,1.0,127489.0,,,,,,,,69.0,2717.0,,,0.0,,1.0,2147.9,,,,,,,,,,,,,,,,,,,,,,,,,,,0.767,120.4,,,,2984.0,0.0,,20.0,52.0,1.571,,,0.0,,,,,,,,,""
16112492140,"Oct 11, 2025, 8:03:06 PM",Afternoon Run,Run,,11110,7.97,108.0,7,false,,,activities/17195567420.fit.gz,,,11110.0,9047.0,7972.3,6.549,0.881,47.0,37.0,174.0,196.0,50.0,-0.1,,,103.0,54.0,108.0,78.0,,78.0,476.0,,,7.0,476842.0,,,,,,,,72.0,9083.0,,,0.0,,1.0,8192.1,,,,,,,,,,,,,,,,,,,,,,,,,,,0.718,4.1,,,,11148.0,0.0,,73.0,54.0,0.906,,,,,,,,,,,,""
16100395674,"Oct 10, 2025, 4:23:16 PM",Long,Run,Taper,4644,16.00,156.0,22,false,,,activities/17183304973.fit.gz,,,4644.0,4579.0,16002.0,4.7,3.495,35.0,31.0,179.0,189.6,12.7,0.0,,,97.0,91.0,156.0,145.0,,301.0,951.0,,,22.0,1379207.0,,,,,,,,299.0,4645.0,,,0.0,,1.0,16124.9,,,,,,,,,,,,,,,,,,,,,,,,,,,3.446,137.4,,,,13838.0,0.0,,652.0,225.0,3.521,,,0.0,,,,,,,,,""
16090301907,"Oct 9, 2025, 9:16:01 PM",7x800 r 2’,Run,"",4730,12.00,168.0,14,false,,,activities/17173112437.fit.gz,,,4730.0,3777.0,12004.5,6.78,3.178,29.0,30.0,181.2,189.4,40.0,0.0,,,123.0,90.0,168.0,125.0,,314.0,695.0,,,14.0,993304.0,,,,,,,,297.0,4543.0,,,0.0,,1.0,12116.3,,,,,,,,,,,,,,,,,,,,,,,,,,,2.538,55.6,,,,9300.0,0.0,,628.0,223.0,3.208,,,0.0,,,,,,,,,""
16086112099,"Oct 8, 2025, 9:25:57 PM",Recovery,Run,"",3823,10.00,151.0,10,false,,,activities/17168907111.fit.gz,,,3823.0,3331.0,10006.8,4.98,3.004,25.0,19.0,174.8,183.0,12.4,0.0,,,118.0,86.0,151.0,123.0,,256.0,567.0,,,10.0,849381.0,,,,,,,,250.0,3825.0,,,0.0,,1.0,10076.8,,,,,,,,,,,,,,,,,,,,,,,,,,,2.618,145.1,,,,9404.0,0.0,,375.0,188.0,3.025,,,0.0,,,,,,,,,""
16063761061,"Oct 7, 2025, 12:56:19 PM",Workout,Run,"3k,2k,1k threshold r 90’ 3:55 3:50 3:45 
3x1k r 2” 3:43 3:40 3:33
4x400 r 1” @3:20",5199,15.00,181.0,25,false,,,activities/17146342418.fit.gz,,,5199.0,4582.0,15005.1,6.18,3.275,0.0,0.0,0.0,0.0,0.0,0.0,,,125.0,88.0,181.0,132.0,,237.0,722.0,,,25.0,1229834.0,,,,,,,,310.0,5084.0,,,0.0,,1.0,15005.1,,,,,,,,,,,,,,,,,,,,,,,,,,,2.886,0.0,,,,10948.0,0.0,,766.0,233.0,,,,0.0,,,,,,,,,""
16047591155,"Oct 5, 2025, 8:50:34 PM",Long,Run,My stomach 🥲🥲,9476,22.83,186.0,34,false,,,activities/17130006625.fit.gz,,,9476.0,7755.0,22830.9,4.98,2.944,29.0,26.0,172.2,182.4,12.8,0.0,,,125.0,85.0,186.0,134.0,,250.0,1374.0,,,34.0,1916774.0,,,,,,,,251.0,9108.0,,,0.0,,1.0,22933.4,,,,,,,,,,,,,,,,,,,,,,,,,,,2.409,261.9,,,,21348.0,0.0,,902.0,189.0,2.957,,,0.0,,,,,,,,,""
16035906758,"Oct 4, 2025, 11:22:37 PM",Easy,Run,"Calf feels a bit better (still a bit of pain) 
Probably add 30 seconds/km cuz of the treadmill",2614,10.00,156.0,12,false,,,activities/17118125807.fit.gz,,,2614.0,2614.0,10006.5,4.96,3.828,0.0,0.0,0.0,0.0,0.0,0.0,,,93.0,87.0,156.0,142.0,,327.0,502.0,,,12.0,854573.0,,,,,,,,326.0,2615.0,,,0.0,,1.0,10006.5,,,,,,,,,,,,,,,,,,,,,,,,,,,3.828,0.0,,,,7602.0,0.0,,436.0,245.0,,,,0.0,,,,,,,,,""
16031982983,"Oct 4, 2025, 3:00:11 PM",DNF,Run,"",1084,4.11,174.0,14,false,,,activities/17114147716.fit.gz,,,1084.0,1048.0,4116.2,6.38,3.928,26.0,27.0,199.4,210.4,14.5,0.0,,,103.0,90.0,174.0,155.0,,345.0,239.0,,,14.0,354012.0,,,,,,,,341.0,1085.0,,,0.0,,1.0,4168.9,,,,,,,,,,,,,,,,,,,,,,,,,,,3.797,0.0,,,,3076.0,0.0,,197.0,256.0,3.978,,,0.0,,,,,,,,,""
16031138184,"Oct 4, 2025, 2:13:23 PM",Morning Run,Run,,624,2.03,168.0,5,false,,,activities/17113295701.fit.gz,,,624.0,621.0,2032.4,3.98,3.273,12.0,13.0,200.0,210.4,17.1,-0.1,,,94.0,86.0,168.0,144.0,,290.0,129.0,,,5.0,180979.0,,,,,,,,291.0,626.0,,,0.0,,1.0,2062.4,,,,,,,,,,,,,,,,,,,,,,,,,,,3.257,0.0,,,,1772.0,0.0,,83.0,219.0,3.321,,,,,,,,,,,,""
16019998219,"Oct 3, 2025, 12:19:23 PM",Walk/run,Run,8k XC Meet tmr,2886,5.00,156.0,7,false,,,activities/17101996645.fit.gz,,,2886.0,2348.0,5003.5,4.26,2.131,20.0,18.0,175.2,183.8,10.0,0.0,,,97.0,72.0,156.0,114.0,,175.0,304.0,,,7.0,408089.0,,,,,,,,195.0,2692.0,,,0.0,,1.0,5047.1,,,,,,,,,,,,,,,,,,,,,,,,,,,1.734,7.3,,,,5540.0,0.0,,161.0,147.0,2.15,,,0.0,,,,,,,,,""
16014629625,"Oct 2, 2025, 9:26:02 PM",Easy + 2x200,Run,Calves feel weird 🥲🥲,3606,12.02,148.0,13,false,,,activities/17096543237.fit.gz,,,3606.0,3518.0,12021.4,6.32,3.417,24.0,23.0,169.4,177.4,14.6,0.0,,,101.0,89.0,148.0,134.0,,295.0,663.0,,,13.0,1035487.0,,,,,,,,291.0,3607.0,,,0.0,,1.0,12070.2,,,,,,,,,,,,,,,,,,,,,,,,,,,3.334,122.5,,,,10444.0,0.0,,480.0,219.0,3.431,,,0.0,,,,,,,,,""
16009778613,"Oct 1, 2025, 9:16:55 PM",Recovery,Run,"",3050,10.00,163.0,23,false,,,activities/17091642383.fit.gz,,,3050.0,2871.0,10003.7,5.56,3.484,31.0,30.0,165.2,176.8,14.5,0.0,,,96.0,89.0,163.0,148.0,,307.0,600.0,,,23.0,881450.0,,,,,,,,298.0,3051.0,,,0.0,,1.0,10096.0,,,,,,,,,,,,,,,,,,,,,,,,,,,3.28,31.6,,,,8504.0,0.0,,425.0,224.0,3.517,,,0.0,,,,,,,,,""
15991818183,"Sep 30, 2025, 8:13:22 PM",5xmile @3:43 r 2’,Run,"",5624,14.00,188.0,29,false,,,activities/17073446936.fit.gz,,,5624.0,3871.0,14004.3,5.92,3.618,47.0,44.0,169.6,184.6,42.3,0.0,,,101.0,90.0,188.0,140.0,,332.0,773.0,,,29.0,1240065.0,,,,,,,,321.0,4841.0,,,0.0,,1.0,14226.3,,,,,,,,,,,,,,,,,,,,,,,,,,,2.49,0.0,,,,10880.0,0.0,,782.0,241.0,3.675,,,0.0,,,,,,,,,""
15968022172,"Sep 28, 2025, 4:15:03 PM",Easy,Run,"",3236,9.74,160.0,17,false,,,activities/17049299575.fit.gz,,,3236.0,2994.0,9747.1,4.32,3.256,34.0,35.0,175.4,186.6,12.0,0.0,,,122.0,89.0,160.0,143.0,,281.0,592.0,,,17.0,843462.0,,,,,,,,274.0,3237.0,,,0.0,,1.0,9838.6,,,,,,,,,,,,,,,,,,,,,,,,,,,3.012,16.9,,,,8812.0,0.0,,381.0,206.0,3.286,,,0.0,,,,,,,,,""
15958052768,"Sep 27, 2025, 8:28:29 PM",Long,Run,The river views is great.,6184,20.00,161.0,31,false,,,activities/17039083655.fit.gz,,,6184.0,5883.0,20006.4,5.62,3.401,35.0,33.0,171.8,183.4,9.8,0.0,,,98.0,91.0,161.0,139.0,,290.0,1253.0,,,31.0,1707261.0,,,,,,,,288.0,6186.0,,,0.0,,1.0,20134.3,,,,,,,,,,,,,,,,,,,,,,,,,,,3.235,267.0,,,,17660.0,0.0,,807.0,217.0,3.422,,,0.0,,,,,,,,,""
15946844628,"Sep 26, 2025, 9:39:07 PM",Volunteer,Ride,"",3588,11.75,145.0,8,false,,,activities/17027606011.fit.gz,,9.0,3588.0,2489.0,11749.2,6.711,4.72,28.0,27.0,177.4,188.6,40.0,0.0,,,,,145.0,129.0,,,384.0,,,8.0,,,,,,,,,,,,,0.0,,1.0,,,,,,,,,,,,,,,,,,,,,,,,,,,,3.275,0.0,,,,,0.0,,,,,,,0.0,,,,,,,,,""
15946090208,"Sep 26, 2025, 7:08:30 PM",2x3k 2x1k,Run,In trainers,5327,14.00,176.0,40,false,"3k reps: 3:58 3:54
1k reps: 3:53 3:45",,activities/17026837966.fit.gz,,,5327.0,4435.0,14006.2,5.06,3.158,25.0,22.0,176.0,181.4,11.7,0.0,,,107.0,87.0,176.0,145.0,,269.0,839.0,,,40.0,1132920.0,,,,,,,,288.0,5214.0,,,0.0,,1.0,14133.0,,,,,,,,,,,,,,,,,,,,,,,,,,,2.629,0.0,,,,11814.0,0.0,,680.0,217.0,3.187,,,0.0,,,,,,,,,""
15938148954,"Sep 26, 2025, 12:42:31 AM",Easy,Run,Run back from nhà a Nhật và a Tiến,1139,2.00,161.0,3,false,,,activities/17018699632.fit.gz,,,1139.0,793.0,2004.5,4.38,2.528,7.0,7.0,175.4,181.8,11.5,0.1,,,122.0,83.0,161.0,123.0,,217.0,127.0,,,3.0,163267.0,,,,,,,,199.0,1140.0,,,0.0,,1.0,2025.2,,,,,,,,,,,,,,,,,,,,,,,,,,,1.76,39.4,,,,2014.0,0.0,,71.0,150.0,2.554,,,0.0,,,,,,,,,""
15938148962,"Sep 25, 2025, 9:58:02 PM",Easy,Run,"",4018,10.12,158.0,10,false,,,activities/17018699666.fit.gz,,,4018.0,2753.0,10120.9,5.26,3.676,18.0,21.0,178.2,185.6,10.1,0.0,,,97.0,92.0,158.0,128.0,,314.0,492.0,,,10.0,864481.0,,,,,,,,278.0,3773.0,,,0.0,,1.0,10169.8,,,,,,,,,,,,,,,,,,,,,,,,,,,2.519,13.8,,,,8354.0,0.0,,457.0,209.0,3.694,,,0.0,,,,,,,,,""
15914997770,"Sep 23, 2025, 9:16:06 PM",Afternoon Run,Run,,4126,8.00,168.0,19,false,,,activities/16994996709.fit.gz,,,4126.0,2382.0,8003.4,7.2,3.36,11.0,9.0,179.2,183.2,9.5,0.0,,,120.0,87.0,168.0,139.0,,300.0,443.0,,,19.0,663544.0,,,,,,,,294.0,3237.0,,,0.0,,1.0,8047.1,,,,,,,,,,,,,,,,,,,,,,,,,,,1.94,0.0,,,,6192.0,0.0,,439.0,221.0,3.378,,,,,,,,,,,,""
15914254665,"Sep 22, 2025, 9:01:36 PM",Afternoon Run,Run,,3538,6.60,138.0,6,false,,,activities/16994240747.fit.gz,,,3538.0,3184.0,6603.0,10.46,2.074,28.0,27.0,177.0,185.8,14.4,0.0,,,125.0,71.0,138.0,100.0,,162.0,364.0,,,6.0,513087.0,,,,,,,,183.0,3539.0,,,0.0,,1.0,6705.4,,,,,,,,,,,,,,,,,,,,,,,,,,,1.866,122.9,,,,7354.0,0.0,,186.0,138.0,2.106,,,,,,,,,,,,""
15881838709,"Sep 20, 2025, 10:38:16 PM",Long,Run,"",4965,14.00,148.0,14,false,,,activities/16960971388.fit.gz,,,4965.0,4001.0,14002.7,4.66,3.5,47.0,46.0,174.8,185.2,11.5,0.0,,,123.0,92.0,148.0,131.0,,305.0,762.0,,,14.0,1221228.0,,,,,,,,282.0,4945.0,,,0.0,,1.0,14138.5,,,,,,,,,,,,,,,,,,,,,,,,,,,2.82,157.2,,,,12096.0,0.0,,617.0,212.0,3.534,,,0.0,,,,,,,,,""
15881277002,"Sep 20, 2025, 5:41:35 PM",Afternoon Ride,Ride,,8398,13.33,139.0,8,false,,,activities/16960392841.fit.gz,,9.0,8398.0,3178.0,13331.0,8.65,4.195,49.0,59.0,172.6,188.2,48.7,0.0,,,,,139.0,111.0,,,371.0,,,8.0,,,,,,,,,,,,,0.0,,1.0,,,,,,,,,,,,,,,,,,,,,,,,,,,,1.587,50.1,,,,,0.0,,,,,,,,,,,,,,,,""
15870708718,"Sep 20, 2025, 12:26:31 AM",Evening Ride,Ride,,2303,5.55,128.0,3,false,,,activities/16949511672.fit.gz,,9.0,2303.0,1414.0,5552.7,6.544,3.927,14.0,15.0,175.4,187.2,46.8,-0.1,,,,,128.0,106.0,,,170.0,,,3.0,,,,,,,,,,,,,0.0,,1.0,,,,,,,,,,,,,,,,,,,,,,,,,,,,2.411,0.0,,,,,0.0,,,,,,,,,,,,,,,,""
15869881321,"Sep 19, 2025, 10:38:51 PM",Evening Ride,Ride,,2289,6.56,145.0,4,false,,,activities/16948665366.fit.gz,,9.0,2289.0,1348.0,6565.1,8.217,4.87,30.0,25.0,176.8,191.4,5.7,0.1,,,,,145.0,127.0,,,244.0,,,4.0,,,,,,,,,,,,,0.0,,1.0,,,,,,,,,,,,,,,,,,,,,,,,,,,,2.868,0.0,,,,,0.0,,,,,,,,,,,,,,,,""
15869055991,"Sep 19, 2025, 7:54:36 PM",Afternoon Run,Run,,4262,12.00,175.0,24,false,,,activities/16947818676.fit.gz,,,4262.0,3451.0,12006.2,5.96,3.479,31.0,32.0,177.6,187.8,14.3,0.0,,,120.0,86.0,175.0,140.0,,299.0,681.0,,,24.0,985568.0,,,,,,,,304.0,4264.0,,,0.0,,1.0,12103.2,,,,,,,,,,,,,,,,,,,,,,,,,,,2.817,90.2,,,,9216.0,0.0,,619.0,229.0,3.507,,,,,,,,,,,,""
15858949049,"Sep 18, 2025, 9:16:18 PM",Easy,Run,"",2843,10.00,145.0,11,false,,,activities/16937451587.fit.gz,,,2843.0,2786.0,10003.2,4.34,3.591,23.0,20.0,177.8,188.4,8.4,0.0,,,92.0,88.0,145.0,136.0,,314.0,543.0,,,11.0,874667.0,,,,,,,,311.0,2844.0,,,0.0,,1.0,10088.5,,,,,,,,,,,,,,,,,,,,,,,,,,,3.519,82.3,,,,8128.0,0.0,,432.0,234.0,3.621,,,0.0,,,,,,,,,""
15836321107,"Sep 16, 2025, 9:16:08 PM",Failed tempo run,Run,"",4444,12.00,180.0,25,false,,,activities/16914257839.fit.gz,,,4444.0,3502.0,12004.5,5.38,3.428,21.0,19.0,176.6,183.0,12.1,0.0,,,107.0,86.0,180.0,142.0,,304.0,708.0,,,25.0,1036300.0,,,,,,,,310.0,4088.0,,,0.0,,1.0,12105.7,,,,,,,,,,,,,,,,,,,,,,,,,,,2.701,0.0,,,,9664.0,0.0,,616.0,233.0,3.457,,,0.0,,,,,,,,,""
15824356906,"Sep 15, 2025, 8:55:23 PM",Easy,Run,Feel kinda bad,4689,12.00,166.0,38,false,,,activities/16901971122.fit.gz,,,4689.0,3393.0,12001.3,4.56,3.537,37.0,41.0,175.8,186.6,33.7,0.0,,,113.0,88.0,166.0,151.0,,305.0,718.0,,,38.0,1037101.0,,,,,,,,283.0,4185.0,,,0.0,,1.0,12131.6,,,,,,,,,,,,,,,,,,,,,,,,,,,2.559,216.7,,,,9946.0,0.0,,526.0,213.0,3.575,,,0.0,,,,,,,,,""
15797993076,"Sep 13, 2025, 11:41:18 AM",Easy Long run,Run,Chạy với a Hoàng,9930,25.00,163.0,28,false,,,activities/16874391533.fit.gz,,,9930.0,8698.0,25002.0,4.74,2.874,47.0,49.0,172.6,182.2,13.9,0.0,,,112.0,88.0,163.0,121.0,,249.0,1438.0,,,28.0,2160396.0,,,,,,,,247.0,9470.0,,,0.0,,1.0,25146.2,,,,,,,,,,,,,,,,,,,,,,,,,,,2.518,238.5,,,,25422.0,0.0,,908.0,186.0,2.891,,,0.0,,,,,,,,,""
15792100165,"Sep 12, 2025, 11:35:38 PM",Bike side quest,Ride,"",2040,3.27,131.0,3,false,,,activities/16868166376.fit.gz,,9.0,2040.0,1227.0,3269.8,6.314,2.665,11.0,7.0,174.4,182.4,7.4,0.1,,,,,131.0,109.0,,,169.0,,,3.0,,,,,,,,,,,,,0.0,,1.0,,,,,,,,,,,,,,,,,,,,,,,,,,,,1.603,126.3,,,,,0.0,,,,,,,0.0,,,,,,,,,""
15792100198,"Sep 12, 2025, 8:50:51 PM",Easy,Run,UBRC,5381,10.00,172.0,33,false,,,activities/16868166390.fit.gz,,,5381.0,2856.0,10005.4,4.52,3.503,24.0,22.0,175.4,184.0,12.4,0.0,,,100.0,87.0,172.0,146.0,,304.0,587.0,,,33.0,867476.0,,,,,,,,291.0,3343.0,,,0.0,,1.0,10063.3,,,,,,,,,,,,,,,,,,,,,,,,,,,1.859,19.5,,,,8296.0,0.0,,444.0,219.0,3.524,,,0.0,,,,,,,,,""
15780544569,"Sep 11, 2025, 9:37:12 PM",Interval,Run,"1km float @3:39
3x(600, 400, 200)
3:24 3:21 2:58
3:21 3:10 2:47 ",5212,10.01,177.0,15,false,"",,activities/16855903436.fit.gz,,,5212.0,3862.0,10015.1,7.06,2.593,17.0,12.0,175.6,183.0,44.4,0.0,,,106.0,85.0,177.0,135.0,,266.0,631.0,,,15.0,821343.0,,,,,,,,260.0,4388.0,,,0.0,,1.0,10092.5,,,,,,,,,,,,,,,,,,,,,,,,,,,1.922,0.0,,,,8752.0,0.0,,464.0,195.0,2.613,,,0.0,,,,,,,,,""
15770082455,"Sep 10, 2025, 10:27:00 PM",Recovery,Run,Out and back to play pickleball with Antong,2160,6.00,,,false,,,,,,2160.0,2160.0,6000.0,,2.778,,,,,,0.0,,,,,,,,,,,,,,,,,,,,,,,,,0.0,,0.0,,,,,,,,,,,,,,,,,,,,,,,,,,,,2.778,0.0,,,,,0.0,,,,,,,,,,,,,,,,""
15757689351,"Sep 9, 2025, 9:11:09 PM",Tempo 6.4km + 2x1k + 400,Run,"6.4km (4miles) 25:54 @4:03 
Rest 5’
2x1k@3:41 
400@3:20",5664,14.01,181.0,36,false,,,activities/16831768217.fit.gz,,,5664.0,3888.0,14018.6,5.62,3.606,31.0,26.0,177.8,187.4,21.4,0.0,,,115.0,90.0,181.0,146.0,,320.0,789.0,,,36.0,1195020.0,,,,,,,,306.0,4887.0,,,0.0,,1.0,14102.8,,,,,,,,,,,,,,,,,,,,,,,,,,,2.475,0.0,,,,11030.0,0.0,,718.0,230.0,3.627,,,0.0,,,,,,,,,""
15745227380,"Sep 8, 2025, 8:52:08 PM",Easy with UBRC,Run,"",4519,12.00,169.0,18,false,,,activities/16818639135.fit.gz,,,4519.0,3191.0,12008.3,4.6,3.763,33.0,31.0,175.8,186.0,8.7,0.0,,,98.0,89.0,169.0,141.0,,325.0,647.0,,,18.0,1037158.0,,,,,,,,306.0,3828.0,,,0.0,,1.0,12072.2,,,,,,,,,,,,,,,,,,,,,,,,,,,2.657,0.0,,,,9468.0,0.0,,562.0,230.0,3.783,,,0.0,,,,,,,,,""
15734662734,"Sep 7, 2025, 9:55:11 PM",Recovery,Run,Felt terrible. Heart rate is even higher than yesterday 🥲,2629,8.36,183.0,41,false,,,activities/16807429105.fit.gz,,,2629.0,2622.0,8365.1,4.567,3.19,17.0,16.0,174.2,182.4,12.7,0.0,,,97.0,89.0,183.0,158.0,,278.0,553.0,,,41.0,727614.0,,,,,,,,279.0,2630.0,,,0.0,,1.0,8443.2,,,,,,,,,,,,,,,,,,,,,,,,,,,3.182,0.0,,,,7740.0,0.0,,321.0,210.0,3.22,,,0.0,,,,,,,,,""
15719979633,"Sep 6, 2025, 3:14:35 PM",Long run,Run,Plan to pickup 3km but can only do 1 🥲,7370,20.00,172.0,54,false,,,activities/16791844907.fit.gz,,,7370.0,6100.0,20004.5,5.26,3.279,48.0,36.0,172.8,185.4,9.7,0.0,,,115.0,91.0,172.0,148.0,,279.0,1214.0,,,54.0,1701204.0,,,,,,,,268.0,7191.0,,,0.0,,1.0,20143.8,,,,,,,,,,,,,,,,,,,,,,,,,,,2.714,114.6,,,,18156.0,0.0,,813.0,202.0,3.302,,,0.0,,,,,,,,,""
15709815026,"Sep 5, 2025, 8:27:12 PM",Recovery,Run,"",3416,10.00,168.0,19,false,,,activities/16781099505.fit.gz,,,3416.0,3283.0,10006.7,4.66,3.048,31.0,27.0,173.8,184.0,17.6,0.0,,,98.0,86.0,168.0,140.0,,267.0,609.0,,,19.0,874565.0,,,,,,,,270.0,3417.0,,,0.0,,1.0,10189.0,,,,,,,,,,,,,,,,,,,,,,,,,,,2.929,0.0,,,,9308.0,0.0,,391.0,203.0,3.104,,,0.0,,,,,,,,,""
15702263293,"Sep 5, 2025, 5:50:05 AM",Night Walk,Walk,"",1246,2.62,,,false,,,activities/15702263293.gpx,,,1246.0,816.0,2625.9,10.32,3.218,11.0,6.9,176.7,183.2,8.7,0.2,,,,,,,,,,,,,,,,,,,,,,,,,0.0,,1.0,,,,,,,,,,,,,,,,,,,,,,,,,,,,2.107,0.0,,,,,0.0,,,,,,,,,,,,,,,,""
15699737796,"Sep 4, 2025, 9:10:57 PM",Interval with UBRC 6x1k@3:39,Run,Probably can do another 2,4557,11.00,181.0,31,false,,,activities/16770392730.fit.gz,,,4557.0,3252.0,11007.7,5.84,3.385,11.0,11.0,178.8,186.4,28.6,0.0,,,115.0,89.0,181.0,150.0,,338.0,687.0,,,31.0,933729.0,,,,,,,,313.0,3771.0,,,0.0,,1.0,11064.2,,,,,,,,,,,,,,,,,,,,,,,,,,,2.416,0.0,,,,8240.0,0.0,,579.0,235.0,3.402,,,0.0,,,,,,,,,""
15687769524,"Sep 3, 2025, 11:36:35 AM",Easy,Run,"",3878,11.00,181.0,57,false,,,activities/16757489381.fit.gz,,,3878.0,3529.0,11004.4,4.56,3.118,28.0,27.0,175.6,186.2,9.6,0.0,,,122.0,89.0,181.0,157.0,,262.0,722.0,,,57.0,923422.0,,,,,,,,258.0,3880.0,,,0.0,,1.0,11065.8,,,,,,,,,,,,,,,,,,,,,,,,,,,2.838,0.0,,,,10244.0,0.0,,405.0,194.0,3.136,,,0.0,,,,,,,,,""
15676506094,"Sep 2, 2025, 9:44:18 PM",Failed workout,Run,"Overslept so then feel terrible on the run 
1600 800 1000 @3:42",2574,5.63,182.0,15,false,,,activities/16745138953.fit.gz,,,2574.0,1817.0,5631.0,5.4,3.099,5.0,4.0,177.2,181.0,12.0,0.0,,,98.0,84.0,182.0,143.0,,279.0,346.0,,,15.0,464714.0,,,,,,,,297.0,2126.0,,,0.0,,1.0,5669.7,,,,,,,,,,,,,,,,,,,,,,,,,,,2.188,0.0,,,,4480.0,0.0,,294.0,223.0,3.12,,,0.0,,,,,,,,,""
15662704523,"Sep 1, 2025, 5:37:28 PM",Afternoon Walk,Walk,"",3551,2.73,,,false,,,activities/15662704523.gpx,,,3551.0,1740.0,2737.6,13.9,1.573,9.0,9.7,176.7,182.2,5.6,0.0,,,,,,,,,,,,,,,,,,,,,,,,,0.0,,1.0,,,,,,,,,,,,,,,,,,,,,,,,,,,,0.771,0.0,,,,,0.0,,,,,,,,,,,,,,,,""
15660708213,"Sep 1, 2025, 3:37:36 PM",Lunch Walk,Walk,"",2205,2.56,,,false,,,activities/15660708213.gpx,,,2205.0,1972.0,2562.1,4.63,1.299,8.0,6.5,177.5,182.4,6.8,0.1,,,,,,,,,,,,,,,,,,,,,,,,,0.0,,1.0,,,,,,,,,,,,,,,,,,,,,,,,,,,,1.162,18.3,,,,,0.0,,,,,,,,,,,,,,,,""
15650962745,"Aug 31, 2025, 3:07:01 PM",Recovery,Run,"",4059,8.00,162.0,12,false,,,activities/16716803867.fit.gz,,,4059.0,3337.0,8003.6,4.28,2.398,29.0,30.0,172.0,183.4,11.7,0.0,,,122.0,77.0,162.0,120.0,,193.0,467.0,,,12.0,637160.0,,,,,,,,221.0,3819.0,,,0.0,,1.0,8081.2,,,,,,,,,,,,,,,,,,,,,,,,,,,1.972,0.0,,,,8426.0,0.0,,292.0,166.0,2.422,,,0.0,,,,,,,,,""
15641958324,"Aug 30, 2025, 9:10:48 PM",Evening Ride,Ride,"",3427,8.38,,,false,,,activities/15641958324.gpx,,9.0,3427.0,1918.0,8383.7,8.12,4.371,8.7,8.3,174.4,183.3,9.7,0.0,,,,,,,,,,,,,,,,,,,,,,,,,0.0,,1.0,,,,,,,,,,,,,,,,,,,,,,,,,,,,2.446,0.0,,,,,0.0,,,,,,,,,,,,,,,,""
15649492850,"Aug 30, 2025, 5:22:48 PM",Easy,Run,Run with Tristian and Johnny,3709,11.00,185.0,33,false,,,activities/16715203432.fit.gz,,,3709.0,3094.0,11006.3,7.36,3.557,36.0,32.0,173.4,184.6,14.0,0.0,,,108.0,91.0,185.0,148.0,,306.0,658.0,,,33.0,945242.0,,,,,,,,288.0,3654.0,,,0.0,,1.0,11117.0,,,,,,,,,,,,,,,,,,,,,,,,,,,2.967,116.8,,,,9300.0,0.0,,476.0,217.0,3.593,,,0.0,,,,,,,,,""
15624243464,"Aug 29, 2025, 5:38:23 AM",Morning Walk,Walk,"",12835,8.87,,,false,,,activities/15624243464.gpx,,,12835.0,1937.0,8873.1,19.98,4.581,20.0,45.1,176.7,209.9,6.1,-0.3,,,,,,,,,,,,,,,,,,,,,,,,,0.0,,1.0,,,,,,,,,,,,,,,,,,,,,,,,,,,,0.691,0.0,,,,,0.0,,,,,,,,,,,,,,,,""
15620680415,"Aug 28, 2025, 8:50:42 PM",UB Run club,Run,First run in the rain,3564,10.01,157.0,13,false,,,activities/16683594015.fit.gz,,,3564.0,2735.0,10017.2,5.86,3.663,54.0,23.0,149.8,180.2,10.0,0.1,,,100.0,88.0,157.0,141.0,,326.0,546.0,,,13.0,891187.0,,,,,,,,311.0,3070.0,,,0.0,,1.0,10159.4,,,,,,,,,,,,,,,,,,,,,,,,,,,2.811,0.0,,,,7994.0,0.0,,466.0,234.0,3.715,,,0.0,,,,,,,,,""
15610176524,"Aug 27, 2025, 9:33:14 PM",3x(1200 tempo + 800 race),Run,"",4372,8.01,179.0,18,false,,,activities/16672361984.fit.gz,,,4372.0,2478.0,8011.6,6.82,3.233,54.0,54.0,177.0,185.0,24.4,0.0,,,111.0,88.0,179.0,140.0,,308.0,467.0,,,18.0,666832.0,,,,,,,,284.0,3417.0,,,0.0,,1.0,8257.5,,,,,,,,,,,,,,,,,,,,,,,,,,,1.832,0.0,,,,6066.0,0.0,,433.0,214.0,3.332,,,0.0,,,,,,,,,""
15610172021,"Aug 27, 2025, 8:59:41 PM",Afternoon Run,Run,,1691,2.20,144.0,2,false,,,activities/16672357163.fit.gz,,,1691.0,668.0,2206.0,4.92,3.302,15.0,15.0,177.8,185.8,20.6,0.0,,,123.0,88.0,144.0,119.0,,287.0,108.0,,,2.0,191536.0,,,,,,,,238.0,1145.0,,,0.0,,1.0,2258.6,,,,,,,,,,,,,,,,,,,,,,,,,,,1.305,0.0,,,,1924.0,0.0,,101.0,179.0,3.381,,,,,,,,,,,,""
15597779388,"Aug 26, 2025, 8:53:42 PM",Afternoon Run,Run,,2400,4.03,171.0,7,false,,,activities/16659160194.fit.gz,,,2400.0,1654.0,4034.1,5.2,2.439,13.0,18.0,176.4,184.8,22.0,-0.1,,,122.0,78.0,171.0,128.0,,217.0,252.0,,,7.0,345201.0,,,,,,,,208.0,2075.0,,,0.0,,1.0,4108.2,,,,,,,,,,,,,,,,,,,,,,,,,,,1.681,0.0,,,,4062.0,0.0,,140.0,156.0,2.484,,,,,,,,,,,,""
15591941680,"Aug 26, 2025, 12:08:41 PM",30’ bike,Ride,+ core,1813,0,160.0,2,false,,,activities/16652989685.fit.gz,,9.0,1813.0,1813.0,0.0,0.0,0.0,0.0,0.0,0.0,0.0,0.0,0.0,,,,,160.0,81.0,,,82.0,,,2.0,,,,,,,,,,,,,0.0,,1.0,,,,,,,,,,,,,,,,,,,,,,,,,,,,0.0,0.0,,,,,0.0,,,,,,,0.0,,,,,,,,,""
15585966934,"Aug 25, 2025, 8:58:15 PM",Run with UB run club,Run,"",5246,13.01,174.0,22,false,,,activities/16646550508.fit.gz,,,5246.0,3599.0,13010.7,6.64,3.615,46.0,41.0,175.4,187.2,18.3,0.0,,,102.0,88.0,174.0,143.0,,318.0,700.0,,,22.0,1141710.0,,,,,,,,299.0,4455.0,,,0.0,,1.0,13160.3,,,,,,,,,,,,,,,,,,,,,,,,,,,2.48,0.0,,,,10404.0,0.0,,625.0,225.0,3.657,,,0.0,,,,,,,,,""
15568795995,"Aug 23, 2025, 10:11:37 PM",Recovery,Run,"",4906,6.00,159.0,8,false,,,activities/16628063645.fit.gz,,,4906.0,1977.0,6007.6,6.08,3.039,18.0,15.0,177.4,185.4,12.0,0.0,,,124.0,87.0,159.0,133.0,,261.0,352.0,,,8.0,516171.0,,,,,,,,245.0,2393.0,,,0.0,,1.0,6082.4,,,,,,,,,,,,,,,,,,,,,,,,,,,1.225,0.0,,,,5638.0,0.0,,225.0,184.0,3.077,,,0.0,,,,,,,,,""
15568796035,"Aug 23, 2025, 2:07:21 PM",Morning Run,Run,,6223,5.08,169.0,11,false,,,activities/16628063683.fit.gz,,,6223.0,2594.0,5082.3,5.14,1.959,16.0,20.0,175.6,186.2,40.0,-0.1,,,96.0,75.0,169.0,131.0,,190.0,377.0,,,11.0,433047.0,,,,,,,,203.0,2872.0,,,0.0,,1.0,5145.9,,,,,,,,,,,,,,,,,,,,,,,,,,,0.817,6.7,,,,5614.0,0.0,,186.0,153.0,1.984,,,,,,,,,,,,""
15568796106,"Aug 22, 2025, 10:29:37 PM",Evening Run,Run,,4627,9.00,159.0,12,false,,,activities/16628063646.fit.gz,,,4627.0,3960.0,9006.4,5.12,2.274,30.0,32.0,176.2,188.4,13.6,0.0,,,100.0,74.0,159.0,121.0,,183.0,532.0,,,12.0,710434.0,,,,,,,,205.0,4449.0,,,0.0,,1.0,9097.6,,,,,,,,,,,,,,,,,,,,,,,,,,,1.946,0.0,,,,9384.0,0.0,,293.0,154.0,2.297,,,,,,,,,,,,""
15541225456,"Aug 21, 2025, 9:54:44 PM",First run back in Buffalo,Run,Legs still feel pretty shit due to the flights,3579,11.00,173.0,33,false,,,activities/16597216999.fit.gz,,,3579.0,3090.0,11007.5,4.56,3.562,27.0,24.0,178.4,185.2,13.7,0.0,,,97.0,88.0,173.0,149.0,,312.0,632.0,,,33.0,964935.0,,,,,,,,298.0,3509.0,,,0.0,,1.0,11071.2,,,,,,,,,,,,,,,,,,,,,,,,,,,3.076,0.0,,,,9064.0,0.0,,489.0,224.0,3.583,,,0.0,,,,,,,,,""
15535546037,"Aug 21, 2025, 12:10:19 PM",Walk a bit around old dorm,Walk,"",2142,1.61,,,false,,,activities/15535546037.gpx,,,2142.0,1079.0,1617.3,13.28,1.499,4.6,3.6,177.1,182.0,7.1,0.1,,,,,,,,,,,,,,,,,,,,,,,,,0.0,,1.0,,,,,,,,,,,,,,,,,,,,,,,,,,,,0.755,0.0,,,,,0.0,,,,,,,,,,,,,,,,""
15531378927,"Aug 21, 2025, 2:27:36 AM",3/4,Walk,"",434,0.27,,,false,,,activities/15531378927.gpx,,,434.0,195.0,271.3,4.401,1.391,0.0,0.0,36.1,37.6,2.3,0.5,,,,,,,,,,,,,,,,,,,,,,,,,0.0,,1.0,,,,,,,,,,,,,,,,,,,,,,,,,,,,0.625,0.0,,,,,0.0,,,,,,,0.0,,,,,,,,,""
15522506087,"Aug 20, 2025, 10:02:44 AM",2/4,Walk,"",990,0.23,,,false,,,activities/15522506087.gpx,,,990.0,77.0,229.7,7.78,2.983,6.6,2.5,21.6,35.7,17.9,0.9,,,,,,,,,,,,,,,,,,,,,,,,,0.0,,1.0,,,,,,,,,,,,,,,,,,,,,,,,,,,,0.232,0.0,,,,,0.0,,,,,,,,,,,,,,,,""
15540739454,"Aug 18, 2025, 8:15:10 AM",Afternoon Ride,Ride,,48520,6.96,117.0,3,false,,,activities/16596685770.fit.gz,,9.0,48520.0,1952.0,6964.4,10.833,3.568,14.0,19.0,5.8,28.4,44.0,-0.2,,,,,117.0,96.0,,,162.0,,,3.0,,,,,,,,,,,,,0.0,,1.0,,,,,,,,,,,,,,,,,,,,,,,,,,,,0.144,0.0,,,,,0.0,,,,,,,,,,,,,,,,""
15496090609,"Aug 18, 2025, 12:46:29 AM",Morning Ride,Ride,,4516,13.32,125.0,7,false,,,activities/16548847125.fit.gz,,9.0,4516.0,3034.0,13322.2,8.642,4.391,22.0,21.0,7.0,19.4,44.4,0.0,,,,,125.0,106.0,,,293.0,,,7.0,,,,,,,,,,,,,0.0,,1.0,,,,,,,,,,,,,,,,,,,,,,,,,,,,2.95,66.9,,,,,0.0,,,,,,,,,,,,,,,,""
15489585218,"Aug 17, 2025, 11:18:05 AM",Long run,Run,Pickup the last 2km,4561,12.01,180.0,43,false,,,activities/16541899164.fit.gz,,,4561.0,4041.0,12012.6,5.22,2.973,4.0,7.0,13.4,20.6,6.3,0.0,,,123.0,86.0,180.0,148.0,,258.0,747.0,,,43.0,1026123.0,,,,,,,,263.0,4462.0,,,0.0,,1.0,12049.9,,,,,,,,,,,,,,,,,,,,,,,,,,,2.634,341.5,,,,11224.0,0.0,,485.0,198.0,2.982,,,,,,,,,,,,""
15483888572,"Aug 16, 2025, 11:39:46 PM",Morning Run,Run,,2325,5.00,149.0,6,false,,,activities/16535712731.fit.gz,,,2325.0,2314.0,5004.5,6.58,2.163,6.0,2.0,3.2,9.4,10.8,0.1,,,119.0,71.0,149.0,112.0,,167.0,291.0,,,6.0,379668.0,,,,,,,,202.0,2326.0,,,0.0,,1.0,5050.4,,,,,,,,,,,,,,,,,,,,,,,,,,,2.152,2182.9,,,,5394.0,0.0,,149.0,152.0,2.183,,,,,,,,,,,,""
15473505868,"Aug 15, 2025, 11:52:51 AM",Evening Run,Run,,4740,13.01,185.0,30,false,,,activities/16524615676.fit.gz,,,4740.0,4540.0,13016.1,5.46,2.867,9.0,9.0,9.2,15.2,7.7,0.0,,,98.0,83.0,185.0,142.0,,251.0,815.0,,,30.0,1060603.0,,,,,,,,279.0,4742.0,,,0.0,,1.0,13086.8,,,,,,,,,,,,,,,,,,,,,,,,,,,2.746,0.0,,,,11564.0,0.0,,580.0,210.0,2.883,,,,,,,,,,,,""
15473505708,"Aug 13, 2025, 11:21:20 AM",Evening Run,Run,,4971,10.00,194.0,39,false,,,activities/16524615603.fit.gz,,,4971.0,3472.0,10001.3,6.14,2.881,6.0,9.0,8.6,12.0,30.8,0.0,,,98.0,79.0,194.0,147.0,,240.0,632.0,,,39.0,810603.0,,,,,,,,278.0,4002.0,,,0.0,,1.0,10069.3,,,,,,,,,,,,,,,,,,,,,,,,,,,2.012,0.0,,,,8608.0,0.0,,485.0,209.0,2.9,,,,,,,,,,,,""
15410732073,"Aug 10, 2025, 11:28:33 AM",Long run,Run,"+ 3.7km ddi bo ở Cần Giờ 
+800m đi bộ ở biển 
1.5km WU thứ 6",5588,16.00,163.0,47,false,,,activities/16457547593.fit.gz,,,5588.0,5175.0,16004.6,4.6,3.093,20.0,22.0,5.8,15.6,19.4,0.0,,,96.0,87.0,163.0,149.0,,269.0,976.0,,,47.0,1389771.0,,,,,,,,264.0,5589.0,,,0.0,,1.0,16095.3,,,,,,,,,,,,,,,,,,,,,,,,,,,2.864,271.0,,,,14876.0,0.0,,610.0,198.0,3.11,,,,,,,,,,,,""
15393693980,"Aug 8, 2025, 10:06:15 PM",Easy with ARS,Run,"",6295,12.00,164.0,17,false,,,activities/16439298092.fit.gz,,,6295.0,5012.0,12001.7,4.98,2.395,9.0,4.0,7.8,14.0,7.2,0.0,,,91.0,80.0,164.0,122.0,,199.0,712.0,,,17.0,994019.0,,,,,,,,214.0,5591.0,,,0.0,,1.0,12044.7,,,,,,,,,,,,,,,,,,,,,,,,,,,1.907,26.2,,,,13192.0,0.0,,402.0,161.0,2.403,,,,,,,,,,,,""
15393691419,"Aug 8, 2025, 10:56:05 AM",Afternoon Run,Run,,5820,12.00,169.0,23,false,,,activities/16439295442.fit.gz,,,5820.0,4622.0,12001.6,5.3,2.597,11.0,17.0,5.6,15.2,13.1,-0.1,,,114.0,78.0,169.0,131.0,,217.0,706.0,,,23.0,976643.0,,,,,,,,235.0,5576.0,,,0.0,,1.0,12059.5,,,,,,,,,,,,,,,,,,,,,,,,,,,2.062,689.9,,,,11466.0,0.0,,484.0,177.0,2.609,,,,,,,,,,,,""
15393691352,"Aug 7, 2025, 9:41:49 AM",Afternoon Run,Run,,2115,5.17,151.0,6,false,,,activities/16439295440.fit.gz,,,2115.0,2103.0,5169.0,4.34,2.458,9.0,9.0,8.4,16.8,28.3,0.0,,,93.0,77.0,151.0,121.0,,203.0,301.0,,,6.0,425270.0,,,,,,,,235.0,2116.0,,,0.0,,1.0,5219.6,,,,,,,,,,,,,,,,,,,,,,,,,,,2.444,1509.6,,,,5332.0,0.0,,183.0,177.0,2.482,,,,,,,,,,,,""
15364716396,"Aug 6, 2025, 12:01:32 PM",Tempo with ARS,Run,45’ @4:15,3097,11.32,193.0,97,false,,,activities/16408416985.fit.gz,,,3097.0,2992.0,11324.3,5.1,3.785,2.0,4.0,8.0,11.8,4.3,0.0,,,95.0,88.0,193.0,174.0,,333.0,704.0,,,97.0,991019.0,,,,,,,,334.0,3099.0,,,0.0,,1.0,11338.8,,,,,,,,,,,,,,,,,,,,,,,,,,,3.657,0.0,,,,8682.0,0.0,,542.0,251.0,3.79,,,,,,,,,,,,""
15325144139,"Aug 2, 2025, 10:16:42 PM",Long run,Run,"",7472,18.00,164.0,37,false,,,activities/16366052717.fit.gz,,,7472.0,7149.0,17999.7,4.28,2.518,9.0,11.0,3.6,11.2,8.3,0.0,,,123.0,80.0,164.0,133.0,,209.0,1091.0,,,37.0,1466936.0,,,,,,,,234.0,7473.0,,,0.0,,1.0,18064.7,,,,,,,,,,,,,,,,,,,,,,,,,,,2.409,471.8,,,,18626.0,0.0,,642.0,176.0,2.527,,,,,,,,,,,,""
15313413643,"Aug 1, 2025, 10:51:45 PM",Recovery with ARS,Run,"",2711,7.33,151.0,11,false,,,activities/16353471270.fit.gz,,,2711.0,2711.0,7334.5,3.52,2.705,6.0,8.0,10.4,14.2,5.8,0.0,,,93.0,89.0,151.0,139.0,,233.0,467.0,,,11.0,632783.0,,,,,,,,233.0,2712.0,,,0.0,,1.0,7359.8,,,,,,,,,,,,,,,,,,,,,,,,,,,2.705,27.7,,,,8024.0,0.0,,230.0,175.0,2.715,,,,,,,,,,,,""
15308560895,"Aug 1, 2025, 11:43:04 AM",Threshold run 3x10min @4:13,Run,"4:12 4:09 4:17
",4350,12.00,191.0,53,false,"",,activities/16348305903.fit.gz,,,4350.0,3891.0,12006.4,5.48,3.086,19.0,19.0,9.4,15.8,9.8,0.0,,,115.0,83.0,191.0,151.0,,266.0,726.0,,,53.0,1005997.0,,,,,,,,286.0,4351.0,,,0.0,,1.0,12100.5,,,,,,,,,,,,,,,,,,,,,,,,,,,2.76,0.0,,,,10372.0,0.0,,558.0,215.0,3.11,,,,,,,,,,,,""
15297109174,"Jul 31, 2025, 11:19:10 AM",Recovery,Run,"",4176,10.63,158.0,20,false,,,activities/16336071519.fit.gz,,,4176.0,3904.0,10634.6,4.22,2.724,33.0,30.0,7.8,22.8,11.3,0.0,,,100.0,85.0,158.0,144.0,,235.0,672.0,,,20.0,914424.0,,,,,,,,231.0,4177.0,,,0.0,,1.0,10751.4,,,,,,,,,,,,,,,,,,,,,,,,,,,2.547,956.5,,,,11268.0,0.0,,350.0,174.0,2.754,,,,,,,,,,,,""
15286249385,"Jul 30, 2025, 11:59:11 AM",Interval with ARS,Run,"3km @3:50
2km @4:10 
1km @3:40
rest 3' in between",2713,8.36,195.0,68,false,"",,activities/16324496558.fit.gz,,,2713.0,2529.0,8359.7,5.44,3.306,9.0,12.0,7.8,12.8,11.5,0.0,,,97.0,80.0,195.0,169.0,,287.0,546.0,,,68.0,699207.0,,,,,,,,313.0,2714.0,,,0.0,,1.0,8411.2,,,,,,,,,,,,,,,,,,,,,,,,,,,3.081,0.0,,,,6898.0,0.0,,416.0,235.0,3.326,,,,,,,,,,,,""
15275180506,"Jul 29, 2025, 11:28:26 AM",Easy,Run,+ 2 strides,3529,10.01,154.0,16,false,,,activities/16312688055.fit.gz,,,3529.0,3354.0,10010.0,5.8,2.984,8.0,12.0,9.2,14.6,8.8,0.0,,,109.0,88.0,154.0,142.0,,261.0,625.0,,,16.0,875936.0,,,,,,,,257.0,3530.0,,,0.0,,1.0,10064.7,,,,,,,,,,,,,,,,,,,,,,,,,,,2.836,274.7,,,,9860.0,0.0,,365.0,193.0,3.001,,,,,,,,,,,,""
15251799046,"Jul 27, 2025, 9:41:17 AM",More Longrun,Run,last 3km pickup @4:06,4360,13.40,173.0,18,false,"",,activities/16287751330.fit.gz,,,4360.0,4113.0,13404.2,5.833,3.259,16.0,17.0,11.8,19.0,30.0,0.0,,,98.0,89.0,173.0,140.0,,280.0,802.0,,,18.0,1146926.0,,,,,,,,279.0,4362.0,,,0.0,,1.0,13514.5,,,,,,,,,,,,,,,,,,,,,,,,,,,3.074,2159.2,,,,12242.0,0.0,,533.0,210.0,3.286,,,,,,,,,,,,""
15247509717,"Jul 26, 2025, 11:30:08 PM",Xiaomi Fun Run 2025 - 5km @21:30,Run,Bad race ,1289,5.38,195.0,41,false,"Thừa đường, Idk what happen to be honest. My leg just isn't there. I don't have any legs to improve better.",,activities/16283103189.fit.gz,,,1289.0,1289.0,5385.2,5.44,4.178,5.0,5.0,12.8,17.6,5.6,0.0,,,104.0,91.0,195.0,169.0,,358.0,307.0,,,41.0,461150.0,,,,,,,,356.0,1290.0,,,0.0,,1.0,5403.8,,,,,,,,,,,,,,,,,,,,,,,,,,,4.178,4.7,,,,3884.0,0.0,,257.0,268.0,4.192,,,,,,,,,,,,""
15247509028,"Jul 26, 2025, 10:45:32 PM",WU,Run,"",380,1.21,164.0,4,false,"",,activities/16283102473.fit.gz,,,380.0,380.0,1209.9,5.22,3.184,2.0,3.0,11.6,14.2,7.4,0.0,,,92.0,86.0,164.0,150.0,,269.0,76.0,,,4.0,102232.0,,,,,,,,258.0,381.0,,,0.0,,1.0,1214.5,,,,,,,,,,,,,,,,,,,,,,,,,,,3.184,0.0,,,,1106.0,0.0,,39.0,194.0,3.196,,,,,,,,,,,,""
15238699944,"Jul 25, 2025, 11:35:16 PM",Easy,Run,After long sleep then can’t run with ARS,3898,10.01,166.0,19,false,,,activities/16273705055.fit.gz,,,3898.0,3705.0,10009.0,5.08,2.701,13.0,16.0,7.2,13.2,12.7,0.0,,,114.0,81.0,166.0,136.0,,226.0,627.0,,,19.0,833573.0,,,,,,,,236.0,3899.0,,,0.0,,1.0,10071.6,,,,,,,,,,,,,,,,,,,,,,,,,,,2.568,258.9,,,,10082.0,0.0,,340.0,177.0,2.718,,,,,,,,,,,,""
15230221264,"Jul 24, 2025, 11:22:34 AM",Threshold cut due to tired legs,Run,"",4179,10.00,181.0,23,false,"Quite random WU due to tired leg 
3km WU 
5min @4:15 = 1.18
1 fast 4:15 1 slow 7:00 
CD to 10 ",,activities/16264566446.fit.gz,,,4179.0,3923.0,10004.5,5.94,2.55,11.0,16.0,7.4,17.6,17.0,-0.1,,,118.0,71.0,181.0,133.0,,207.0,603.0,,,23.0,795439.0,,,,,,,,248.0,4181.0,,,0.0,,1.0,10082.7,,,,,,,,,,,,,,,,,,,,,,,,,,,2.394,0.0,,,,9560.0,0.0,,402.0,186.0,2.57,,,,,,,,,,,,""
15209977825,"Jul 23, 2025, 1:12:05 PM",Bike CD,Ride,"",922,3.81,141.0,2,false,"",,activities/16242909771.fit.gz,,9.0,922.0,831.0,3813.4,8.88,4.589,17.0,21.0,11.4,27.0,5.0,-0.1,,,,,141.0,120.0,,,111.0,,,2.0,,,,,,,,,,,,,0.0,,1.0,,,,,,,,,,,,,,,,,,,,,,,,,,,,4.136,845.9,,,,,0.0,,,,,,,,,,,,,,,,""
15209978092,"Jul 23, 2025, 11:56:59 AM",Interval with ARS 14x(1' on @3:1x 1' walk),Run,"",4190,10.00,196.0,63,false,3:50 3:17 3:12 3:13 3:09 3:10 3:31 3:15 3:18 3:11 3:49 3:23 3:38 3:06,,activities/16242910069.fit.gz,,,4190.0,3401.0,10002.4,6.18,2.941,17.0,13.0,5.6,11.8,16.7,0.0,,,108.0,74.0,196.0,160.0,,254.0,707.0,,,63.0,809067.0,,,,,,,,261.0,3922.0,,,0.0,,1.0,10087.6,,,,,,,,,,,,,,,,,,,,,,,,,,,2.387,0.0,,,,8806.0,0.0,,419.0,196.0,2.966,,,,,,,,,,,,""
15209978810,"Jul 23, 2025, 11:22:37 AM",Bike WU,Ride,"",962,3.62,124.0,2,false,"",,activities/16242909819.fit.gz,,9.0,962.0,895.0,3628.3,10.757,4.054,23.0,24.0,10.6,29.4,28.6,-0.1,,,,,124.0,102.0,,,80.0,,,2.0,,,,,,,,,,,,,0.0,,1.0,,,,,,,,,,,,,,,,,,,,,,,,,,,,3.772,389.8,,,,,0.0,,,,,,,,,,,,,,,,""
15197752069,"Jul 22, 2025, 11:40:56 AM",Recovery + 2 strides,Run,"",3596,10.01,175.0,29,false,,,activities/16229866006.fit.gz,,,3596.0,3539.0,10015.2,5.14,2.83,13.0,15.0,8.6,13.8,8.8,0.0,,,96.0,87.0,175.0,149.0,,248.0,655.0,,,29.0,877112.0,,,,,,,,248.0,3598.0,,,0.0,,1.0,10093.3,,,,,,,,,,,,,,,,,,,,,,,,,,,2.785,268.8,,,,10282.0,0.0,,346.0,186.0,2.852,,,,,,,,,,,,""
15171340397,"Jul 19, 2025, 8:30:34 PM",Night Run,Run,,6752,21.17,189.0,112,false,,,activities/16200900268.fit.gz,,,6752.0,6610.0,21177.5,5.78,3.204,8.0,8.0,4.2,9.6,7.5,0.0,,,125.0,87.0,189.0,159.0,,276.0,1336.0,,,112.0,1814478.0,,,,,,,,282.0,6753.0,,,0.0,,1.0,21250.9,,,,,,,,,,,,,,,,,,,,,,,,,,0.0,3.136,0.0,,,,19012.0,0.0,,843.0,212.0,3.215,,,,,,,,,,,,""
15160066703,"Jul 18, 2025, 10:51:42 PM",Easy with ARS,Run,"",3825,10.00,170.0,24,false,,,activities/16188484965.fit.gz,,,3825.0,3533.0,10004.1,4.44,2.832,12.0,11.0,10.2,13.6,7.9,0.0,,,95.0,88.0,170.0,146.0,,245.0,666.0,,,24.0,863220.0,,,,,,,,240.0,3781.0,0.0,,0.0,,1.0,10052.1,,,,,,,,,,,,,,,,,,,,,,,,,,0.0,2.615,15.0,,,,10286.0,0.0,,341.0,180.0,2.845,,,,,,,,,,,,""
15154153919,"Jul 18, 2025, 10:22:45 AM",Easy,Run,"",3696,10.00,175.0,28,false,,,activities/16182016846.fit.gz,,,3696.0,3534.0,10004.1,5.62,2.831,7.0,11.0,11.4,17.6,7.6,0.0,,,100.0,88.0,175.0,149.0,,242.0,644.0,,,28.0,857592.0,,,,,,,,240.0,3698.0,0.0,,0.0,,1.0,10041.8,,,,,,,,,,,,,,,,,,,,,,,,,,0.0,2.707,256.6,,,,10336.0,,,333.0,180.0,2.841,,,,,,,,,,,,""
15143452161,"Jul 17, 2025, 11:23:25 AM",Recovery,Run,"",1933,5.00,156.0,7,false,,,activities/16170289941.fit.gz,,,1933.0,1913.0,5007.1,4.42,2.617,9.0,8.0,4.0,9.8,31.1,0.0,,,92.0,82.0,156.0,131.0,,222.0,315.0,,,7.0,425675.0,,,,,,,,233.0,1934.0,0.0,,0.0,,1.0,5057.5,,,,,,,,,,,,,,,,,,,,,,,,,,0.0,2.59,1914.1,,,,5132.0,,,164.0,175.0,2.644,,,,,,,,,,,,""
15133344405,"Jul 16, 2025, 11:57:44 AM",Interval with adidas 6x1k@4:07 rest 3’,Run,Progressive from 4:17 to 3:45,3906,10.00,193.0,48,false,4:16 4:12 4:09 4:08 3:54 3:46,,activities/16159224884.fit.gz,,,3906.0,3450.0,10002.3,5.52,2.899,1.0,4.0,3.8,8.8,9.2,0.0,,,112.0,81.0,193.0,154.0,,249.0,705.0,,,48.0,825124.0,,,,,,,,285.0,3781.0,0.0,,0.0,,1.0,10035.5,,,,,,,,,,,,,,,,,,,,,,,,,,0.0,2.561,0.0,,,,8848.0,,,481.0,214.0,2.909,,,,,,,,,,,,""
15094353439,"Jul 12, 2025, 10:53:49 PM",Easy bike replace long run,Ride,Due to scars on left leg,2209,10.28,119.0,4,false,,,activities/16116496328.fit.gz,,,2209.0,2097.0,10287.4,6.6,4.906,10.0,12.0,5.2,10.6,7.2,0.0,,,,,119.0,99.0,,,168.0,,,4.0,,,,,,,,,,,0.0,,0.0,,1.0,,1752357632.0,2.0,25.4,27.1,24.0,0.92,1007.3,1.3,3.3,218.0,0.0,1752359936.0,1752405632.0,0.625,,,0.7,5.0,0.45,24218.0,0.0,,,,,0.0,4.657,2539.8,,,,,,,,,,,,,,,,,,,,,""
15094066618,"Jul 12, 2025, 10:33:19 PM",Random,Run,"",466,0.68,127.0,0,false,,,activities/16116177882.fit.gz,,,466.0,444.0,686.5,2.8,1.546,1.0,1.0,3.2,4.8,5.3,0.0,,,94.0,63.0,127.0,92.0,,105.0,39.0,,,0.0,47515.0,,,,,,,,119.0,467.0,0.0,,0.0,,1.0,689.4,1752357632.0,2.0,25.4,27.1,24.0,0.92,1007.3,1.3,3.3,218.0,0.0,1752359936.0,1752405632.0,0.625,,,0.7,5.0,0.45,24218.0,0.0,,,,,0.0,1.473,164.1,,,,938.0,,,10.0,89.0,1.553,,,,,,,,,,,,""
15085100845,"Jul 11, 2025, 10:51:54 PM",Easy with ARS,Run,Pickup the last km to 3:4x,2685,7.07,171.0,12,false,,,activities/16106341874.fit.gz,,,2685.0,2675.0,7076.0,5.46,2.645,5.0,8.0,7.6,11.6,5.0,0.0,,,98.0,88.0,171.0,138.0,,227.0,464.0,,,12.0,604908.0,,,,,,,,229.0,2686.0,0.0,,0.0,,1.0,7096.3,1752271232.0,2.0,25.4,27.2,24.1,0.93,1006.3,1.6,4.7,225.0,0.0,1752273408.0,1752319232.0,0.625,,,0.67,5.0,0.62,22870.0,0.0,,,,,0.0,2.635,24.1,,,,7844.0,,,220.0,172.0,2.653,,,,,,,,,,,,""
15085100790,"Jul 11, 2025, 8:34:25 AM",Bike,Ride,Pickup my visa,3818,13.89,129.0,7,false,,,activities/16106341855.fit.gz,,,3818.0,2781.0,13894.1,6.54,4.996,30.0,32.0,10.0,18.0,16.7,0.0,,,,,129.0,112.0,,,294.0,,,7.0,,,,,,,,,,,0.0,,0.0,,1.0,,1752220800.0,3.0,31.4,31.2,24.3,0.66,1002.5,4.4,9.9,252.0,0.3,1752187008.0,1752232832.0,0.5,,,0.71,5.0,1.0,27079.0,4.0,,,,,0.0,3.639,2168.5,,,,,,,,,,,,,,,,,,,,,""
15057011151,"Jul 9, 2025, 11:54:52 AM",Interval with ARS,Run,6km tempo but have to drop out,2771,6.23,184.0,36,false,,,activities/16075711596.fit.gz,,,2771.0,2296.0,6234.2,5.66,2.715,4.0,7.0,7.4,12.8,8.6,0.0,,,115.0,82.0,184.0,153.0,,245.0,408.0,,,36.0,510245.0,,,,,,,,271.0,2596.0,0.0,,0.0,,1.0,6268.1,1752058752.0,3.0,28.5,30.1,24.3,0.78,1005.8,2.1,5.7,255.0,0.3,1752014208.0,1752060032.0,0.375,,,0.63,5.0,1.0,16583.0,0.0,,,,,0.0,2.25,0.0,,,,5756.0,,,299.0,204.0,2.73,,,,,,,,,,,,""
15055671633,"Jul 8, 2025, 11:32:41 AM",Easy,Run,"",4405,10.00,156.0,15,false,,,activities/16074249054.fit.gz,,,4405.0,4092.0,9999.5,4.8,2.444,46.0,37.0,5.6,24.8,28.0,0.0,,,122.0,76.0,156.0,124.0,,199.0,603.0,,,15.0,806828.0,,,,,,,,224.0,4407.0,0.0,,0.0,,1.0,10134.1,1751972352.0,3.0,29.3,30.4,24.2,0.74,1006.5,2.7,6.0,221.0,0.1,1751927808.0,1751973632.0,0.375,,,0.66,5.0,0.71,18465.0,0.0,,,,,0.0,2.27,1241.4,,,,10088.0,,,346.0,168.0,2.477,,,,,,,,,,,,""
15055671165,"Jul 7, 2025, 11:05:01 AM",Not easy bike,Ride,"",5188,21.84,135.0,10,false,,,activities/16074248677.fit.gz,,,5188.0,4016.0,21843.9,10.76,5.439,56.0,74.0,4.4,24.4,36.8,0.0,,,,,135.0,109.0,,,367.0,,,10.0,,,,,,,,,,,0.0,,0.0,,1.0,,1751885952.0,5.0,27.3,27.4,23.6,0.8,1008.0,4.6,7.2,231.0,1.2,1751841408.0,1751887232.0,0.375,,,0.9,5.0,1.0,18709.0,0.0,,,,,0.0,4.21,5764.1,,,,,,,,,,,,,,,,,,,,,""
15020010295,"Jul 5, 2025, 10:33:23 PM",Long run,Run,A bit dead to the end,6585,19.00,176.0,85,false,,,activities/16034906268.fit.gz,,,6585.0,6305.0,19002.7,5.26,3.014,10.0,10.0,6.4,11.8,9.4,0.0,,,122.0,87.0,176.0,152.0,,257.0,1213.0,,,85.0,1618115.0,,,,,,,,262.0,6586.0,0.0,,0.0,,1.0,19086.6,1751752832.0,3.0,25.3,27.0,24.2,0.94,1007.2,2.0,5.7,222.0,0.0,1751755008.0,1751800832.0,0.375,,,0.8,5.0,0.88,21791.0,0.0,,,,,0.0,2.886,976.6,,,,18122.0,,,709.0,197.0,3.027,,,,,,,,,,,,""
15009544466,"Jul 4, 2025, 10:51:30 PM",Easy with ARS,Run,"",3525,10.00,166.0,32,false,"",,activities/16023297803.fit.gz,,,3525.0,3327.0,10002.3,4.8,3.006,10.0,8.0,5.0,9.8,6.7,0.0,,,122.0,88.0,166.0,148.0,,258.0,663.0,,,32.0,856799.0,,,,,,,,259.0,3525.0,0.0,,0.0,,1.0,10048.0,1751666432.0,3.0,24.7,26.6,23.9,0.95,1007.3,1.8,4.6,246.0,0.0,1751668608.0,1751714432.0,0.375,,,0.57,5.0,0.9,24339.0,0.0,,,,,0.0,2.838,328.7,,,,9670.0,,,371.0,195.0,3.02,,,,,,,,,,,,""
15005303038,"Jul 4, 2025, 12:14:26 PM",Threshold 10x800 @4:02 walk 1’,Run,"",4752,12.00,188.0,44,false,"WU 2km
Split: 4:02 3:50 4:03 4:09 4:08 4:06 4:05 4:02 3:53 4:00
CD 1km",,activities/16018637787.fit.gz,,,4752.0,3678.0,12007.9,5.38,3.265,8.0,13.0,6.8,16.4,10.1,-0.1,,,119.0,86.0,188.0,147.0,,277.0,739.0,,,44.0,990875.0,,,,,,,,291.0,4108.0,0.0,,0.0,,1.0,12051.8,1751630336.0,2.0,27.3,27.7,23.7,0.81,1007.6,3.6,4.6,255.0,3.2,1751582080.0,1751628032.0,0.375,,,0.52,5.0,0.61,21622.0,0.0,,,,,0.0,2.527,0.0,,,,10064.0,,,546.0,219.0,3.277,,,,,,,,,,,,""
14984310380,"Jul 2, 2025, 11:59:00 AM",ARS Tempo,Run,"",3473,9.01,189.0,29,false,"WU 1km 
2.5km @3:45
2x km @4:20 4:14
4x400@3:30
CD 1km",,activities/15995489288.fit.gz,,,3473.0,3422.0,9010.6,5.5,2.633,5.0,5.0,7.6,11.6,10.0,0.0,,,125.0,77.0,189.0,143.0,,229.0,568.0,,,29.0,728867.0,,,,,,,,280.0,3475.0,,,0.0,,1.0,9053.1,1751453952.0,5.0,28.2,29.7,24.2,0.79,1007.1,2.2,4.9,255.0,1.1,1751409280.0,1751455232.0,0.125,,,0.86,5.0,1.0,18439.0,0.0,,,,,0.0,2.594,0.0,,,,8152.0,,,428.0,211.0,2.646,,,,,,,,,,,,""
14984305315,"Jul 1, 2025, 11:30:11 AM",Easy,Run,"",3563,9.99,171.0,24,false,"",,activities/15995483875.fit.gz,,,3563.0,3511.0,9998.8,5.56,2.848,4.0,9.0,12.6,20.0,8.0,0.0,,,123.0,85.0,171.0,145.0,,243.0,645.0,,,24.0,850296.0,,,,,,,,248.0,3565.0,,,0.0,,1.0,10031.2,1751367552.0,5.0,28.8,30.5,24.6,0.78,1006.0,2.0,4.7,248.0,0.4,1751322880.0,1751368704.0,0.125,,,0.66,5.0,0.99,19480.0,0.0,,,,,0.0,2.806,510.1,,,,9864.0,,,343.0,186.0,2.857,,,,,,,,,,,,""
14933759173,"Jun 27, 2025, 11:10:48 AM",Threshold 5km work @4:15,Run,"",6670,16.00,178.0,34,false,"WU 2.5km 
1.5km 4:15
3 x (1km @4:00 4:07 4:08 + 1km easy)
CD 2km",,activities/15939877757.fit.gz,,,6670.0,6155.0,16002.9,5.18,2.6,3.0,4.0,3.8,9.8,7.9,0.0,,,122.0,79.0,178.0,131.0,,210.0,970.0,,,34.0,1274150.0,,,,,,,,247.0,6672.0,,,0.0,,1.0,16053.2,1751021952.0,3.0,28.5,30.2,24.8,0.8,1007.5,2.0,4.7,246.0,0.6,1750977280.0,1751023104.0,0.125,,,0.75,5.0,1.0,27396.0,0.0,,,,,0.0,2.399,0.0,,,,15672.0,,,640.0,186.0,2.608,,,,,,,,,,,,""
14920970194,"Jun 26, 2025, 10:53:35 AM",Recovery,Run,"",2092,5.00,154.0,7,false,,,activities/15925905185.fit.gz,,,2092.0,2090.0,4999.4,4.86,2.392,8.0,9.0,6.8,12.2,35.9,0.0,,,121.0,77.0,154.0,126.0,,195.0,314.0,,,7.0,401935.0,,,,,,,,216.0,2093.0,0.0,,0.0,,1.0,5052.3,1750931968.0,5.0,27.5,28.1,24.3,0.83,1007.6,2.8,5.3,224.0,0.3,1750890752.0,1750936704.0,0.0,,,0.88,5.0,1.0,16383.0,1.0,,,,,0.0,2.39,2131.7,,,,5208.0,,,152.0,162.0,2.417,,,,,,,,,,,,""
14911580849,"Jun 25, 2025, 11:58:36 AM",Tempo with ARS,Run,"WU 1km 
2.5km @3:45
2x km @4:20 4:14
4x400@3:30
CD 1km2km WU 
3km @4:08
2x(1km @3:55 rest 1'30)
5x400@3:30
CD till 12",4257,11.00,189.0,37,false,"",,activities/15915738428.fit.gz,,,4257.0,3802.0,11008.3,5.74,2.895,2.0,5.0,4.6,10.8,6.3,0.0,,,117.0,80.0,189.0,147.0,,243.0,704.0,,,37.0,888610.0,,,,,,,,280.0,4172.0,0.0,,0.0,,1.0,11031.5,1750849152.0,5.0,28.0,29.9,24.4,0.81,1007.1,1.5,3.2,240.0,1.6,1750804352.0,1750850304.0,0.875,,,0.84,5.0,1.0,16703.0,0.0,,,,,0.0,2.586,0.0,,,,9626.0,,,514.0,211.0,2.901,,,,,,,,,,,,""
14911580792,"Jun 25, 2025, 11:26:49 AM",Warmup before tempo with ARS,Run,"",395,1.00,151.0,1,false,"",,activities/15915738393.fit.gz,,,395.0,345.0,1006.2,4.38,2.917,0.0,0.0,6.4,9.4,5.9,-0.3,,,97.0,81.0,151.0,129.0,,233.0,59.0,,,1.0,80136.0,,,,,,,,224.0,396.0,,,0.0,,1.0,1004.7,1750849152.0,5.0,28.0,29.9,24.4,0.81,1007.1,1.5,3.2,240.0,1.6,1750804352.0,1750850304.0,0.875,,,0.84,5.0,1.0,16703.0,0.0,,,,,0.0,2.547,0.0,,,,910.0,,,31.0,168.0,2.912,,,,,,,,,,,,""
14910159869,"Jun 24, 2025, 11:44:01 AM",Easy bike,Ride,"",4620,19.72,149.0,12,false,Di qua di Hung voi ba Ngoai roi di chay easy ben Sala  + 7km,,activities/15914198859.fit.gz,,,4620.0,3924.0,19721.2,11.229,5.026,54.0,62.0,6.4,22.8,18.2,0.0,,,,,149.0,120.0,,,455.0,,,12.0,,,,,,,,,,,0.0,,0.0,,1.0,,1750762752.0,3.0,29.1,30.2,24.0,0.74,1006.6,2.9,5.1,248.0,0.7,1750717952.0,1750763904.0,0.875,,,0.69,5.0,1.0,18687.0,0.0,,,,,0.0,4.269,4296.4,,,,,,,,,,,,,,,,,,,,,""
14875682982,"Jun 21, 2025, 10:15:52 PM",Long run,Run,"",7983,16.99,162.0,27,false,,,activities/15876778215.fit.gz,,,7983.0,7624.0,16998.9,4.32,2.23,10.0,11.0,7.6,12.2,10.4,0.0,,,116.0,75.0,162.0,122.0,,179.0,1035.0,,,27.0,1338065.0,,,,,,,,214.0,7984.0,0.0,,0.0,,1.0,17087.0,1750543232.0,5.0,24.7,26.4,23.5,0.93,1008.7,2.2,7.0,225.0,0.2,1750545152.0,1750591104.0,0.875,,,0.94,5.0,0.96,18430.0,0.0,,,,,0.0,2.129,906.0,,,,18688.0,,,574.0,161.0,2.241,,,,,,,,,,,,""
14864715373,"Jun 20, 2025, 10:49:37 PM",Not so easy run with ARS,Run,"",3266,10.00,186.0,71,false,"",,activities/15864846869.fit.gz,,,3266.0,3187.0,10004.1,5.14,3.139,7.0,8.0,6.6,12.0,5.4,0.0,,,122.0,89.0,186.0,163.0,,270.0,683.0,,,71.0,858543.0,,,,,,,,270.0,3267.0,0.0,,0.0,,1.0,10036.1,1750456832.0,3.0,24.7,27.0,23.7,0.94,1007.7,1.0,2.4,215.0,0.0,1750458752.0,1750504704.0,0.875,,,0.9,5.0,0.9,15063.0,0.0,,,,,0.0,3.063,385.5,,,,9326.0,,,373.0,203.0,3.149,,,,,,,,,,,,""
14859474724,"Jun 20, 2025, 10:46:18 AM",Threshold 5x6min@4:03 walk 1 min,Run,"2.5km WU 
2.75km CD ",5009,12.99,190.0,47,false,3:57 3:59 4:08 4:05 4:07 ,,activities/15859156761.fit.gz,,,5009.0,4148.0,12997.2,5.92,3.133,4.0,8.0,7.6,13.6,13.9,0.0,,,100.0,84.0,190.0,150.0,,269.0,834.0,,,47.0,1068900.0,,,,,,,,277.0,4989.0,0.0,,0.0,,1.0,13036.8,1750413568.0,5.0,30.0,31.0,24.8,0.74,1006.0,2.3,5.4,197.0,2.3,1750372352.0,1750418176.0,0.875,,,0.9,5.0,1.0,18439.0,1.0,,,,,0.0,2.595,153.3,,,,10982.0,,,600.0,208.0,3.143,,,,,,,,,,,,""
14839180599,"Jun 18, 2025, 11:56:15 AM",Interval workouts with ARS,Run,"3x1600 @4:03 rest 3'
4x400@3:25
",3491,9.77,186.0,43,false,"WU 1km 
3x1600 @4:03 rest 3'
3:47 4:17 4:05
4x400@3:25
CD till 10km",,activities/15837167718.fit.gz,,,3491.0,3376.0,9778.3,6.1,2.896,3.0,4.0,5.6,9.6,6.7,0.0,,,115.0,80.0,186.0,153.0,,245.0,663.0,,,43.0,786656.0,,,,,,,,283.0,3477.0,0.0,,0.0,,1.0,9805.3,1750244352.0,5.0,28.1,29.9,24.3,0.8,1007.6,1.8,3.3,203.0,0.3,1750199552.0,1750245376.0,0.625,,,0.71,5.0,1.0,16648.0,0.0,,,,,0.0,2.801,0.0,,,,8454.0,,,437.0,213.0,2.904,,,,,,,,,,,,""
14827494167,"Jun 17, 2025, 11:25:00 AM",Easy,Run,"",4026,10.52,193.0,69,false,,,activities/15824589153.fit.gz,,,4026.0,3667.0,10527.2,6.2,2.871,9.0,19.0,6.8,14.0,37.1,0.0,,,100.0,86.0,193.0,159.0,,244.0,757.0,,,69.0,894002.0,,,,,,,,245.0,3962.0,0.0,,0.0,,1.0,10574.1,1750157952.0,3.0,28.5,30.3,24.5,0.79,1007.6,1.9,3.5,191.0,0.6,1750113152.0,1750158976.0,0.625,,,0.91,5.0,1.0,21190.0,0.0,,,,,0.0,2.615,431.9,,,,10388.0,,,373.0,184.0,2.884,,,,,,,,,,,,""
14801853609,"Jun 14, 2025, 10:44:26 PM",Easy long run,Run,"",6059,16.00,160.0,25,false,"",,activities/15796796916.fit.gz,,,6059.0,5533.0,16006.8,4.5,2.893,8.0,9.0,7.6,12.8,28.0,0.0,,,117.0,85.0,160.0,136.0,,247.0,956.0,,,25.0,1354737.0,,,,,,,,251.0,6061.0,,,0.0,,1.0,16070.5,,,,,,,,,,,,,,,,,,,,,,,,,,0.0,2.642,910.2,,,,15424.0,,,600.0,189.0,2.904,,,,,,,,,,,,""
14786417214,"Jun 13, 2025, 11:03:06 AM",Fartlek Run 20x(1' fast @3:46 + 1' walk),Run,"3km WU + 2 strides 
1.5 km CD ",4730,12.00,194.0,112,false,3:51 3:40 3:32 3:30 3:40 3:43 3:56 3:43 3:45 3:46 3:45 3:49 3:44 3:44 3:45 3:41 4:07 4:00 3:54 3:54,,activities/15780050996.fit.gz,,,4730.0,4209.0,12004.7,6.36,2.852,9.0,9.0,12.2,16.6,9.7,0.0,,,122.0,84.0,194.0,156.0,,245.0,857.0,,,112.0,982289.0,,,,,,,,253.0,4731.0,,,0.0,,1.0,12056.8,,,,,,,,,,,,,,,,,,,,,,,,,,0.0,2.538,224.8,,,,10838.0,,,474.0,190.0,2.865,,,,,,,,,,,,""
14774278159,"Jun 10, 2025, 11:06:26 PM",6x5 min threshold @4:10,Run,"2km WU 
1km CD",4028,10.00,186.0,56,false,4:05 4:17 4:03 4:03 4:19 4:29 ,,activities/15766964461.fit.gz,,,4028.0,3362.0,10005.9,5.12,2.976,1.0,3.0,9.2,16.0,9.8,0.0,,,100.0,84.0,186.0,145.0,,259.0,637.0,,,56.0,828495.0,,,,,,,,268.0,3989.0,0.0,,0.0,,1.0,10031.2,,,,,,,,,,,,,,,,,,,,,,,,,,0.0,2.484,147.0,,,,8796.0,,,451.0,202.0,2.984,,,,,,,,,,,,""
14774274808,"Jun 10, 2025, 12:41:37 AM",Easy bike,Ride,"",1250,5.11,150.0,6,false,Dap xe qua Di Hung,,activities/15766960360.fit.gz,,,1250.0,1138.0,5116.6,7.28,4.496,6.0,15.0,5.0,18.4,15.8,-0.2,,,,,150.0,125.0,,0.0,185.0,,,6.0,,,,,,,,,,,,,0.0,,1.0,,,,,,,,,,,,,,,,,,,,,,,,,,,0.0,4.093,2932.8,,,,,,,,,,,,,,,,,,,,,""
14774271752,"Jun 9, 2025, 10:57:59 PM",Easy bike,Ride,"",1493,5.92,126.0,3,false,Dap xe tudi Dung ve ,,activities/15766956907.fit.gz,,,1493.0,1186.0,5927.4,7.283,4.998,7.0,3.0,10.2,18.6,5.1,0.1,,,,,126.0,113.0,,0.0,139.0,,,3.0,,,,,,,,,,,,,0.0,,1.0,,,,,,,,,,,,,,,,,,,,,,,,,,,0.0,3.97,2689.3,,,,,,,,,,,,,,,,,,,,,""
14728926460,"Jun 7, 2025, 11:30:21 PM",10km race @46:48,Run,blowup,2808,9.81,185.0,104,false,"",,activities/15717964717.fit.gz,,,2808.0,2808.0,9818.4,5.36,3.497,10.0,7.0,7.8,15.2,5.2,0.0,,,122.0,88.0,185.0,161.0,,304.0,628.0,,,104.0,853769.0,,,,,,,,308.0,2809.0,0.0,,0.0,,1.0,9851.2,,,,,,,,,,,,,,,,,,,,,,,,,,0.0,3.497,287.9,,,,8178.0,,,419.0,232.0,3.508,,,,,,,,,,,,""
14728926379,"Jun 7, 2025, 10:54:32 PM",WU before race,Run,"",224,0.75,131.0,0,false,"",,activities/15717964631.fit.gz,,,224.0,224.0,752.1,4.26,3.358,1.0,0.0,12.8,14.4,3.1,0.0,,,92.0,89.0,131.0,122.0,,284.0,39.0,,,0.0,63667.0,,,,,,,,266.0,225.0,,,0.0,,1.0,754.8,,,,,,,,,,,,,,,,,,,,,,,,,,0.0,3.358,0.0,,,,658.0,,,25.0,200.0,3.37,,,,,,,,,,,,""
14713649922,"Jun 6, 2025, 12:31:55 PM",Evening Ride,Ride,,934,3.33,133.0,2,false,,,activities/15701448347.fit.gz,,,934.0,717.0,3335.1,8.967,4.651,19.0,22.0,10.2,25.4,40.0,0.0,,,,,133.0,113.0,,,84.0,,,2.0,,,,,,,,,,,,,0.0,,1.0,,,,,,,,,,,,,,,,,,,,,,,,,,,0.0,3.571,712.5,,,,,,,,,,,,,,,,,,,,,""
14713645275,"Jun 6, 2025, 11:02:41 AM",Easy,Run,"",4048,10.02,174.0,53,false,"",,activities/15701443342.fit.gz,,,4048.0,3686.0,10019.3,4.66,2.718,3.0,9.0,12.6,21.8,7.7,-0.1,,,115.0,82.0,174.0,141.0,,231.0,641.0,,,53.0,837076.0,,,,,,,,248.0,4050.0,,,0.0,,1.0,10035.5,,,,,,,,,,,,,,,,,,,,,,,,,,0.0,2.475,406.4,,,,9828.0,,,390.0,186.0,2.723,,,,,,,,,,,,""
14703910769,"Jun 5, 2025, 12:00:49 PM",Easy,Ride,"",1502,4.18,136.0,3,false,"",,activities/15690952307.fit.gz,,,1502.0,929.0,4184.7,7.071,4.505,2.0,5.0,6.0,16.6,14.3,-0.2,,,,,136.0,113.0,,,107.0,,,3.0,,,,,,,,,,,,,0.0,,1.0,,,,,,,,,,,,,,,,,,,,,,,,,,,0.0,2.786,2281.4,,,,,,,,,,,,,,,,,,,,,""
14703246709,"Jun 5, 2025, 10:43:34 AM",Easy,Ride,"",1772,7.10,132.0,5,false,"",,activities/15690244995.fit.gz,,,1772.0,1680.0,7101.8,7.877,4.227,19.0,9.0,5.2,19.8,12.0,0.1,,,,,132.0,111.0,,,190.0,,,5.0,,,,,,,,,,,,,0.0,,1.0,,,,,,,,,,,,,,,,,,,,,,,,,,,0.0,4.008,2845.9,,,,,,,,,,,,,,,,,,,,,""
14694040117,"Jun 4, 2025, 1:04:11 PM",Easy Ride,Ride,"",926,3.77,141.0,4,false,"",,activities/15680364438.fit.gz,,,926.0,849.0,3777.8,8.65,4.45,19.0,20.0,3.8,19.8,16.7,-0.1,,,,,141.0,126.0,,,129.0,,,4.0,,,,,,,,,,,,,0.0,,1.0,,,,,,,,,,,,,,,,,,,,,,,,,,,0.0,4.08,718.7,,,,,,,,,,,,,,,,,,,,,""
14682780857,"Jun 3, 2025, 11:12:19 AM",Easy,Run,"",3766,10.00,180.0,90,false,"",,activities/15668294921.fit.gz,,,3766.0,3704.0,10007.0,5.84,2.702,4.0,7.0,7.0,14.0,9.7,0.0,,,98.0,84.0,180.0,152.0,,227.0,684.0,,,90.0,831244.0,,,,,,,,242.0,3768.0,,,0.0,,1.0,10061.3,,,,,,,,,,,,,,,,,,,,,,,,,,0.0,2.657,426.0,,,,10262.0,,,346.0,182.0,2.716,,,,,,,,,,,,""
14649831206,"May 31, 2025, 9:15:59 AM",5km Revive Water Run 21:20,Run,Đang top 1 thì lạc đường ,1567,5.87,161.0,34,false,"",,activities/15632827822.fit.gz,,,1567.0,1564.0,5872.5,5.36,3.755,14.0,17.0,15.2,21.2,8.3,0.0,,,101.0,89.0,161.0,149.0,,329.0,342.0,,,34.0,513197.0,,,,,,,,332.0,1568.0,0.0,,0.0,,1.0,5899.2,,,,,,,,,,,,,,,,,,,,,,,,,,0.0,3.748,3128.0,,,,4604.0,,,271.0,250.0,3.772,,,,,,,,,,,,""
14649593559,"May 31, 2025, 8:24:26 AM",WU,Run,"",309,0.77,143.0,1,false,"",,activities/15632575505.fit.gz,,,309.0,236.0,773.3,4.24,3.277,1.0,1.0,5.8,7.8,14.3,0.1,,,94.0,90.0,143.0,123.0,,290.0,41.0,,,1.0,68510.0,,,,,,,,244.0,310.0,,,0.0,,1.0,785.6,,,,,,,,,,,,,,,,,,,,,,,,,,0.0,2.503,774.1,,,,688.0,,,28.0,183.0,3.329,,,,,,,,,,,,""
14646323591,"May 30, 2025, 11:32:20 PM",Morning Run,Run,,1148,3.04,179.0,22,false,,,activities/15629034987.fit.gz,,,1148.0,1103.0,3039.6,4.98,2.756,4.0,2.0,10.4,14.8,13.3,-0.1,,,97.0,84.0,179.0,145.0,,231.0,197.0,,,22.0,250547.0,,,,,,,,248.0,1150.0,,,0.0,,1.0,3063.3,,,,,,,,,,,,,,,,,,,,,,,,,,0.0,2.648,158.3,,,,2992.0,,,110.0,186.0,2.777,,,,,,,,,,,,""
14630790393,"May 29, 2025, 11:26:35 AM",Interval 12x400@3:30 rest 2',Run,"",3614,8.87,175.0,46,false,3:33 3:37 3:25 3:38 3:41 3:22 3:32  3:24 3:34 3:30 3:18 3:20,,activities/15612338265.fit.gz,,,3614.0,3409.0,8876.0,5.56,2.604,6.0,9.0,12.4,17.8,7.9,0.0,,,117.0,77.0,175.0,143.0,,226.0,646.0,,,46.0,678266.0,,,,,,,,267.0,3615.0,,,0.0,,1.0,8913.5,,,,,,,,,,,,,,,,,,,,,,,,,,0.0,2.456,0.0,,,,7762.0,,,405.0,201.0,2.615,,,,,,,,,,,,""
14610156053,"May 27, 2025, 11:44:19 AM",Evening Run,Run,,3421,10.01,191.0,167,false,,,activities/15590237052.fit.gz,,,3421.0,3382.0,10010.7,5.2,2.96,9.0,15.0,11.6,21.2,10.0,-0.1,,,103.0,87.0,191.0,170.0,,254.0,740.0,,,167.0,855600.0,,,,,,,,261.0,3422.0,,,0.0,,1.0,10046.0,,,,,,,,,,,,,,,,,,,,,,,,,,0.0,2.926,503.8,,,,9754.0,,,365.0,196.0,2.97,,,,,,,,,,,,""
14585943500,"May 25, 2025, 12:28:22 AM",Morning Run,Run,,248,0.84,155.0,1,false,,,activities/15564111150.fit.gz,,,248.0,225.0,839.6,8.52,3.732,0.0,0.0,12.4,14.2,6.0,0.0,,,93.0,90.0,155.0,127.0,,278.0,45.0,,,1.0,63491.0,,,,,,,,277.0,249.0,,,0.0,,1.0,844.6,,,,,,,,,,,,,,,,,,,,,,,,,,0.0,3.385,0.0,,,,624.0,,,29.0,208.0,3.754,,,,,,,,,,,,""
14585943560,"May 24, 2025, 11:52:39 PM",Morning Run,Run,,1139,2.72,179.0,18,false,,,activities/15564111146.fit.gz,,,1139.0,1119.0,2728.3,4.6,2.438,4.0,3.0,12.6,17.0,10.2,0.0,,,98.0,78.0,179.0,140.0,,208.0,187.0,,,18.0,211236.0,,,,,,,,247.0,1141.0,,,0.0,,1.0,2740.9,,,,,,,,,,,,,,,,,,,,,,,,,,0.0,2.395,66.1,,,,2678.0,,,109.0,186.0,2.449,,,,,,,,,,,,""
14585942162,"May 24, 2025, 10:36:53 PM",Morning Run,Run,,2745,6.50,177.0,21,false,,,activities/15564109210.fit.gz,,,2745.0,2738.0,6508.9,5.5,2.377,5.0,4.0,4.4,10.2,19.4,0.0,,,100.0,73.0,177.0,129.0,,185.0,395.0,,,21.0,497208.0,,,,,,,,244.0,2746.0,,,0.0,,1.0,6549.1,,,,,,,,,,,,,,,,,,,,,,,,,,0.0,2.371,2236.2,,,,6518.0,,,256.0,183.0,2.392,,,,,,,,,,,,""
14584350176,"May 21, 2025, 10:53:51 PM",Morning Ride,Ride,"",4694,20.62,160.0,22,false,,,activities/15562375277.fit.gz,,,4694.0,3821.0,20621.0,10.82,5.397,61.0,57.0,6.0,23.0,16.7,0.0,,,,,160.0,124.0,,,480.0,,,22.0,,,,,,,,,,,0.0,,0.0,,1.0,,,,,,,,,,,,,,,,,,,,,,,,,,,0.0,4.393,1632.2,,,,,,,,,,,,,,,,,,,,,""
14546567958,"May 21, 2025, 2:52:13 AM",Lunch Walk,Walk,"",2939,3.83,,,false,,,activities/14546567958.gpx,,,2939.0,1541.0,3830.0,17.71,2.485,37.4,37.4,8.3,24.8,42.7,0.1,,,,,,,,,,,,,,,,,,,,,,,,,0.0,,1.0,,,,,,,,,,,,,,,,,,,,,,,,,,,0.0,1.303,0.0,,,,,,,,,,,,,,,,,,,,,""
14545895619,"May 21, 2025, 12:09:29 AM",Morning Walk,Walk,"",3075,2.68,,,false,,,activities/14545895619.gpx,,,3075.0,702.0,2683.7,18.46,3.823,40.5,40.5,7.4,23.9,45.4,-0.1,,,,,,,,,,,,,,,,,,,,,,,,,0.0,,1.0,,,,,,,,,,,,,,,,,,,,,,,,,,,0.0,0.873,0.0,,,,,,,,,,,,,,,,,,,,,""
14538793296,"May 20, 2025, 11:19:05 AM",IST (3/5),Walk,"",3297,5.32,,,false,,,activities/14538793296.gpx,,,3297.0,3166.0,5326.5,9.317,1.682,154.7,108.5,64.8,144.1,22.8,0.8,,,,,,,,,,,,,,,,,,,,,,,0.0,,0.0,,1.0,,,,,,,,,,,,,,,,,,,,,,,,,,,0.0,1.616,0.0,,,,,,,,,,,,,,,,,,,,,""
14538227315,"May 20, 2025, 11:05:03 AM",Afternoon Walk,Walk,"",823,1.60,,,false,,,activities/14538227315.gpx,,,823.0,642.0,1608.8,14.876,2.506,43.1,43.1,80.1,118.3,14.0,-1.1,,,,,,,,,,,,,,,,,,,,,,,,,0.0,,1.0,,,,,,,,,,,,,,,,,,,,,,,,,,,0.0,1.955,0.0,,,,,,,,,,,,,,,,,,,,,""
14528750699,"May 19, 2025, 11:38:23 AM",Morning Walk,Walk,"",7207,3.38,,,false,,,activities/14528750699.gpx,,,7207.0,1242.0,3384.5,20.467,2.725,0.0,0.0,3.1,4.6,14.0,0.0,,,,,,,,,,,,,,,,,,,,,,,,,0.0,,1.0,,,,,,,,,,,,,,,,,,,,,,,,,,,0.0,0.47,0.0,,,,,,,,,,,,,,,,,,,,,""
14526539269,"May 19, 2025, 8:52:11 AM",BUF Airport 1/5,Walk,"",207,0.17,,,false,,,activities/14526539269.gpx,,,207.0,121.0,171.5,4.268,1.417,0.0,0.0,211.0,211.5,1.3,0.2,,,,,,,,,,,,,,,,,,,,,,,0.0,,0.0,,1.0,,,,,,,,,,,,,,,,,,,,,,,,,,,0.0,0.829,0.0,,,,,,,,,,,,,,,,,,,,,""
14526224970,"May 19, 2025, 7:33:01 AM",Night Walk,Walk,"",1220,16.85,,,false,,,activities/14526224970.gpx,,,1220.0,1086.0,16853.7,28.52,15.519,85.3,85.3,177.2,215.3,6.3,0.2,,,,,,,,,,,,,,,,,,,,,,,,,0.0,,1.0,,,,,,,,,,,,,,,,,,,,,,,,,,,0.0,13.815,0.0,,,,,,,,,,,,,,,,,,,,,""
14523200768,"May 18, 2025, 7:36:33 PM",Afternoon Walk,Walk,"",1136,1.24,,,false,,,activities/14523200768.gpx,,,1136.0,984.0,1242.2,2.48,1.262,7.4,7.4,177.1,182.0,5.9,0.3,,,,,,,,,,,,,,,,,,,,,,,,,0.0,,1.0,,,,,,,,,,,,,,,,,,,,,,,,,,,0.0,1.093,0.0,,,,,,,,,,,,,,,,,,,,,""
14584355424,"May 18, 2025, 11:18:35 AM",Morning Run,Run,,3499,5.48,166.0,13,false,,,activities/15562381107.fit.gz,,,3499.0,3099.0,5487.6,4.88,1.771,14.0,13.0,175.2,183.6,27.1,0.0,,,122.0,69.0,166.0,117.0,,149.0,364.0,,,13.0,415560.0,,,,,,,,174.0,3308.0,,,0.0,,1.0,5560.1,,,,,,,,,,,,,,,,,,,,,,,,,,0.0,1.568,25.4,,,,6386.0,,,157.0,131.0,1.794,,,,,,,,,,,,""
14584353092,"May 17, 2025, 6:00:23 PM",Afternoon Run,Run,,2439,3.45,150.0,11,false,,,activities/15562378489.fit.gz,,,2439.0,2223.0,3453.1,4.68,1.553,20.0,17.0,171.6,180.6,19.6,0.1,,,103.0,68.0,150.0,126.0,,149.0,281.0,,,11.0,286024.0,,,,,,,,143.0,2417.0,,,0.0,,1.0,3564.8,,,,,,,,,,,,,,,,,,,,,,,,,,0.0,1.416,4.2,,,,4236.0,,,77.0,108.0,1.604,,,,,,,,,,,,""
14584353080,"May 17, 2025, 5:03:04 PM",Afternoon Run,Run,,1362,3.32,172.0,16,false,,,activities/15562378467.fit.gz,,,1362.0,1305.0,3325.8,4.96,2.549,53.0,56.0,169.2,180.4,25.7,-0.1,,,98.0,78.0,172.0,137.0,,219.0,223.0,,,16.0,281590.0,,,,,,,,230.0,1363.0,,,0.0,,1.0,3672.1,,,,,,,,,,,,,,,,,,,,,,,,,,0.0,2.442,0.0,,,,3294.0,,,113.0,173.0,2.814,,,,,,,,,,,,""
14584353150,"May 16, 2025, 5:48:23 PM",Afternoon Run,Run,,5671,3.01,98.0,3,false,,,activities/15562378499.fit.gz,,,5671.0,3827.0,3015.1,11.62,0.788,15.0,16.0,178.8,197.2,44.4,-0.1,,,106.0,55.0,98.0,81.0,,67.0,182.0,,,3.0,153155.0,,,,,,,,64.0,3858.0,,,0.0,,1.0,3083.5,,,,,,,,,,,,,,,,,,,,,,,,,,0.0,0.532,146.8,,,,4120.0,,,24.0,48.0,0.806,,,,,,,,,,,,""
14495258429,"May 16, 2025, 5:40:04 AM",Night Walk,Walk,"",1120,1.62,,,false,,,activities/14495258429.gpx,,,1120.0,1120.0,1626.1,8.81,1.452,2.8,2.8,176.2,179.4,8.1,0.1,,,,,,,,,,,,,,,,,,,,,,,,,0.0,,1.0,,,,,,,,,,,,,,,,,,,,,,,,,,,0.0,1.452,0.0,,,,,,,,,,,,,,,,,,,,,""
14494397540,"May 15, 2025, 9:29:57 PM",Afternoon Run,Run,,996,1.28,107.0,2,false,,,activities/15464216375.fit.gz,,,996.0,944.0,1282.1,1.98,1.358,1.0,3.0,185.8,189.2,9.8,-0.2,,,108.0,56.0,107.0,96.0,,81.0,68.0,,,2.0,79195.0,,,,,,,,81.0,997.0,,,0.0,,1.0,1291.2,,,,,,,,,,,,,,,,,,,,,,,,,,0.0,1.287,0.0,,,,1842.0,,,10.0,61.0,1.368,,,,,,,,,,,,""
14494397519,"May 15, 2025, 8:43:51 PM",Afternoon Run,Run,,830,0.77,116.0,1,false,,,activities/15464216386.fit.gz,,,830.0,547.0,772.3,3.72,1.412,2.0,1.0,182.2,184.2,8.0,0.1,,,62.0,57.0,116.0,102.0,,82.0,59.0,,,1.0,46242.0,,,,,,,,75.0,831.0,,,0.0,,1.0,781.5,,,,,,,,,,,,,,,,,,,,,,,,,,0.0,0.93,0.0,,,,1108.0,,,7.0,56.0,1.429,,,,,,,,,,,,""
14483190459,"May 14, 2025, 6:05:28 PM",Afternoon Run,Run,,6346,4.02,143.0,4,false,,,activities/15452265196.fit.gz,,,6346.0,3866.0,4026.6,17.14,1.042,199.0,109.0,79.4,193.8,50.0,2.5,,,117.0,53.0,143.0,87.0,,57.0,253.0,,,4.0,149073.0,,,,,,,,68.0,4368.0,,,0.0,,1.0,5301.6,,,,,,,,,,,,,,,,,,,,,,,,,,0.0,0.635,1135.0,,,,4290.0,,,31.0,51.0,1.371,,,,,,,,,,,,""
14389716868,"May 5, 2025, 10:11:55 PM",Evening Run,Run,,1973,3.85,151.0,8,false,,,activities/15353675368.fit.gz,,,1973.0,1937.0,3853.5,4.14,1.989,6.0,7.0,174.8,182.0,9.6,0.0,,,99.0,70.0,151.0,120.0,,151.0,245.0,,,8.0,294642.0,,,,,,,,180.0,1974.0,,,0.0,,1.0,3898.4,,,,,,,,,,,,,,,,,,,,,,,,,,0.0,1.953,0.0,,,,4520.0,,,100.0,135.0,2.013,,,,,,,,,,,,""
14389716208,"May 4, 2025, 8:57:38 PM",Afternoon Run,Run,,2513,3.57,165.0,9,false,,,activities/15353674565.fit.gz,,,2513.0,2102.0,3574.5,9.58,1.701,20.0,12.0,176.4,189.4,49.0,0.3,,,96.0,64.0,165.0,116.0,,112.0,236.0,,,9.0,243375.0,,,,,,,,151.0,2514.0,,,0.0,,1.0,3679.8,,,,,,,,,,,,,,,,,,,,,,,,,,0.0,1.422,140.0,,,,4564.0,,,90.0,114.0,1.751,,,,,,,,,,,,""
14389714681,"May 4, 2025, 4:00:12 PM",Lunch Run,Run,,1833,3.05,129.0,4,false,,,activities/15353673035.fit.gz,,,1833.0,1819.0,3057.4,3.94,1.681,15.0,19.0,173.2,179.2,27.7,-0.1,,,97.0,66.0,129.0,103.0,,132.0,168.0,,,4.0,239885.0,,,,,,,,134.0,1834.0,,,0.0,,1.0,3145.9,,,,,,,,,,,,,,,,,,,,,,,,,,0.0,1.668,0.0,,,,3966.0,,,51.0,101.0,1.729,,,,,,,,,,,,""
14389714072,"May 3, 2025, 10:10:28 PM",Evening Run,Run,,2249,3.23,102.0,4,false,,,activities/15353672383.fit.gz,,,2249.0,2159.0,3233.5,2.66,1.498,6.0,7.0,176.6,182.2,6.1,0.0,,,94.0,62.0,102.0,85.0,,106.0,173.0,,,4.0,230775.0,,,,,,,,106.0,2250.0,,,0.0,,1.0,3254.0,,,,,,,,,,,,,,,,,,,,,,,,,,0.0,1.438,0.0,,,,4456.0,,,39.0,80.0,1.507,,,,,,,,,,,,""
14389713245,"May 1, 2025, 9:57:19 PM",Afternoon Ride,Ride,,1800,0,96.0,3,false,,,activities/15353671650.fit.gz,,,1800.0,1800.0,0.0,0.0,0.0,0.0,0.0,0.0,0.0,0.0,0.0,,,,,96.0,85.0,,,101.0,,,3.0,,,,,,,,,,,,,0.0,,1.0,,,,,,,,,,,,,,,,,,,,,,,,,,,0.0,0.0,0.0,,,,,,,,,,,,,,,,,,,,,""
14389713353,"Apr 28, 2025, 9:41:21 PM",Afternoon Run,Run,,2489,2.00,150.0,3,false,,,activities/15353671635.fit.gz,,,2489.0,2029.0,2005.8,2.9,0.989,13.0,6.0,176.2,184.6,39.2,0.2,,,116.0,60.0,150.0,101.0,,86.0,181.0,,,3.0,114639.0,,,,,,,,87.0,2213.0,,,0.0,,1.0,2070.6,,,,,,,,,,,,,,,,,,,,,,,,,,0.0,0.806,0.0,,,,2754.0,,,26.0,65.0,1.021,,,,,,,,,,,,""
14389712787,"Apr 26, 2025, 7:44:15 PM",Afternoon Run,Run,,1083,2.70,161.0,18,false,,,activities/15353671084.fit.gz,,,1083.0,1040.0,2706.2,5.12,2.602,14.0,15.0,156.8,162.4,23.4,-0.1,,,99.0,84.0,161.0,145.0,,228.0,198.0,,,18.0,223604.0,,,,,,,,230.0,1084.0,,,0.0,,1.0,2769.2,,,,,,,,,,,,,,,,,,,,,,,,,,0.0,2.499,0.0,,,,2744.0,,,90.0,173.0,2.663,,,,,,,,,,,,""
14264043084,"Apr 23, 2025, 4:35:02 PM",Lunch Run,Run,"",65,0.40,,,false,,,,,,65.0,65.0,400.0,,6.154,,,,,,0.0,,,,,,,,,,,,,,,,,,,,,,,,,0.0,,0.0,,,,,,,,,,,,,,,,,,,,,,,,,,,0.0,6.154,0.0,,,,,,,,,,,,,,,,,,,,,""
14189036632,"Apr 15, 2025, 10:00:47 PM",Easy,Run,"",3293,12.00,159.0,63,false,"",,activities/15143538142.fit.gz,,,3293.0,3202.0,12005.6,5.02,3.749,0.0,0.0,0.0,0.0,0.0,0.0,,,96.0,90.0,159.0,144.0,,304.0,602.0,,,63.0,1002653.0,,,,,,,,312.0,3294.0,,,0.0,,1.0,12005.6,,,,,,,,,,,,,,,,,,,,,,,,,,0.0,3.646,0.0,,,,9594.0,,,504.0,235.0,,,,,,,,,,,,,""
14179094756,"Apr 14, 2025, 10:28:43 PM",Evening Weight Training,Weight Training,,578,0,112.0,1,false,,,activities/15133196367.fit.gz,,,578.0,578.0,0.0,0.0,0.0,0.0,0.0,0.0,0.0,0.0,0.0,,,,,112.0,85.0,,,27.0,,,1.0,,,,,,,,,,,,,0.0,,1.0,,,,,,,,,,,,,,,,,,,,,,,,,,,0.0,0.0,0.0,,,,,,,,,,,42.0,,,,,,,,,,""
14178941612,"Apr 14, 2025, 9:21:03 PM",Small Prerace Workout,Run,5x200 from 38 to 33 (3:30 to around 2:5x),3389,5.03,165.0,17,false,"",,activities/15133039502.fit.gz,,,3389.0,1842.0,5030.7,6.74,2.731,15.0,13.0,177.4,185.6,27.3,0.0,,,111.0,86.0,165.0,130.0,,248.0,309.0,,,17.0,399034.0,,,,,,,,230.0,2494.0,,,0.0,,1.0,5099.9,,,,,,,,,,,,,,,,,,,,,,,,,,0.0,1.484,0.0,,,,4394.0,,,207.0,173.0,2.769,,,,,,,,,,,,""
14170459266,"Apr 13, 2025, 10:06:46 PM",Long run,Run,Finally can run outside in short,6188,16.43,167.0,92,false,,,activities/15124175022.fit.gz,,,6188.0,6148.0,16437.4,4.42,2.674,42.0,38.0,173.4,183.0,16.2,0.0,,,125.0,86.0,167.0,140.0,,226.0,1064.0,,,92.0,1367543.0,,,,,,,,247.0,6190.0,0.0,,0.0,,1.0,16571.3,,,,,,,,,,,,,,,,,,,,,,,,,,0.0,2.656,149.6,,,,17048.0,,,593.0,186.0,2.695,,,,,,,,,,,,""
14161964976,"Apr 13, 2025, 7:35:26 AM",Just walk back from Bach's birthday at unforgiving time in the morning,Walk,"",935,1.41,,,false,Saw some people going back from the frat so yeah that's fun,,activities/14161964976.gpx,,,935.0,935.0,1418.2,7.42,1.517,0.0,0.0,176.5,178.4,8.0,0.1,,,,,,,,,,,,,,,,,,,,,,,,,0.0,,1.0,,,,,,,,,,,,,,,,,,,,,,,,,,,0.0,1.517,0.0,,,,,,,,,,,,,,,,,,,,,""
14168800842,"Apr 12, 2025, 7:51:18 PM",Walk to buy stuff for Bach's Birthday,Run,"",4342,4.46,148.0,7,false,"",,activities/15122429654.fit.gz,,,4342.0,3930.0,4467.8,4.52,1.137,6.0,5.0,169.2,172.8,12.0,0.0,,,122.0,68.0,148.0,106.0,,143.0,321.0,,,7.0,344985.0,,,,,,,,131.0,4145.0,,,0.0,,1.0,4497.5,,,,,,,,,,,,,,,,,,,,,,,,,,0.0,1.029,0.0,,,,5584.0,,,111.0,98.0,1.144,,,,,,,,,,,,""
14156617201,"Apr 12, 2025, 2:16:21 PM","Walk around campus,",Run,"legs so dead, therefore can't run",2318,3.26,133.0,4,false,"",,activities/15109629470.fit.gz,,,2318.0,2215.0,3266.2,3.08,1.475,8.0,8.0,174.0,180.6,6.1,0.0,,,99.0,61.0,133.0,90.0,,98.0,180.0,,,4.0,220685.0,,,,,,,,103.0,2319.0,,,0.0,,1.0,3284.1,,,,,,,,,,,,,,,,,,,,,,,,,,0.0,1.409,0.0,,,,4604.0,,,38.0,77.0,1.483,,,,,,,,,,,,""
14150433098,"Apr 11, 2025, 9:40:27 PM",6x1k @3:32 3x200@3:00,Run,"",5648,10.11,192.0,56,false,,,activities/15103145617.fit.gz,,,5648.0,3298.0,10113.8,6.6,3.067,9.0,16.0,175.2,180.8,38.8,0.0,,,107.0,92.0,192.0,147.0,,304.0,647.0,,,56.0,802837.0,,,,,,,,275.0,4413.0,0.0,,0.0,,1.0,10173.4,,,,,,,,,,,,,,,,,,,,,,,,,,0.0,1.791,0.0,,,,7860.0,,,524.0,207.0,3.085,,,,,,,,,,,,""
14141256561,"Apr 10, 2025, 10:03:18 PM",Evening Run,Run,,525,1.73,144.0,3,false,,,activities/15093548029.fit.gz,,,525.0,465.0,1733.7,4.48,3.728,0.0,0.0,0.0,0.0,0.0,0.0,,,97.0,90.0,144.0,127.0,,276.0,77.0,,,3.0,146036.0,,,,,,,,301.0,527.0,,,0.0,,1.0,1729.8,,,,,,,,,,,,,,,,,,,,,,,,,,0.0,3.302,0.0,,,,1278.0,,,74.0,226.0,,,,,,,,,,,,,""
14131667775,"Apr 9, 2025, 9:45:12 PM",Recovery run,Run,New route,4055,12.00,159.0,26,false,,,activities/15083551038.fit.gz,,,4055.0,4033.0,12004.4,5.22,2.977,20.0,23.0,170.2,179.4,27.7,0.0,,,100.0,91.0,159.0,134.0,,256.0,722.0,,,26.0,1023417.0,,,,,,,,259.0,4057.0,0.0,,0.0,,1.0,12088.7,,,,,,,,,,,,,,,,,,,,,,,,,,0.0,2.96,0.0,,,,12082.0,,,427.0,195.0,2.997,,,,,,,,,,,,""
14121925876,"Apr 8, 2025, 9:32:15 PM",Workout 4x6'@3:46   2x3' @3:30 rest 1p,Run,6': 3:55 3:50 3:44 3:38,3945,12.00,179.0,80,false,"",,activities/15073403941.fit.gz,,,3945.0,3582.0,12002.8,5.2,3.351,0.0,0.0,0.0,0.0,0.0,0.0,,,97.0,84.0,179.0,147.0,,253.0,680.0,,,80.0,997396.0,,,,,,,,302.0,3946.0,,,0.0,,1.0,12002.8,,,,,,,,,,,,,,,,,,,,,,,,,,0.0,3.043,0.0,,,,9394.0,,,564.0,227.0,,,,,,,,,,,,,""
14103221119,"Apr 6, 2025, 8:46:23 PM",Long Run on tired legs :(,Run,100km week start to taper,6317,16.01,153.0,31,false,"",,activities/15053952609.fit.gz,,,6317.0,6079.0,16009.5,4.06,2.634,43.0,43.0,168.8,180.4,16.1,0.0,,,124.0,87.0,153.0,123.0,,220.0,939.0,,,31.0,1327004.0,,,,,,,,237.0,6319.0,,,0.0,,1.0,16148.2,,,,,,,,,,,,,,,,,,,,,,,,,,0.0,2.534,27.8,,,,17232.0,,,556.0,178.0,2.656,,,,,,,,,,,,""
14122465098,"Apr 5, 2025, 5:30:00 PM",Easy Run + Walk around (added),Run,"",3600,10.00,,,false,"",New Balance 1080 V14,,,,3600.0,3600.0,10000.0,,2.778,,,,,,0.0,,,,,,,,,,,,,,,,,,,,,,,,,0.0,,0.0,,,,,,,,,,,,,,,,,20717604.0,,,,,,,,,,0.0,2.778,0.0,,,,,,,,,,,,,,,,,,,,,""
14091172451,"Apr 5, 2025, 8:35:59 PM",Walk around alumni,Run,"",1173,2.35,154.0,6,false,UB Women's Basketball won the WNIT,,activities/15041299323.fit.gz,,,1173.0,1157.0,2353.2,3.82,2.034,19.0,20.0,173.4,179.0,27.7,0.0,,,97.0,75.0,154.0,114.0,,168.0,141.0,,,6.0,183973.0,,,,,,,,194.0,1174.0,,,0.0,,1.0,2435.8,,,,,,,,,,,,,,,,,,,,,,,,,,0.0,2.006,0.0,,,,2706.0,,,69.0,146.0,2.105,,,,,,,,,,,,""
14082046871,"Apr 4, 2025, 9:15:30 PM",Michigan workout,Run,"1600: 3:41
2k: 3:51
1200: 3:39
2k: 3:56
800: 3:32
2k: 4:02 (dead the last 400m)
400: 3:31",5759,16.00,173.0,70,false,"",,activities/15031678463.fit.gz,,,5759.0,4938.0,16003.8,5.88,3.241,21.0,25.0,174.2,182.8,33.3,0.0,,,102.0,90.0,173.0,140.0,,291.0,943.0,,,70.0,1318996.0,,,,,,,,309.0,5298.0,0.0,,0.0,,1.0,16060.6,,,,,,,,,,,,,,,,,,,,,,,,,,0.0,2.779,0.0,,,,13516.0,,,793.0,232.0,3.252,,,,,,,,,,,,""
14073204159,"Apr 3, 2025, 9:16:12 PM",Recovery Run,Run,Decided to walk a little bit rather than run cuz legs felt like .... :(,4993,10.26,163.0,37,false,"",,activities/15022379470.fit.gz,,,4993.0,4461.0,10262.2,4.34,2.3,102.0,104.0,167.8,181.2,46.2,0.0,,,122.0,77.0,163.0,128.0,,193.0,635.0,,,37.0,854043.0,,,,,,,,214.0,4728.0,,,0.0,,1.0,10854.2,,,,,,,,,,,,,,,,,,,,,,,,,,0.0,2.055,158.2,,,,11176.0,,,340.0,161.0,2.433,,,,,,,,,,,,""
14063582417,"Apr 2, 2025, 9:32:11 PM",Medium Long run,Run,"",4508,16.02,171.0,50,false,,,activities/15012256049.fit.gz,,,4508.0,4392.0,16019.0,5.08,3.647,0.0,0.0,0.0,0.0,0.0,0.0,,,97.0,87.0,171.0,140.0,,302.0,744.0,,,50.0,1361864.0,,,,,,,,307.0,4509.0,0.0,,0.0,,1.0,16018.2,,,,,,,,,,,,,,,,,,,,,,,,,,0.0,3.553,0.0,,,,12828.0,,,667.0,231.0,,,,,,,,,,,,,""
14063581157,"Apr 1, 2025, 10:50:19 PM",Evening Run,Run,"",371,1.25,164.0,5,false,"",,activities/15012254726.fit.gz,,,371.0,342.0,1256.6,7.875,3.674,1.0,0.0,176.4,178.8,5.9,0.0,,,116.0,90.0,164.0,137.0,,307.0,68.0,,,5.0,105526.0,,,,,,,,285.0,373.0,,,0.0,,1.0,1259.6,,,,,,,,,,,,,,,,,,,,,,,,,,0.0,3.387,0.0,,,,1010.0,,,47.0,214.0,3.683,,,,,,,,,,,,""
14063581185,"Apr 1, 2025, 9:55:32 PM",Afternoon Run,Run,"",1853,4.03,155.0,9,false,,,activities/15012254759.fit.gz,,,1853.0,1760.0,4032.3,6.42,2.291,5.0,8.0,177.0,183.8,10.9,-0.1,,,112.0,73.0,155.0,124.0,,173.0,245.0,,,9.0,287520.0,,,,,,,,217.0,1855.0,0.0,,0.0,,1.0,4050.5,,,,,,,,,,,,,,,,,,,,,,,,,,0.0,2.176,0.0,,,,3962.0,,,137.0,163.0,2.301,,,,,,,,,,,,""
14063580698,"Apr 1, 2025, 9:18:53 PM",Afternoon Run,Run,"",1919,3.74,166.0,12,false,,,activities/15012254193.fit.gz,,,1919.0,1251.0,3742.0,5.04,2.991,8.0,3.0,178.4,185.8,12.2,0.1,,,109.0,86.0,166.0,132.0,,260.0,216.0,,,12.0,310468.0,,,,,,,,255.0,1643.0,0.0,,0.0,,1.0,3781.3,,,,,,,,,,,,,,,,,,,,,,,,,,0.0,1.95,0.0,,,,3340.0,,,168.0,192.0,3.023,,,,,,,,,,,,""
14122477013,"Apr 1, 2025, 5:00:00 PM",Added Running Around,Run,Plan to do a workout but can't :(,3600,10.00,,,false,"",,,,,3600.0,3600.0,10000.0,,2.778,,,,,,0.0,,,,,,,,,,,,,,,,,,,,,,,,,0.0,,0.0,,,,,,,,,,,,,,,,,,,,,,,,,,,0.0,2.778,0.0,,,,,,,,,,,,,,,,,,,,,""
14043156094,"Mar 31, 2025, 9:09:22 PM",Run Club,Run,"",3629,11.28,169.0,75,false,,,activities/14990589786.fit.gz,,,3629.0,3132.0,11285.0,5.18,3.603,21.0,29.0,177.4,189.4,20.4,0.0,,,95.0,87.0,169.0,152.0,,314.0,690.0,,,75.0,981476.0,,,,,,,,303.0,3468.0,0.0,,0.0,,1.0,11360.9,,,,,,,,,,,,,,,,,,,,,,,,,,0.0,3.11,276.4,,,,9042.0,,,500.0,228.0,3.627,,,,,,,,,,,,""
14043155189,"Mar 30, 2025, 9:24:11 PM",Easy,Run,"",1470,5.02,163.0,15,false,"",,activities/14990588964.fit.gz,,,1470.0,1436.0,5022.4,5.18,3.498,0.0,0.0,0.0,0.0,0.0,0.0,,,120.0,85.0,163.0,139.0,,295.0,271.0,,,15.0,433450.0,,,,,,,,300.0,1472.0,0.0,,0.0,,1.0,5022.4,,,,,,,,,,,,,,,,,,,,,,,,,,0.0,3.417,0.0,,,,3986.0,,,208.0,226.0,,,,,,,,,,,,,""
14043154370,"Mar 30, 2025, 8:41:48 PM",Easy,Run,"",1936,4.90,157.0,11,false,"",,activities/14990588088.fit.gz,,,1936.0,1804.0,4899.0,5.2,2.716,13.0,11.0,176.6,184.8,13.4,0.1,,,125.0,79.0,157.0,129.0,,233.0,291.0,,,11.0,414748.0,,,,,,,,242.0,1938.0,0.0,,0.0,,1.0,4946.4,,,,,,,,,,,,,,,,,,,,,,,,,,0.0,2.53,0.0,,,,4654.0,,,178.0,182.0,2.742,,,,,,,,,,,,""
14022662792,"Mar 29, 2025, 4:52:12 PM",Interval 4x800@3:27 r 2',Run,"",2791,6.05,179.0,25,false,"",,activities/14968516927.fit.gz,,,2791.0,2012.0,6054.6,5.5,3.009,3.0,4.0,181.4,185.4,11.1,0.0,,,101.0,92.0,179.0,141.0,,302.0,376.0,,,25.0,485210.0,,,,,,,,277.0,2345.0,,,0.0,,1.0,6085.6,,,,,,,,,,,,,,,,,,,,,,,,,,0.0,2.169,0.0,,,,4884.0,,,282.0,208.0,3.025,,,,,,,,,,,,""
14015959587,"Mar 28, 2025, 9:46:15 PM",Interval 5x800@4:00 r 2',Run,"",3753,7.67,174.0,37,false,"",,activities/14961303593.fit.gz,,,3753.0,2576.0,7677.2,5.48,2.98,14.0,13.0,179.8,188.2,50.0,0.0,,,119.0,89.0,174.0,144.0,,304.0,503.0,,,37.0,642580.0,,,,,,,,269.0,3219.0,,,0.0,,1.0,7716.6,,,,,,,,,,,,,,,,,,,,,,,,,,0.0,2.046,315.3,,,,6130.0,,,365.0,202.0,2.996,,,,,,,,,,,,""
14007573698,"Mar 27, 2025, 9:00:23 PM",Medium Long Run + 4 strides,Run,"",5442,16.00,164.0,87,false,"",,activities/14952228899.fit.gz,,,5442.0,5190.0,15999.6,6.66,3.083,67.0,60.0,177.6,191.2,20.6,0.0,,,123.0,85.0,164.0,145.0,,265.0,1004.0,,,87.0,1364823.0,,,,,,,,272.0,5443.0,,,0.0,,1.0,16223.9,,,,,,,,,,,,,,,,,,,,,,,,,,0.0,2.94,286.5,,,,14424.0,,,633.0,205.0,3.126,,,,,,,,,,,,""
14007697189,"Mar 26, 2025, 5:00:00 PM",12km easy in second floor of alumni + 3km WU CD from yesterday workout,Run,"",5400,15.00,,,false,"",New Balance 1080 V14,,,,5400.0,5400.0,15000.0,,2.778,,,,,,0.0,,,,,,,,,,,,,,,,,,,,,,,,,0.0,,0.0,,,,,,,,,,,,,,,,,20717604.0,,,,,,,,,,0.0,2.778,0.0,,,,,,,,,,,,,,,,,,,,,""
13987396550,"Mar 25, 2025, 9:26:29 PM",Workout 3x10 @3:53 rest 2',Run,"",4322,11.49,166.0,51,false,"",,activities/14930623548.fit.gz,,,4322.0,3197.0,11493.2,5.5,3.595,44.0,42.0,176.4,186.6,17.9,0.0,,,103.0,89.0,166.0,145.0,,324.0,649.0,,,51.0,996454.0,,,,,,,,316.0,3755.0,,,0.0,,1.0,11652.2,,,,,,,,,,,,,,,,,,,,,,,,,,0.0,2.659,161.4,,,,9100.0,,,589.0,238.0,3.645,,,,,,,,,,,,""
13977710453,"Mar 24, 2025, 9:20:13 PM",Easy + 2 strides,Run,"",3874,12.12,159.0,46,false,,,activities/14920296569.fit.gz,,,3874.0,3729.0,12119.3,4.56,3.25,0.0,0.0,0.0,0.0,0.0,0.0,,,95.0,84.0,159.0,138.0,,266.0,638.0,,,46.0,1032329.0,,,,,,,,283.0,3876.0,0.0,,0.0,,1.0,12119.3,,,,,,,,,,,,,,,,,,,,,,,,,,0.0,3.128,0.0,,,,10508.0,,,487.0,213.0,,,,,,,,,,,,,""
13969104637,"Mar 23, 2025, 8:06:07 PM",Long run,Run,"Legs feels dead after 14km
Around 100km weeks so legs cooked 🥲🥲",8909,24.01,152.0,51,false,,,activities/14911044088.fit.gz,,,8909.0,8059.0,24009.2,9.0,2.979,52.0,48.0,173.0,185.8,15.7,0.0,,,120.0,84.0,152.0,128.0,,256.0,1391.0,,,51.0,2044472.0,,,,,,,,270.0,8663.0,0.0,,0.0,,1.0,24189.1,,,,,,,,,,,,,,,,,,,,,,,,,,0.0,2.695,95.2,,,,22246.0,,,991.0,203.0,3.002,,,,,,,,,,,,""
13958837204,"Mar 22, 2025, 9:54:44 PM",Easy run why Buffalo is so cold 🤔🤔,Run,"",4621,12.00,160.0,19,false,,,activities/14900024055.fit.gz,,,4621.0,4021.0,12000.5,4.94,2.984,58.0,62.0,171.2,184.2,32.6,-0.1,,,125.0,85.0,160.0,126.0,,262.0,670.0,,,19.0,1050766.0,,,,,,,,269.0,4360.0,0.0,,0.0,,1.0,12243.2,,,,,,,,,,,,,,,,,,,,,,,,,,0.0,2.597,355.3,,,,11190.0,,,494.0,202.0,3.045,,,,,,,,,,,,""
13948903377,"Mar 21, 2025, 9:46:56 PM",Double,Run,"",1945,4.45,163.0,10,false,"",,activities/14889316721.fit.gz,,,1945.0,1770.0,4449.7,7.62,2.514,34.0,32.0,177.8,186.0,42.2,0.0,,,100.0,80.0,163.0,126.0,,225.0,268.0,,,10.0,395900.0,,,,,,,,233.0,1947.0,,,0.0,,1.0,4617.2,,,,,,,,,,,,,,,,,,,,,,,,,,0.0,2.288,19.9,,,,4552.0,,,165.0,175.0,2.609,,,,,,,,,,,,""
13948153382,"Mar 21, 2025, 5:32:19 PM","Workout 10x600 @3:25 rest 1'40""",Run,Increase from 3:30 to 3:15 ish ,4686,10.00,184.0,58,false,"",,activities/14888516172.fit.gz,,,4686.0,3615.0,10004.2,5.48,2.767,0.0,0.0,0.0,0.0,0.0,0.0,,,97.0,85.0,184.0,135.0,,181.0,651.0,,,58.0,849788.0,,,,,,,,272.0,4090.0,,,0.0,,1.0,10004.2,,,,,,,,,,,,,,,,,,,,,,,,,,0.0,2.135,0.0,,,,7926.0,,,476.0,205.0,,,,,,,,,,,,,""
14007708160,"Mar 20, 2025, 5:00:00 PM",Added,Run,12km easy + 3km WU CD from tmr,5400,15.00,,,false,"",New Balance 1080 V14,,,,5400.0,5400.0,15000.0,,2.778,,,,,,0.0,,,,,,,,,,,,,,,,,,,,,,,,,0.0,,0.0,,,,,,,,,,,,,,,,,20717604.0,,,,,,,,,,0.0,2.778,0.0,,,,,,,,,,,,,,,,,,,,,""
13939513435,"Mar 20, 2025, 12:07:48 PM",NYC back to BUF,E-Bike Ride,"",29364,670.76,,,false,"",,activities/13939513435.gpx,,,29364.0,27136.0,670767.4,38.6,24.719,4566.2,4388.8,0.4,600.9,17.6,0.0,,,,,,,,,,,,,,,,,,,,,,,,,0.0,,1.0,,,,,,,,,,,,,,,,,,,,,,,,,,,0.0,22.843,277.6,,,,,,,,,,,,,,,,,,,,,""
13932112010,"Mar 19, 2025, 5:06:48 PM",Run and Williamsburg,Run,"",10573,13.66,176.0,35,false,,,activities/14871165010.fit.gz,,,10573.0,7918.0,13668.1,6.44,1.726,55.0,78.0,1.0,36.6,33.0,-0.3,,,122.0,71.0,176.0,120.0,,164.0,931.0,,,35.0,1026149.0,,,,,,,,175.0,9508.0,0.0,,0.0,,1.0,13785.5,,,,,,,,,,,,,,,,,,,,,,,,,,0.0,1.293,196.0,,,,14368.0,,,458.0,132.0,1.741,,,,,,,,,,,,""
13923606910,"Mar 19, 2025, 3:18:44 AM",DC back to NYC,E-Bike Ride,"",15407,369.65,,,false,"",,activities/13923606910.gpx,,,15407.0,13634.0,369654.3,42.18,27.113,2214.7,2215.0,-8.6,110.2,42.0,0.0,,,,,,,,,,,,,,,,,,,,,,,,,0.0,,1.0,,,,,,,,,,,,,,,,,,,,,,,,,,,0.0,23.993,0.0,,,,,,,,,,,,,,,,,,,,,""
13922777535,"Mar 18, 2025, 9:44:41 PM",Georgetown Uni and Dupont Circle,Run,"",5431,5.61,109.0,7,false,"",,activities/14861046386.fit.gz,,,5431.0,4096.0,5616.0,3.0,1.371,32.0,12.0,0.2,37.6,43.6,0.6,,,67.0,60.0,109.0,90.0,,107.0,315.0,,,7.0,393193.0,,,,,,,,95.0,5375.0,,,0.0,,1.0,5774.9,,,,,,,,,,,,,,,,,,,,,,,,,,0.0,1.034,307.4,,,,7190.0,,,75.0,71.0,1.41,,,,,,,,,,,,""
13922776984,"Mar 18, 2025, 4:39:59 PM",DC p2,Run,"",6423,4.38,115.0,5,false,"",,activities/14861045801.fit.gz,,,6423.0,4530.0,4380.0,4.72,0.967,42.0,30.0,4.2,21.0,43.6,0.1,,,111.0,56.0,115.0,80.0,,80.0,266.0,,,5.0,273954.0,,,,,,,,72.0,5246.0,,,0.0,,1.0,4606.0,,,,,,,,,,,,,,,,,,,,,,,,,,0.0,0.682,12.4,,,,6558.0,,,42.0,54.0,1.017,,,,,,,,,,,,""
13922776788,"Mar 18, 2025, 1:13:08 PM",DC p1,Run,"",4907,5.00,93.0,5,false,"",,activities/14861045571.fit.gz,,,4907.0,4750.0,5005.8,2.4,1.054,36.0,36.0,4.4,34.8,44.4,0.0,,,79.0,57.0,93.0,74.0,,83.0,281.0,,,5.0,311735.0,,,,,,,,77.0,4909.0,,,0.0,,1.0,5135.5,,,,,,,,,,,,,,,,,,,,,,,,,,0.0,1.02,1646.1,,,,7172.0,,,45.0,58.0,1.081,,,,,,,,,,,,""
13910055436,"Mar 17, 2025, 6:47:27 PM",Columbia uni and Harlem,Walk,"",2768,1.67,,,false,,,activities/13910055436.gpx,,,2768.0,1398.0,1669.3,4.4,1.194,0.0,0.0,7.5,39.6,7.4,-1.9,,,,,,,,,,,,,,,,,,,,,,,,,0.0,,1.0,,,,,,,,,,,,,,,,,,,,,,,,,,,0.0,0.603,0.0,,,,,,,,,,,,,,,,,,,,,""
13908409437,"Mar 17, 2025, 4:10:42 PM","NYU p2, East Village, and Greenwich Villlage",Walk,"",2166,2.09,,,false,"",,activities/13908409437.gpx,,,2166.0,1755.0,2095.1,5.22,1.194,4.8,3.7,5.7,9.5,4.2,-0.1,,,,,,,,,,,,,,,,,,,,,,,,,0.0,,1.0,,,,,,,,,,,,,,,,,,,,,,,,,,,0.0,0.967,0.0,,,,,,,,,,,,,,,,,,,,,""
13908103131,"Mar 17, 2025, 3:48:12 PM",NYU p1,Walk,"",1206,1.28,111.0,2,false,"",,activities/14845251639.fit.gz,,,1206.0,1082.0,1283.9,4.96,1.187,2.0,2.0,10.8,13.6,5.2,0.0,,,63.0,58.0,111.0,96.0,,83.0,92.0,,,2.0,76538.0,,,,,,,,82.0,1207.0,0.0,,0.0,,1.0,1285.6,,,,,,,,,,,,,,,,,,,,,,,,,,0.0,1.065,0.0,,,,1580.0,,,12.0,62.0,1.631,,,,,,,,,,,,""
13907820614,"Mar 17, 2025, 2:31:54 PM",NYU Engineering campus,Walk,"",3462,2.73,,,false,,,activities/13907820614.gpx,,,3462.0,1691.0,2732.1,5.3,1.616,4.5,15.6,10.3,23.1,6.7,-0.3,,,,,,,,,,,,,,,,,,,,,,,0.0,,0.0,,1.0,,,,,,,,,,,,,,,,,,,,,,,,,,,0.0,0.789,0.0,,,,,,,,,,,,,,,,,,,,,""
13903855597,"Mar 17, 2025, 12:40:34 AM",Walk from NBA games to khoa’s home,Walk,"",1797,2.49,116.0,3,false,,,activities/14840565802.fit.gz,,,1797.0,1654.0,2498.2,3.48,1.51,50.0,13.0,17.8,58.2,44.4,1.5,,,71.0,62.0,116.0,97.0,,135.0,160.0,,,3.0,217416.0,,,,,,,,141.0,1798.0,0.0,,0.0,,1.0,2740.3,,,,,,,,,,,,,,,,,,,,,,,,,,0.0,1.39,0.0,,,,3214.0,,,56.0,106.0,1.759,,,,,,,,,,,,""
13902692990,"Mar 16, 2025, 7:59:52 PM","Chelsea market, the High Lane and The Garden",Walk,"",3826,4.32,131.0,8,false,,,activities/14839291527.fit.gz,,,3826.0,3484.0,4323.0,4.2,1.241,73.0,52.0,7.2,33.8,50.0,0.5,,,93.0,61.0,131.0,96.0,,99.0,300.0,,,8.0,308049.0,,,,,,,,114.0,3827.0,0.0,,0.0,,1.0,4667.5,,,,,,,,,,,,,,,,,,,,,,,,,,0.0,1.13,206.1,,,,5740.0,,,78.0,86.0,1.727,,,,,,,,,,,,""
13898993666,"Mar 16, 2025, 1:27:48 PM",CD,Run,"",667,1.37,154.0,5,false,,,activities/14835275802.fit.gz,,,667.0,598.0,1375.4,5.16,2.3,1.0,3.0,29.6,33.2,8.8,-0.2,,,118.0,82.0,154.0,135.0,,204.0,104.0,,,5.0,112465.0,,,,,,,,195.0,668.0,0.0,,0.0,,1.0,1379.6,,,,,,,,,,,,,,,,,,,,,,,,,,0.0,2.062,4.2,,,,1448.0,,,39.0,147.0,2.307,,,,,,,,,,,,""
13898993291,"Mar 16, 2025, 10:49:39 AM",NYC Halfmarathon,Run,Chạy ké gặp toàn elite olympic,8887,21.11,174.0,128,false,,,activities/14835274830.fit.gz,,,8887.0,6576.0,21117.1,10.48,3.211,132.0,149.0,5.6,56.8,17.8,-0.1,,,123.0,84.0,174.0,148.0,,282.0,1273.0,,,128.0,1830780.0,,,,,,,,286.0,7395.0,0.0,,0.0,,1.0,21287.5,,,,,,,,,,,,,,,,,,,,,,,,,,0.0,2.376,0.0,,,,17966.0,,,949.0,215.0,3.237,,,,,,,,,,,,""
13898989884,"Mar 16, 2025, 12:30:02 AM",Evening Run,Run,,3812,2.74,87.0,1,false,,,activities/14835271592.fit.gz,,,3812.0,2842.0,2748.9,5.16,0.967,10.0,9.0,14.4,21.8,22.5,-0.1,,,98.0,57.0,87.0,66.0,,78.0,158.0,,,1.0,150311.0,,,,,,,,74.0,2950.0,,,0.0,,1.0,2806.7,,,,,,,,,,,,,,,,,,,,,,,,,,0.0,0.721,0.0,,,,3864.0,,,25.0,56.0,0.988,,,,,,,,,,,,""
13898767701,"Mar 15, 2025, 8:20:57 PM",Afternoon Run,Run,,4094,8.00,177.0,32,false,,,activities/14835032014.fit.gz,,,4094.0,3788.0,8001.5,6.04,2.112,58.0,59.0,21.6,56.2,15.0,0.0,,,119.0,73.0,177.0,126.0,,176.0,496.0,,,32.0,618290.0,,,,,,,,215.0,4096.0,,,0.0,,1.0,8100.0,,,,,,,,,,,,,,,,,,,,,,,,,,0.0,1.954,981.7,,,,8454.0,,,297.0,162.0,2.138,,,,,,,,,,,,""
13890106126,"Mar 14, 2025, 8:17:12 PM",Drive to NYC,E-Bike Ride,"",68368,657.51,,,false,,,activities/13890106126.gpx,,,68368.0,26036.0,657516.7,55.04,25.254,5253.1,5253.1,-1.3,607.4,16.8,0.0,,,,,,,,,,,,,,,,,,,,,,,,,0.0,,1.0,,,,,,,,,,,,,,,,,,,,,,,,,,,0.0,9.617,0.0,,,,,,,,,,,,,,,,,,,,,""
13882359486,"Mar 14, 2025, 6:06:49 PM",Afternoon Ride,Ride,,901,0,109.0,2,false,,,activities/14817203281.fit.gz,,,901.0,901.0,0.0,0.0,0.0,0.0,0.0,0.0,0.0,0.0,0.0,,,,,109.0,98.0,,,75.0,,,2.0,,,,,,,,,,,,,0.0,,1.0,,,,,,,,,,,,,,,,,,,,,,,,,,,0.0,0.0,0.0,,,,,,,,,,,,,,,,,,,,,""
13876554163,"Mar 13, 2025, 9:08:22 PM",Workout 10x400 @3:16,Run,"",5319,8.93,181.0,31,false,,,activities/14810838170.fit.gz,,,5319.0,3182.0,8937.7,6.44,2.809,14.0,17.0,173.0,180.0,47.5,0.0,,,120.0,87.0,181.0,136.0,,268.0,560.0,,,31.0,702188.0,,,,,,,,247.0,4350.0,0.0,,0.0,,1.0,9020.0,,,,,,,,,,,,,,,,,,,,,,,,,,0.0,1.68,0.0,,,,7320.0,,,417.0,186.0,2.835,,,,,,,,,,,,""
13856799444,"Mar 11, 2025, 9:44:06 PM",Afternoon Run,Run,,3064,6.85,189.0,41,false,,,activities/14790244346.fit.gz,,,3064.0,2113.0,6853.5,5.82,3.243,21.0,23.0,171.6,181.0,15.7,-0.1,,,115.0,84.0,189.0,138.0,,283.0,404.0,,,41.0,584892.0,,,,,,,,291.0,2622.0,,,0.0,,1.0,6932.5,,,,,,,,,,,,,,,,,,,,,,,,,,0.0,2.237,0.0,,,,5732.0,,,348.0,219.0,3.281,,,,,,,,,,,,""
13846943482,"Mar 10, 2025, 10:03:48 PM",Evening Run,Run,,1410,4.01,143.0,5,false,,,activities/14779647401.fit.gz,,,1410.0,1231.0,4009.4,6.36,3.257,9.0,6.0,175.0,183.2,11.2,0.1,,,103.0,87.0,143.0,127.0,,292.0,213.0,,,5.0,359016.0,,,,,,,,281.0,1412.0,,,0.0,,1.0,4045.9,,,,,,,,,,,,,,,,,,,,,,,,,,0.0,2.844,112.7,,,,3504.0,,,174.0,211.0,3.287,,,,,,,,,,,,""
13846942821,"Mar 10, 2025, 9:55:50 PM",Afternoon Run,Run,,255,0.86,149.0,2,false,,,activities/14779646700.fit.gz,,,255.0,252.0,862.7,4.62,3.423,2.0,1.0,172.4,174.8,4.7,0.2,,,93.0,89.0,149.0,137.0,,304.0,49.0,,,2.0,76579.0,,,,,,,,299.0,256.0,,,0.0,,1.0,870.0,,,,,,,,,,,,,,,,,,,,,,,,,,0.0,3.383,0.0,,,,732.0,,,35.0,225.0,3.452,,,,,,,,,,,,""
13846942593,"Mar 10, 2025, 9:09:24 PM",Afternoon Run,Run,,2458,7.36,143.0,9,false,,,activities/14779646452.fit.gz,,,2458.0,2115.0,7364.0,4.8,3.482,10.0,9.0,173.2,180.8,8.9,0.0,,,98.0,88.0,143.0,129.0,,306.0,376.0,,,9.0,647048.0,,,,,,,,292.0,2374.0,,,0.0,,1.0,7401.7,,,,,,,,,,,,,,,,,,,,,,,,,,0.0,2.996,0.0,,,,6180.0,,,318.0,220.0,3.5,,,,,,,,,,,,""
13838461930,"Mar 9, 2025, 8:49:21 PM",Long run on a treadmill 🥲🥲🥲,Run,Progressive,6965,25.00,185.0,144,false,,,activities/14770410167.fit.gz,,,6965.0,6703.0,25004.3,4.94,3.73,0.0,0.0,0.0,0.0,0.0,0.0,,,100.0,87.0,185.0,149.0,,307.0,1218.0,,,144.0,2136353.0,,,,,,,,316.0,6967.0,0.0,,0.0,,1.0,25004.3,,,,,,,,,,,,,,,,,,,,,,,,,,0.0,3.59,0.0,,,,19476.0,,,1094.0,238.0,,,,,,,,,,,,,""
13818158551,"Mar 7, 2025, 10:14:21 PM",Afternoon Run,Run,,2691,5.53,179.0,36,false,,,activities/14748324873.fit.gz,,,2691.0,1645.0,5538.1,5.68,3.367,18.0,20.0,173.4,182.8,47.1,0.0,,,99.0,84.0,179.0,148.0,,298.0,323.0,,,36.0,485659.0,,,,,,,,296.0,2116.0,,,0.0,,1.0,5634.6,,,,,,,,,,,,,,,,,,,,,,,,,,0.0,2.058,49.6,,,,4466.0,,,291.0,223.0,3.425,,,,,,,,,,,,""
13810261374,"Mar 6, 2025, 11:23:09 PM",Core + Mobility,Weight Training,"",3119,0,166.0,7,false,,,activities/14739741344.fit.gz,,,3119.0,3119.0,0.0,0.0,0.0,0.0,0.0,0.0,0.0,0.0,0.0,,,,,166.0,94.0,,,211.0,,,7.0,,,,,,,,,,,0.0,,0.0,,1.0,,,,,,,,,,,,,,,,,,,,,,,,,,,0.0,0.0,0.0,,,,,,,,,,,12.0,,,,,,,,,,""
13800676439,"Mar 5, 2025, 10:01:26 PM",Recovery run,Run,"",4334,12.17,159.0,41,false,,,activities/14729367938.fit.gz,,,4334.0,3878.0,12172.1,4.133,3.139,28.0,19.0,176.4,187.6,17.3,0.1,,,94.0,88.0,159.0,138.0,,276.0,732.0,,,41.0,1069576.0,,,,,,,,267.0,4319.0,0.0,,0.0,,1.0,12273.1,,,,,,,,,,,,,,,,,,,,,,,,,,0.0,2.809,215.1,,,,11268.0,,,484.0,201.0,3.165,,,,,,,,,,,,""
13792187278,"Mar 4, 2025, 7:00:00 PM",More WU + CD,Run,"",1080,3.00,,,false,"",Nike 10$ nike shoes from Thrift,,,,1080.0,1080.0,3000.0,,2.778,,,,,,0.0,,,,,,,,,,,,,,,,,,,,,,,,,0.0,,0.0,,,,,,,,,,,,,,,,,22105556.0,,,,,,,,,,0.0,2.778,0.0,,,,,,,,,,,,,,,,,,,,,""
13791596338,"Mar 4, 2025, 10:29:18 PM",Workout on tired legs 4x2km,Run,"3km WU
4x2k rest 1'30: 7:53 8:04 8:07 8:23
2km CD",4812,13.00,192.0,131,false,"",New Balance V3,activities/14719556205.fit.gz,,,4812.0,3749.0,13006.5,5.08,3.469,23.0,19.0,176.0,184.6,7.1,0.0,,,100.0,88.0,192.0,161.0,,301.0,818.0,,,131.0,1111724.0,,,,,,,,306.0,4251.0,,,0.0,,1.0,13055.6,,,,,,,,,,,,,,,,20809270.0,,,,,,,,,,0.0,2.703,319.3,,,,10668.0,,,624.0,230.0,3.482,,,,,,,,,,,,""
13781764080,"Mar 3, 2025, 9:54:08 PM",12km easy + 4 strides,Run,"",4714,13.13,171.0,74,false,"",New Balance 1080 V14,activities/14708950795.fit.gz,,,4714.0,4190.0,13132.7,6.54,3.134,34.0,36.0,177.8,187.6,47.5,0.0,,,111.0,85.0,171.0,145.0,,276.0,803.0,,,74.0,1149684.0,,,,,,,,279.0,4605.0,0.0,,0.0,,1.0,13281.6,,,,,,,,,,,,,,,,20717604.0,,,,,,,,,,0.0,2.786,145.7,,,,11642.0,,,563.0,210.0,3.17,,,,,,,,,,,,""
13773300259,"Mar 2, 2025, 10:59:53 PM",Afternoon Weight Training,Weight Training,,650,0,97.0,1,false,,,activities/14699721951.fit.gz,,,650.0,650.0,0.0,0.0,0.0,0.0,0.0,0.0,0.0,0.0,0.0,,,,,97.0,82.0,,,32.0,,,1.0,,,,,,,,,,,,,0.0,,1.0,,,,,,,,,,,,,,,,,,,,,,,,,,,0.0,0.0,0.0,,,,,,,,,,,22.0,,,,,,,,,,""
13773259587,"Mar 2, 2025, 9:48:38 PM",Long run P1,Run,"",3761,13.28,178.0,109,false,"",,activities/14699677634.fit.gz,,,3761.0,3627.0,13282.5,4.46,3.662,0.0,0.0,0.0,0.0,0.0,0.0,,,93.0,84.0,178.0,156.0,,304.0,774.0,,,109.0,1142207.0,,,,,,,,314.0,3763.0,,,0.0,,1.0,13282.5,,,,,,,,,,,,,,,,,,,,,,,,,,0.0,3.532,0.0,,,,10394.0,,,582.0,236.0,,,,,,,,,,,,,""
13763288418,"Mar 1, 2025, 9:14:12 PM",Workout,Run,"20m at 4:00
15 min 3:50
10min 3:45
4 3 1 from 3:30 3:15",4622,10.99,183.0,69,false,,,activities/14688835173.fit.gz,,,4622.0,2892.0,10997.0,5.32,3.803,0.0,0.0,0.0,0.0,0.0,0.0,,,112.0,79.0,183.0,138.0,,203.0,585.0,,,69.0,937211.0,,,,,,,,292.0,4065.0,0.0,,0.0,,1.0,10997.0,,,,,,,,,,,,,,,,,,,,,,,,,,0.0,2.379,0.0,,,,8354.0,,,545.0,220.0,,,,,,,,,,,,,""
13737077962,"Feb 26, 2025, 10:16:04 PM",Failed workout,Run,"5x6min but went out too fast cant run past 12mins 
3:56 4:14",4112,8.31,156.0,17,false,"",,activities/14660323689.fit.gz,,,4112.0,3007.0,8315.8,6.16,2.765,38.0,27.0,176.6,188.6,44.4,0.1,,,102.0,81.0,156.0,121.0,,244.0,438.0,,,17.0,679822.0,,,,,,,,265.0,3852.0,0.0,,0.0,,1.0,8418.9,,,,,,,,,,,,,,,,,,,,,,,,,,0.0,2.022,295.3,,,,7488.0,,,424.0,199.0,2.8,,,,,,,,,,,,""
13736358175,"Feb 25, 2025, 10:19:21 PM",First run outside in month,Run,"",3509,10.01,175.0,32,false,,,activities/14659556363.fit.gz,,,3509.0,3504.0,10016.5,6.36,2.859,21.0,24.0,175.6,183.0,9.3,0.0,,,125.0,80.0,175.0,134.0,,242.0,590.0,,,32.0,840842.0,,,,,,,,267.0,3511.0,0.0,,0.0,,1.0,10067.2,,,,,,,,,,,,,,,,,,,,,,,,,,0.0,2.855,609.0,,,,9094.0,,,393.0,201.0,2.873,,,,,,,,,,,,""
13736356475,"Feb 24, 2025, 8:55:33 PM",Afternoon Run,Run,,5361,12.00,166.0,44,false,,,activities/14659554527.fit.gz,,,5361.0,4109.0,12005.2,4.6,2.922,0.0,0.0,0.0,0.0,0.0,0.0,,,120.0,80.0,166.0,118.0,,189.0,610.0,,,44.0,1012592.0,,,,,,,,282.0,4391.0,,,0.0,,1.0,12005.2,,,,,,,,,,,,,,,,,,,,,,,,,,0.0,2.239,0.0,,,,10224.0,,,548.0,212.0,,,,,,,,,,,,,""
13682921963,"Feb 20, 2025, 10:28:27 PM",Afternoon Run,Run,"",4641,6.33,160.0,29,false,,,activities/14601335498.fit.gz,,,4641.0,2484.0,6335.9,4.96,2.551,0.0,0.0,0.0,0.0,0.0,0.0,,,107.0,80.0,160.0,128.0,,192.0,345.0,,,29.0,540215.0,,,,,,,,269.0,2821.0,0.0,,0.0,,1.0,6335.9,,,,,,,,,,,,,,,,,,,,,,,,,,0.0,1.365,0.0,,,,5646.0,,,320.0,202.0,,,,,,,,,,,,,""
13673921370,"Feb 19, 2025, 10:43:47 PM",Afternoon Run,Run,,1458,3.06,167.0,13,false,,,activities/14591498564.fit.gz,,,1458.0,1283.0,3068.3,4.1,2.391,0.0,0.0,0.0,0.0,0.0,0.0,,,94.0,73.0,167.0,124.0,,178.0,173.0,,,13.0,259837.0,,,,,,,,252.0,1460.0,,,0.0,,1.0,3068.3,,,,,,,,,,,,,,,,,,,,,,,,,,0.0,2.104,0.0,,,,3028.0,,,145.0,189.0,,,,,,,,,,,,,""
13665046182,"Feb 18, 2025, 10:24:00 PM",Afternoon Ride,Ride,,3818,0,131.0,6,false,,,activities/14581812188.fit.gz,,,3818.0,3818.0,0.0,0.0,0.0,0.0,0.0,0.0,0.0,0.0,0.0,,,,,131.0,82.0,,,147.0,,,6.0,,,,,,,,,,,,,0.0,,1.0,,,,,,,,,,,,,,,,,,,,,,,,,,,0.0,0.0,0.0,,,,,,,,,,,,,,,,,,,,,""
13660290258,"Feb 17, 2025, 9:36:58 PM",Recovery run,Run,My left legs hurts after legs workouts :( ,4562,11.39,155.0,52,false,"",,activities/14576681081.fit.gz,,,4562.0,3826.0,11390.3,4.42,2.977,0.0,0.0,0.0,0.0,0.0,0.0,,,109.0,79.0,155.0,127.0,,209.0,590.0,,,52.0,952416.0,,,,,,,,275.0,4386.0,,,0.0,,1.0,11389.2,,,,,,,,,,,,,,,,,,,,,,,,,,0.0,2.497,0.0,,,,9806.0,,,521.0,207.0,,,,,,,,,,,,,""
13646484368,"Feb 16, 2025, 7:05:06 PM",Afternoon Run,Run,,2964,10.59,167.0,73,false,,,activities/14561493779.fit.gz,,,2964.0,2912.0,10595.2,4.5,3.638,0.0,0.0,0.0,0.0,0.0,0.0,,,88.0,83.0,167.0,152.0,,311.0,569.0,,,73.0,922364.0,,,,,,,,316.0,2965.0,,,0.0,,1.0,10595.2,,,,,,,,,,,,,,,,,,,,,,,,,,0.0,3.575,0.0,,,,8106.0,,,465.0,238.0,,,,,,,,,,,,,""
13638199287,"Feb 15, 2025, 11:25:04 PM",Evening Ride,Ride,,1861,0,123.0,5,false,,,activities/14552419375.fit.gz,,,1861.0,1861.0,0.0,0.0,0.0,0.0,0.0,0.0,0.0,0.0,0.0,,,,,123.0,105.0,,,159.0,,,5.0,,,,,,,,,,,,,0.0,,1.0,,,,,,,,,,,,,,,,,,,,,,,,,,,0.0,0.0,0.0,,,,,,,,,,,,,,,,,,,,,""
13638199092,"Feb 15, 2025, 11:21:50 PM",Evening Run,Run,,173,0.27,155.0,1,false,,,activities/14552419172.fit.gz,,,173.0,113.0,278.6,4.04,2.465,0.0,0.0,0.0,0.0,0.0,0.0,,,90.0,84.0,155.0,124.0,,139.0,20.0,,,1.0,24126.0,,,,,,,,215.0,175.0,,,0.0,,1.0,278.6,,,,,,,,,,,,,,,,,,,,,,,,,,0.0,1.61,0.0,,,,204.0,,,12.0,162.0,,,,,,,,,,,,,""
13621459180,"Feb 13, 2025, 10:58:10 PM",Afternoon Ride,Ride,,1811,0,114.0,4,false,,,activities/14534000974.fit.gz,,,1811.0,1811.0,0.0,0.0,0.0,0.0,0.0,0.0,0.0,0.0,0.0,,,,,114.0,95.0,,,128.0,,,4.0,,,,,,,,,,,,,0.0,,1.0,,,,,,,,,,,,,,,,,,,,,,,,,,,0.0,0.0,0.0,,,,,,,,,,,,,,,,,,,,,""
13620888799,"Feb 13, 2025, 10:50:02 PM",Afternoon Run,Run,,426,1.45,157.0,8,false,,,activities/14533388079.fit.gz,,,426.0,407.0,1455.8,4.5,3.577,0.0,0.0,0.0,0.0,0.0,0.0,,,105.0,84.0,157.0,144.0,,294.0,80.0,,,8.0,125723.0,,,,,,,,306.0,428.0,,,0.0,,1.0,1455.8,,,,,,,,,,,,,,,,,,,,,,,,,,0.0,3.417,0.0,,,,1128.0,,,62.0,230.0,,,,,,,,,,,,,""
13612642508,"Feb 12, 2025, 10:17:53 PM",Afternoon Run,Run,,3567,12.69,170.0,109,false,,,activities/14524389298.fit.gz,,,3567.0,3517.0,12697.1,4.72,3.61,0.0,0.0,0.0,0.0,0.0,0.0,,,92.0,84.0,170.0,157.0,,309.0,734.0,,,109.0,1102886.0,,,,,,,,312.0,3569.0,,,0.0,,1.0,12697.1,,,,,,,,,,,,,,,,,,,,,,,,,,0.0,3.56,0.0,,,,9888.0,,,546.0,235.0,,,,,,,,,,,,,""
13603945332,"Feb 11, 2025, 10:39:03 PM",Workout,Run,"",3360,9.96,182.0,58,false,,,activities/14514927162.fit.gz,,,3360.0,2650.0,9962.3,4.86,3.759,0.0,0.0,0.0,0.0,0.0,0.0,,,97.0,84.0,182.0,144.0,,253.0,520.0,,,58.0,851370.0,,,,,,,,298.0,3297.0,0.0,,0.0,,1.0,9962.3,,,,,,,,,,,,,,,,,,,,,,,,,,0.0,2.965,0.0,,,,7578.0,,,459.0,224.0,,,,,,,,,,,,,""
13595534311,"Feb 10, 2025, 10:33:09 PM",Easy + 2 strides,Run,"",3498,12.16,153.0,20,false,,,activities/14505749515.fit.gz,,,3498.0,3434.0,12164.0,5.14,3.542,0.0,0.0,0.0,0.0,0.0,0.0,,,120.0,84.0,153.0,133.0,,302.0,473.0,,,20.0,1055536.0,,,,,,,,307.0,3499.0,0.0,,0.0,,1.0,12164.0,,,,,,,,,,,,,,,,,,,,,,,,,,0.0,3.477,0.0,,,,9630.0,,,518.0,231.0,,,,,,,,,,,,,""
13595533007,"Feb 10, 2025, 10:23:40 PM",Afternoon Ride,Ride,,454,0,112.0,1,false,,,activities/14505748066.fit.gz,,,454.0,454.0,0.0,0.0,0.0,0.0,0.0,0.0,0.0,0.0,0.0,,,,,112.0,103.0,,,42.0,,,1.0,,,,,,,,,,,,,0.0,,1.0,,,,,,,,,,,,,,,,,,,,,,,,,,,0.0,0.0,0.0,,,,,,,,,,,,,,,,,,,,,""
13595532798,"Feb 9, 2025, 11:30:14 PM",Evening Ride,Ride,,1201,0,139.0,4,false,,,activities/14505747859.fit.gz,,,1201.0,1201.0,0.0,0.0,0.0,0.0,0.0,0.0,0.0,0.0,0.0,,,,,139.0,121.0,,,155.0,,,4.0,,,,,,,,,,,,,0.0,,1.0,,,,,,,,,,,,,,,,,,,,,,,,,,,0.0,0.0,0.0,,,,,,,,,,,,,,,,,,,,,""
13595532573,"Feb 9, 2025, 7:27:35 PM",Afternoon Ride,Ride,,2159,0,131.0,6,false,,,activities/14505747661.fit.gz,,,2159.0,2159.0,0.0,0.0,0.0,0.0,0.0,0.0,0.0,0.0,0.0,,,,,131.0,109.0,,,201.0,,,6.0,,,,,,,,,,,,,0.0,,1.0,,,,,,,,,,,,,,,,,,,,,,,,,,,0.0,0.0,0.0,,,,,,,,,,,,,,,,,,,,,""
13552637688,"Feb 5, 2025, 10:00:00 PM",5km easy,Run,Added 3km WD yesterday,2880,8.00,,,false,,,,,,2880.0,2880.0,8000.0,,2.778,,,,,,0.0,,,,,,,,,,,,,,,,,,,,,,,,,0.0,,0.0,,,,,,,,,,,,,,,,,,,,,,,,,,,0.0,2.778,0.0,,,,,,,,,,,,,,,,,,,,,""
13552629885,"Feb 4, 2025, 10:22:46 PM",Workout,Run,"15p tempo at 4:15
10p tempo at 4:10
5p tempo at 4:00
5p tempo at 3:55",3374,11.05,180.0,56,false,,,activities/14458644134.fit.gz,,,3374.0,2941.0,11058.1,5.1,3.76,0.0,0.0,0.0,0.0,0.0,0.0,,,96.0,83.0,180.0,144.0,,279.0,540.0,,,56.0,942166.0,,,,,,,,306.0,3376.0,0.0,,0.0,,1.0,11058.1,,,,,,,,,,,,,,,,,,,,,,,,,,0.0,3.277,0.0,,,,8472.0,,,496.0,230.0,,,,,,,,,,,,,""
13541459616,"Feb 3, 2025, 10:03:46 PM",Easy + 4 strides,Run,"",3497,12.40,172.0,48,false,,,activities/14446484692.fit.gz,,,3497.0,3419.0,12403.3,5.24,3.628,0.0,0.0,0.0,0.0,0.0,0.0,,,98.0,86.0,172.0,142.0,,304.0,577.0,,,48.0,1063736.0,,,,,,,,311.0,3498.0,0.0,,0.0,,1.0,12403.3,,,,,,,,,,,,,,,,,,,,,,,,,,0.0,3.547,0.0,,,,9602.0,,,531.0,234.0,,,,,,,,,,,,,""
13552641137,"Feb 2, 2025, 11:00:00 PM",Long run P2,Run,"",3100,10.00,,,false,,,,,,3100.0,3100.0,10000.0,,3.226,,,,,,0.0,,,,,,,,,,,,,,,,,,,,,,,,,0.0,,0.0,,,,,,,,,,,,,,,,,,,,,,,,,,,0.0,3.226,0.0,,,,,,,,,,,,,,,,,,,,,""
13541458697,"Feb 2, 2025, 9:58:31 PM",Long run P1,Run,"",3447,12.01,150.0,47,false,,,activities/14446483770.fit.gz,,,3447.0,3367.0,12010.0,4.86,3.567,0.0,0.0,0.0,0.0,0.0,0.0,,,93.0,87.0,150.0,142.0,,298.0,556.0,,,47.0,1027272.0,,,,,,,,302.0,3448.0,0.0,,0.0,,1.0,12010.0,,,,,,,,,,,,,,,,,,,,,,,,,,0.0,3.484,0.0,,,,9732.0,,,493.0,227.0,,,,,,,,,,,,,""
13515207983,"Feb 1, 2025, 10:32:32 PM",Easy,Run,"",4223,13.84,158.0,61,false,,,activities/14417728366.fit.gz,,,4223.0,3900.0,13845.6,4.84,3.55,0.0,0.0,0.0,0.0,0.0,0.0,,,96.0,88.0,158.0,140.0,,280.0,660.0,,,61.0,1180399.0,,,,,,,,295.0,4223.0,0.0,,0.0,,1.0,13843.9,,,,,,,,,,,,,,,,,,,,,,,,,,0.0,3.279,0.0,,,,11340.0,,,577.0,222.0,,,,,,,,,,,,,""
13523553683,"Jan 31, 2025, 8:31:00 PM",12km easy,Run,"Added với 3km ngày mai 
Quên sạc pin đồng hồ 🥲",4800,15.00,,,false,,,,,,4800.0,4800.0,15000.0,,3.125,,,,,,0.0,,,,,,,,,,,,,,,,,,,,,,,,,0.0,,0.0,,,,,,,,,,,,,,,,,,,,,,,,,,,0.0,3.125,0.0,,,,,,,,,,,,,,,,,,,,,""
13496669197,"Jan 29, 2025, 10:32:00 PM",12km easy on the treadmill and 3km CD from yesterday,Run,"",5400,15.00,,,false,,,,,,5400.0,5400.0,15000.0,,2.778,,,,,,0.0,,,,,,,,,,,,,,,,,,,,,,,,,0.0,,0.0,,,,,,,,,,,,,,,,,,,,,,,,,,,0.0,2.778,0.0,,,,,,,,,,,,,,,,,,,,,""
13487889856,"Jan 28, 2025, 9:47:49 PM",Afternoon Run,Run,,4015,12.02,171.0,79,false,,,activities/14387943763.fit.gz,,,4015.0,3347.0,12024.3,5.22,3.593,0.0,0.0,0.0,0.0,0.0,0.0,,,107.0,87.0,171.0,147.0,,255.0,641.0,,,79.0,1023366.0,,,,,,,,298.0,4016.0,,,0.0,,1.0,12024.3,,,,,,,,,,,,,,,,,,,,,,,,,,0.0,2.995,0.0,,,,9296.0,,,559.0,224.0,,,,,,,,,,,,,""
13487889147,"Jan 27, 2025, 9:10:12 PM",Easy,Run,"",3680,12.13,157.0,56,false,"",,activities/14387943014.fit.gz,,,3680.0,3563.0,12138.2,4.4,3.407,0.0,0.0,0.0,0.0,0.0,0.0,,,94.0,85.0,157.0,143.0,,284.0,608.0,,,56.0,1044004.0,,,,,,,,291.0,3682.0,,,0.0,,1.0,12138.2,,,,,,,,,,,,,,,,,,,,,,,,,,0.0,3.298,0.0,,,,10104.0,,,490.0,219.0,,,,,,,,,,,,,""
13461846326,"Jan 26, 2025, 10:12:27 PM",Easy,Run,"Weekly Training Log: 

Monday : 3km Run + 3km walk 
Tuesday: 5km run + 5km walk 
Wednesday: 6.5km Run + 6km walk
Thursday: 12km + 8km walk
Friday: 12.8km 
Saturday: 
+ AM: 18km in the morning
+ PM: 11km in the afternoon 
Sunday: Easy Long Run",2451,8.00,151.0,30,false,"",,activities/14359585161.fit.gz,,,2451.0,2296.0,8004.1,4.4,3.486,0.0,0.0,0.0,0.0,0.0,0.0,,,110.0,84.0,151.0,139.0,,280.0,392.0,,,30.0,687570.0,,,,,,,,293.0,2453.0,0.0,,0.0,,1.0,8004.1,,,,,,,,,,,,,,,,,,,,,,,,,,0.0,3.266,0.0,,,,6568.0,,,330.0,220.0,,,,,,,,,,,,,""
13462643738,"Jan 25, 2025, 11:18:00 PM",Added more WU and CD,Run,"3km CD in the morning 
3.5 in the afternoon",2340,6.50,,,false,,,,,,2340.0,2340.0,6500.0,,2.778,,,,,,0.0,,,,,,,,,,,,,,,,,,,,,,,0.0,,0.0,,0.0,,,,,,,,,,,,,,,,,,,,,,,,,,,0.0,2.778,0.0,,,,,,,,,,,,,,,,,,,,,""
13457440422,"Jan 25, 2025, 11:20:03 PM",Double workout day 12x400,Run,"From 4:00 to 3:15
Rest 75s",4052,8.01,184.0,62,false,,,activities/14354776963.fit.gz,,,4052.0,3038.0,8009.6,5.76,2.636,0.0,0.0,0.0,0.0,0.0,0.0,,,107.0,83.0,184.0,139.0,,166.0,569.0,,,62.0,674538.0,,,,,,,,255.0,3434.0,0.0,,0.0,,1.0,8009.6,,,,,,,,,,,,,,,,,,,,,,,,,,0.0,1.977,0.0,,,,6620.0,,,351.0,192.0,,,,,,,,,,,,,""
13453954122,"Jan 25, 2025, 5:20:19 PM",Workout 5x2km at tempo @3:55,Run,"5km WU
Rest 1 min standing",4739,14.56,182.0,138,false,,,activities/14350978081.fit.gz,,,4739.0,4167.0,14564.8,5.02,3.495,0.0,0.0,0.0,0.0,0.0,0.0,,,102.0,88.0,182.0,153.0,,261.0,859.0,,,138.0,1238237.0,,,,,,,,300.0,4594.0,0.0,,0.0,,1.0,14564.8,,,,,,,,,,,,,,,,,,,,,,,,,,0.0,3.073,0.0,,,,11510.0,,,650.0,226.0,,,,,,,,,,,,,""
13462649599,"Jan 24, 2025, 11:00:00 PM",Easy,Run,"",4680,13.00,,,false,,,,,,4680.0,4680.0,13000.0,,2.778,,,,,,0.0,,,,,,,,,,,,,,,,,,,,,,,,,0.0,,0.0,,,,,,,,,,,,,,,,,,,,,,,,,,,0.0,2.778,0.0,,,,,,,,,,,,,,,,,,,,,""
13435961829,"Jan 23, 2025, 10:11:19 PM",Easy,Run,"",3385,12.00,165.0,85,false,"",,activities/14331380176.fit.gz,,,3385.0,3385.0,12006.5,4.76,3.547,0.0,0.0,0.0,0.0,0.0,0.0,,,90.0,87.0,165.0,151.0,,304.0,657.0,,,85.0,1027473.0,,,,,,,,304.0,3386.0,,,0.0,,1.0,12006.5,,,,,,,,,,,,,,,,,,,,,,,,,,0.0,3.547,0.0,,,,9798.0,,,492.0,229.0,,,,,,,,,,,,,""
13462660483,"Jan 22, 2025, 10:24:00 PM",Easy,Run,"",4680,13.00,,,false,"",,,,,4680.0,4680.0,13000.0,,2.778,,,,,,0.0,,,,,,,,,,,,,,,,,,,,,,,,,0.0,,0.0,,,,,,,,,,,,,,,,,,,,,,,,,,,0.0,2.778,0.0,,,,,,,,,,,,,,,,,,,,,""
13418612839,"Jan 21, 2025, 10:49:40 PM",Threshold workout 3x10 stopped at the second rep,Run,"",1825,4.94,182.0,37,false,"",,activities/14312634802.fit.gz,,,1825.0,1554.0,4940.3,4.84,3.179,0.0,0.0,0.0,0.0,0.0,0.0,,,96.0,88.0,182.0,145.0,,228.0,306.0,,,37.0,416516.0,,,,,,,,284.0,1790.0,,,0.0,,1.0,4939.4,,,,,,,,,,,,,,,,,,,,,,,,,,0.0,2.707,0.0,,,,3876.0,,,227.0,214.0,,,,,,,,,,,,,""
13496678999,"Jan 20, 2025, 10:36:00 PM",Just add the rest,Run,"",6120,17.00,,,false,,,,,,6120.0,6120.0,17000.0,,2.778,,,,,,0.0,,,,,,,,,,,,,,,,,,,,,,,,,0.0,,0.0,,,,,,,,,,,,,,,,,,,,,,,,,,,0.0,2.778,0.0,,,,,,,,,,,,,,,,,,,,,""
13418015053,"Jan 20, 2025, 8:24:06 PM",CD,Run,"",2113,3.01,141.0,5,false,"",,activities/14312001593.fit.gz,,,2113.0,2113.0,3011.3,5.1,1.425,0.0,0.0,0.0,0.0,0.0,0.0,,,125.0,64.0,141.0,96.0,,110.0,155.0,,,5.0,232469.0,,,,,,,,175.0,2114.0,,,0.0,,1.0,3011.3,,,,,,,,,,,,,,,,,,,,,,,,,,0.0,1.425,0.0,,,,4054.0,,,101.0,132.0,,,,,,,,,,,,,""
13418014552,"Jan 19, 2025, 5:53:51 PM",Long Run P2,Run,"Weekly Training Log: 
Monday: 14km
Tuesday: Workout = 18 
3km WU
5x7min = 9km
3km CD 
3km Walk 

Wednesday: CrossTrain 3km
Thursday:10km
Friday: 14km
Saturday:
15km in the morning
5km in the afternoon

Sunday: 24km long run
",4734,16.00,181.0,112,false,"",,activities/14312001025.fit.gz,,,4734.0,4434.0,16007.0,4.44,3.61,0.0,0.0,0.0,0.0,0.0,0.0,,,98.0,88.0,181.0,151.0,,288.0,853.0,,,112.0,1361544.0,,,,,,,,301.0,4729.0,,,0.0,,1.0,16007.0,,,,,,,,,,,,,,,,,,,,,,,,,,0.0,3.381,0.0,,,,13056.0,,,671.0,226.0,,,,,,,,,,,,,""
13418013925,"Jan 19, 2025, 5:28:58 PM",Long run P1,Run,"",1112,2.76,176.0,17,false,"",,activities/14312000435.fit.gz,,,1112.0,837.0,2765.8,9.12,3.304,4.0,5.0,176.2,181.0,6.2,0.0,,,120.0,85.0,176.0,146.0,,286.0,166.0,,,17.0,237670.0,,,,,,,,283.0,1044.0,,,0.0,,1.0,2791.0,,,,,,,,,,,,,,,,,,,,,,,,,,0.0,2.487,0.0,,,,2294.0,,,131.0,213.0,3.335,,,,,,,,,,,,""
13496699154,"Jan 18, 2025, 4:39:00 PM",Added back the mileage,Run,"16km double in the gym 
6km from tomorrow long run",7200,21.00,,,false,,,,,,7200.0,7200.0,21000.0,,2.917,,,,,,0.0,,,,,,,,,,,,,,,,,,,,,,,0.0,,0.0,,0.0,,,,,,,,,,,,,,,,,,,,,,,,,,,0.0,2.917,0.0,,,,,,,,,,,,,,,,,,,,,""
13388814349,"Jan 18, 2025, 2:55:00 PM",Easy morning,Run,"",1753,4.00,154.0,13,false,,,activities/14280425834.fit.gz,,,1753.0,1671.0,4004.5,4.06,2.396,15.0,15.0,176.2,182.8,13.1,0.0,,,96.0,77.0,154.0,131.0,,199.0,255.0,,,13.0,330422.0,,,,,,,,221.0,1754.0,0.0,,0.0,,1.0,4053.9,,,,,,,,,,,,,,,,,,,,,,,,,,0.0,2.284,158.2,,,,4166.0,,,134.0,166.0,2.426,,,,,,,,,,,,""
13382551222,"Jan 17, 2025, 9:07:31 PM",Workout 12x400,Run,Starting from 4:00 to 3:32,3530,10.68,187.0,76,false,"",,activities/14273654796.fit.gz,,,3530.0,3205.0,10687.8,5.06,3.335,0.0,0.0,0.0,0.0,0.0,0.0,,,125.0,88.0,187.0,147.0,,255.0,607.0,,,76.0,899349.0,,,,,,,,294.0,3532.0,,,0.0,,1.0,10687.8,,,,,,,,,,,,,,,,,,,,,,,,,,0.0,3.028,0.0,,,,8326.0,,,479.0,221.0,,,,,,,,,,,,,""
13496727230,"Jan 16, 2025, 10:44:00 PM",Easy,Run,Added back the mileage,5040,16.00,,,false,,,,,,5040.0,5040.0,16000.0,,3.175,,,,,,0.0,,,,,,,,,,,,,,,,,,,,,,,0.0,,0.0,,0.0,,,,,,,,,,,,,,,,,,,,,,,,,,,0.0,3.175,0.0,,,,,,,,,,,,,,,,,,,,,""
13381764896,"Jan 15, 2025, 10:31:45 PM",Crosstrain,Ride,"",1174,0,100.0,2,false,,,activities/14272795829.fit.gz,,,1174.0,1174.0,0.0,0.0,0.0,0.0,0.0,0.0,0.0,0.0,0.0,,,,,100.0,93.0,,,83.0,,,2.0,,,,,,,,,,,0.0,,0.0,,1.0,,,,,,,,,,,,,,,,,,,,,,,,,,,0.0,0.0,0.0,,,,,,,,,,,,,,,,,,,,,""
13357087367,"Jan 14, 2025, 10:23:48 PM",Threshold Workout,Run,"3km WU 
5x7 min from 4:0x to 3:30
3km CD 
3km walk from the dorm to the alumni and reverse",3822,11.37,174.0,53,false,,,activities/14246268334.fit.gz,,,3822.0,2977.0,11375.5,5.16,3.821,0.0,0.0,0.0,0.0,0.0,0.0,,,98.0,85.0,174.0,136.0,,250.0,529.0,,,53.0,956024.0,,,,,,,,301.0,3756.0,0.0,,0.0,,1.0,11371.9,,,,,,,,,,,,,,,,,,,,,,,,,,0.0,2.976,0.0,,,,8690.0,,,533.0,226.0,,,,,,,,,,,,,""
13356601933,"Jan 13, 2025, 8:39:49 PM",Easy,Run,"",4144,12.00,156.0,35,false,,,activities/14245756338.fit.gz,,,4144.0,3658.0,12002.0,4.6,3.281,0.0,0.0,0.0,0.0,0.0,0.0,,,94.0,81.0,156.0,129.0,,248.0,554.0,,,35.0,1029237.0,,,,,,,,287.0,3900.0,0.0,,0.0,,1.0,12002.0,,,,,,,,,,,,,,,,,,,,,,,,,,0.0,2.896,0.0,,,,9916.0,,,504.0,216.0,,,,,,,,,,,,,""
13356600955,"Jan 12, 2025, 5:29:02 PM",Lunch Run,Run,,7682,21.86,183.0,105,false,,,activities/14245755207.fit.gz,,,7682.0,6797.0,21860.0,4.6,3.216,13.0,0.0,165.0,177.2,7.1,0.1,,,97.0,86.0,183.0,140.0,,241.0,1055.0,,,105.0,1852406.0,,,,,,,,274.0,7659.0,,,0.0,,1.0,21917.2,,,,,,,,,,,,,,,,,,,,,,,,,,0.0,2.846,0.0,,,,19468.0,,,902.0,206.0,3.225,,,,,,,,,,,,""
13329573822,"Jan 11, 2025, 8:18:53 PM",Easy,Run,"",4914,12.45,165.0,28,false,,,activities/14216709334.fit.gz,,,4914.0,4488.0,12449.8,4.74,2.774,0.0,0.0,0.0,0.0,0.0,0.0,,,93.0,77.0,165.0,123.0,,214.0,539.0,,,28.0,1052389.0,,,,,,,,268.0,4820.0,0.0,,0.0,,1.0,12449.0,,,,,,,,,,,,,,,,,,,,,,,,,,0.0,2.534,0.0,,,,11134.0,,,544.0,202.0,,,,,,,,,,,,,""
13329597465,"Jan 10, 2025, 10:16:00 PM",CD and Walk,Run,"3km CD
3km run to and from alumni and dorm
1km walk",2520,7.00,,,false,,,,,,2520.0,2520.0,7000.0,,2.778,,,,,,0.0,,,,,,,,,,,,,,,,,,,,,,,0.0,,0.0,,0.0,,,,,,,,,,,,,,,,,,,,,,,,,,,0.0,2.778,0.0,,,,,,,,,,,,,,,,,,,,,""
13320417142,"Jan 10, 2025, 11:12:31 PM",First ever Double Workout Day,Run,"2km WU 
4x1000 tempo @4:10 
5x400m progressive from 3:45 --> 3:00 (87 --> 72)",3336,8.81,179.0,51,false,"",,activities/14206874307.fit.gz,,,3336.0,2875.0,8811.8,5.54,3.065,0.0,0.0,0.0,0.0,0.0,0.0,,,120.0,86.0,179.0,141.0,,223.0,492.0,,,51.0,743973.0,,,,,,,,285.0,3273.0,,,0.0,,1.0,8811.8,,,,,,,,,,,,,,,,,,,,,,,,,,0.0,2.641,0.0,,,,6758.0,,,416.0,214.0,,,,,,,,,,,,,""
13318713626,"Jan 10, 2025, 5:19:54 PM",Threshold workout 10x400m @3:24 rest 2 min,Run,"",3914,7.69,167.0,27,false,"",,activities/14205066055.fit.gz,,,3914.0,3067.0,7693.6,5.6,2.509,12.0,9.0,176.2,183.8,28.6,0.0,,,121.0,86.0,167.0,135.0,,265.0,522.0,,,27.0,607761.0,,,,,,,,257.0,3426.0,,,0.0,,1.0,7748.0,,,,,,,,,,,,,,,,,,,,,,,,,,0.0,1.966,0.0,,,,6374.0,,,354.0,193.0,2.526,,,,,,,,,,,,""
13329627969,"Jan 9, 2025, 9:22:00 PM",Add more distance,Run,"3km Asian maker 
3km on Wednesday 
1km jog",2940,7.00,,,false,,,,,,2940.0,2940.0,7000.0,,2.381,,,,,,0.0,,,,,,,,,,,,,,,,,,,,,,,,,0.0,,0.0,,,,,,,,,,,,,,,,,,,,,,,,,,,0.0,2.381,0.0,,,,,,,,,,,,,,,,,,,,,""
13317789734,"Jan 9, 2025, 8:29:34 PM",Run to Asian market,Run,"",6384,7.73,169.0,15,false,,,activities/14204082278.fit.gz,,,6384.0,3943.0,7729.7,4.86,1.96,17.0,18.0,175.2,182.6,40.0,0.0,,,125.0,69.0,169.0,113.0,,165.0,449.0,,,15.0,617842.0,,,,,,,,191.0,4380.0,0.0,,0.0,,1.0,7794.8,,,,,,,,,,,,,,,,,,,,,,,,,,0.0,1.211,0.0,,,,8614.0,,,251.0,144.0,1.977,,,,,,,,,,,,""
13294694662,"Jan 7, 2025, 9:51:52 PM",Workout,Run,"3km easy 
8x800m 
3km CD",4340,13.00,192.0,112,false,,,activities/14179331058.fit.gz,,,4340.0,4006.0,13005.1,5.26,3.246,0.0,0.0,0.0,0.0,0.0,0.0,,,100.0,85.0,192.0,153.0,,253.0,743.0,,,112.0,1099180.0,,,,,,,,293.0,4341.0,0.0,,0.0,,1.0,13005.1,,,,,,,,,,,,,,,,,,,,,,,,,,0.0,2.997,0.0,,,,10246.0,,,584.0,220.0,,,,,,,,,,,,,""
13285549783,"Jan 6, 2025, 10:40:34 PM",Core + Mobility + Stretch,Weight Training,"",2395,0,129.0,6,false,,,activities/14169524343.fit.gz,,,2395.0,2395.0,0.0,0.0,0.0,0.0,0.0,0.0,0.0,0.0,0.0,,,,,129.0,103.0,,,178.0,,,6.0,,,,,,,,,,,0.0,,0.0,,1.0,,,,,,,,,,,,,,,,,,,,,,,,,,,0.0,0.0,0.0,,,,,,,,,,,24.0,,,,,,,,,,""
13285549664,"Jan 6, 2025, 9:18:04 PM",12km (not) easy run + 4 strides,Run,"",4147,13.19,179.0,116,false,,,activities/14169524115.fit.gz,,,4147.0,4031.0,13190.0,6.92,3.272,0.0,4.0,181.6,188.4,12.5,0.0,,,101.0,87.0,179.0,155.0,,269.0,806.0,,,116.0,1115391.0,,,,,,,,283.0,4149.0,0.0,,0.0,,1.0,13203.3,,,,,,,,,,,,,,,,,,,,,,,,,,0.0,3.181,0.0,,,,11500.0,,,522.0,213.0,3.275,,,,,,,,,,,,""
13275800799,"Jan 5, 2025, 7:13:48 PM",Afternoon Run,Run,,2909,8.04,177.0,69,false,,,activities/14159020183.fit.gz,,,2909.0,2866.0,8040.0,3.86,2.805,1.0,3.0,184.8,188.6,11.8,0.0,,,97.0,81.0,177.0,149.0,,228.0,490.0,,,69.0,664292.0,,,,,,,,265.0,2911.0,,,0.0,,1.0,8047.1,,,,,,,,,,,,,,,,,,,,,,,,,,0.0,2.764,0.0,,,,7566.0,,,320.0,199.0,2.808,,,,,,,,,,,,""
13275800010,"Jan 4, 2025, 10:59:27 PM",Afternoon Run,Run,,546,1.32,160.0,4,false,,,activities/14159019344.fit.gz,,,546.0,546.0,1328.1,6.9,2.432,11.0,15.0,174.2,179.0,22.0,0.0,,,97.0,74.0,160.0,130.0,,210.0,83.0,,,4.0,114783.0,,,,,,,,215.0,547.0,,,0.0,,1.0,1402.8,,,,,,,,,,,,,,,,,,,,,,,,,,0.0,2.432,0.0,,,,1346.0,,,39.0,162.0,2.569,,,,,,,,,,,,""
13263273628,"Jan 3, 2025, 11:17:31 PM",Evening Run,Run,,2983,2.08,162.0,10,false,,,activities/14145497973.fit.gz,,,2983.0,1255.0,2080.8,4.16,1.658,0.0,0.0,0.0,0.0,0.0,0.0,,,93.0,66.0,162.0,108.0,,58.0,141.0,,,10.0,173616.0,,,,,,,,176.0,1742.0,,,0.0,,1.0,2077.2,,,,,,,,,,,,,,,,,,,,,,,,,,0.0,0.698,0.0,,,,2206.0,,,84.0,132.0,,,,,,,,,,,,,""
13263273164,"Jan 3, 2025, 10:56:12 PM",Afternoon Run,Run,,479,0.87,153.0,1,false,,,activities/14145497443.fit.gz,,,479.0,479.0,869.8,3.86,1.816,3.0,4.0,176.0,180.8,22.2,-0.1,,,118.0,70.0,153.0,119.0,,140.0,63.0,,,1.0,66965.0,,,,,,,,180.0,480.0,,,0.0,,1.0,893.9,,,,,,,,,,,,,,,,,,,,,,,,,,0.0,1.816,0.0,,,,1072.0,,,24.0,135.0,1.866,,,,,,,,,,,,""
13249677055,"Jan 2, 2025, 8:22:58 PM",Afternoon Run,Run,,1363,4.14,182.0,46,false,,,activities/14130918114.fit.gz,,,1363.0,1355.0,4145.2,6.12,3.059,29.0,25.0,173.4,180.6,29.1,0.1,,,103.0,83.0,182.0,160.0,,268.0,279.0,,,46.0,361827.0,,,,,,,,283.0,1364.0,,,0.0,,1.0,4265.4,,,,,,,,,,,,,,,,,,,,,,,,,,0.0,3.041,155.5,,,,3650.0,,,171.0,213.0,3.148,,,,,,,,,,,,""
13248148487,"Jan 2, 2025, 4:11:40 PM",Lunch Run,Run,,4669,0.21,,,false,,,activities/13248148487.gpx,,,4669.0,120.0,213.9,3.14,1.783,0.0,0.0,2.2,3.7,0.0,-0.5,,,,,,,,,,,,,,,,,,,,,,,,,0.0,,1.0,211.8,,,,,,,,,,,,,,,,,,,,,,,,,,0.0,0.046,0.0,,,,2104.0,,,,,1.765,,,,,,,,,,,,""
13247314305,"Jan 2, 2025, 1:25:25 PM",Morning Run,Run,,2806,6.52,185.0,34,false,,,activities/14128391684.fit.gz,,,2806.0,2781.0,6526.3,4.84,2.347,45.0,45.0,19.6,54.6,15.2,0.0,,,120.0,74.0,185.0,138.0,,203.0,432.0,,,34.0,543645.0,,,,,,,,234.0,2807.0,,,0.0,,1.0,6627.8,,,,,,,,,,,,,,,,,,,,,,,,,,0.0,2.326,0.0,,,,6540.0,,,241.0,176.0,2.383,,,,,,,,,,,,""
13241441412,"Jan 1, 2025, 8:29:00 PM",Columbia university,Run,,1429,1.90,,,false,,,activities/13241441412.gpx,,,1429.0,1115.0,1903.3,3.9,1.707,12.7,12.7,33.8,43.7,6.5,0.0,,,,,,,,,,,,,,,,,,,,,,,,,0.0,,1.0,1922.5,,,,,,,,,,,,,,,,,,,,,,,,,,0.0,1.332,0.0,,,,2382.0,,,,,1.724,,,,,,,,,,,,""
13247312171,"Jan 1, 2025, 5:17:35 AM",Night Run,Run,,1334,0.72,113.0,0,false,,,activities/14128389544.fit.gz,,,1334.0,423.0,723.1,3.22,1.709,7.0,11.0,47.2,67.4,23.3,-1.6,,,112.0,61.0,113.0,93.0,,106.0,79.0,,,0.0,49250.0,,,,,,,,84.0,1335.0,,,0.0,,1.0,775.5,,,,,,,,,,,,,,,,,,,,,,,,,,0.0,0.542,0.0,,,,992.0,,,14.0,63.0,1.833,,,,,,,,,,,,""
13247311888,"Jan 1, 2025, 3:00:26 AM",Night Run,Run,,1135,0.81,119.0,1,false,,,activities/14128389230.fit.gz,,,1135.0,472.0,816.9,2.92,1.731,6.0,4.0,47.8,54.6,50.0,0.3,,,70.0,61.0,119.0,93.0,,63.0,83.0,,,1.0,30055.0,,,,,,,,65.0,1136.0,,,0.0,,1.0,850.7,,,,,,,,,,,,,,,,,,,,,,,,,,0.0,0.72,0.0,,,,652.0,,,7.0,49.0,1.802,,,,,,,,,,,,""
13235198661,"Dec 31, 2024, 11:09:00 PM",Last run of 2024,Run,Very tired legs after 14km walk around the city,3284,7.80,185.0,60,false,,,activities/14115207377.fit.gz,,,3284.0,3017.0,7801.7,5.42,2.586,65.0,41.0,19.2,58.2,26.4,0.4,,,123.0,75.0,185.0,147.0,,229.0,523.0,,,60.0,684159.0,,,,,,,,253.0,3285.0,0.0,,0.0,,1.0,7978.2,,,,,,,,,,,,,,,,,,,,,,,,,,0.0,2.376,0.0,,,,7322.0,,,329.0,190.0,2.644,,,,,,,,,,,,""
13220293353,"Dec 29, 2024, 11:00:08 PM",Evening Run,Run,,4728,0.77,106.0,1,false,,,activities/14099048587.fit.gz,,,4728.0,762.0,774.8,3.02,1.017,3.0,2.0,18.0,24.0,48.9,0.8,,,63.0,53.0,106.0,96.0,,66.0,54.0,,,1.0,44961.0,,,,,,,,67.0,914.0,,,0.0,,1.0,821.8,,,,,,,,,,,,,,,,,,,,,,,,,,0.0,0.164,0.0,,,,1208.0,,,6.0,50.0,1.078,,,,,,,,,,,,""
13219604424,"Dec 29, 2024, 9:54:05 PM",More walk in Manhattan,Run,"",1499,0.94,110.0,1,false,,,activities/14098300891.fit.gz,,,1499.0,583.0,940.7,3.1,1.614,11.0,9.0,16.0,21.0,46.2,0.2,,,63.0,57.0,110.0,92.0,,62.0,80.0,,,1.0,40382.0,,,,,,,,62.0,1500.0,0.0,,0.0,,1.0,992.1,,,,,,,,,,,,,,,,,,,,,,,,,,0.0,0.628,0.0,,,,954.0,,,9.0,47.0,1.702,,,,,,,,,,,,""
13219280035,"Dec 29, 2024, 7:27:07 PM",Brooklyn bridge park,Run,"",6683,4.32,132.0,7,false,,,activities/14097948473.fit.gz,,,6683.0,5318.0,4323.4,10.04,0.813,48.0,45.0,0.6,43.0,24.9,0.3,,,85.0,54.0,132.0,100.0,,64.0,361.0,,,7.0,214456.0,,,,,,,,63.0,5431.0,0.0,,0.0,,1.0,4430.8,,,,,,,,,,,,,,,,,,,,,,,,,,0.0,0.647,1266.2,,,,6156.0,,,33.0,47.0,0.833,,,,,,,,,,,,""
13217682607,"Dec 29, 2024, 3:34:49 PM",Run in Central Park,Run,Tired legs,3815,5.54,177.0,19,false,,,activities/14096210684.fit.gz,,,3815.0,3118.0,5547.0,5.2,1.779,38.0,24.0,14.6,41.6,11.1,0.4,,,121.0,71.0,177.0,129.0,,173.0,401.0,,,19.0,436000.0,,,,,,,,199.0,3458.0,0.0,,0.0,,1.0,5637.9,,,,,,,,,,,,,,,,,,,,,,,,,,0.0,1.454,0.0,,,,5878.0,,,215.0,150.0,1.808,,,,,,,,,,,,""
13218469475,"Dec 28, 2024, 10:38:00 PM",Easy,Run,"",3756,12.00,,,false,,,,,,3756.0,3756.0,12000.0,,3.195,,,,,,0.0,,,,,,,,,,,,,,,,,,,,,,,,,0.0,,0.0,,,,,,,,,,,,,,,,,,,,,,,,,,,0.0,3.195,0.0,,,,,,,,,,,,,,,,,,,,,""
13211396764,"Dec 28, 2024, 8:45:56 PM",Walk in Brooklyn,Run,,295,0.37,,,false,,,activities/13211396764.gpx,,,295.0,219.0,374.7,3.08,1.711,0.0,0.0,26.9,34.1,2.9,-1.9,,,,,,,,,,,,,,,,,,,,,,,,,0.0,,1.0,361.0,,,,,,,,,,,,,,,,,,,,,,,,,,0.0,1.27,0.0,,,,480.0,,,,,1.648,,,,,,,,,,,,""
13216982807,"Dec 27, 2024, 3:44:27 PM",Bus from Boston to NYC,E-Bike Ride,"",29003,360.28,134.0,36,false,,,activities/14095451580.fit.gz,,,29003.0,22726.0,360286.5,34.8,15.853,2318.0,2287.0,-11.8,307.2,9.4,0.0,,,,,134.0,79.0,,,5471.0,,,36.0,,,,,,,,,,,0.0,,0.0,,1.0,,,,,,,,,,,,,,,,,,,,,,,,,,,0.0,12.422,0.0,,,,,,,,,,,,,,,,,,,,,""
13220215050,"Dec 26, 2024, 1:08:00 PM",Morning Run,Run,"",3960,12.00,,,false,,,,,,3960.0,3960.0,12000.0,,3.03,,,,,,0.0,,,,,,,,,,,,,,,,,,,,,,,,,0.0,,0.0,,,,,,,,,,,,,,,,,,,,,,,,,,,0.0,3.03,0.0,,,,,,,,,,,,,,,,,,,,,""
13190751425,"Dec 26, 2024, 3:39:48 AM",Night Elliptical,Elliptical,,2363,0,147.0,11,false,,,activities/14067237880.fit.gz,,,2363.0,2363.0,0.0,0.0,0.0,0.0,0.0,0.0,0.0,0.0,0.0,,,87.0,69.0,147.0,125.0,,,307.0,,,11.0,,,,,,,,,,,,,0.0,,1.0,,,,,,,,,,,,,,,,,,,,,,,,,,,0.0,0.0,0.0,,,,4272.0,,,,,,,4272.0,,,,,,,,,,""
13190751373,"Dec 26, 2024, 3:19:38 AM",Night Elliptical,Elliptical,,600,0,137.0,2,false,,,activities/14067237814.fit.gz,,,600.0,600.0,0.0,0.0,0.0,0.0,0.0,0.0,0.0,0.0,0.0,,,80.0,67.0,137.0,123.0,,,87.0,,,2.0,,,,,,,,,,,,,0.0,,1.0,,,,,,,,,,,,,,,,,,,,,,,,,,,0.0,0.0,0.0,,,,1144.0,,,,,,,1144.0,,,,,,,,,,""
13190751320,"Dec 25, 2024, 9:14:37 PM",Walk around MIT,Run,"",4331,2.05,94.0,1,false,,,activities/14067237748.fit.gz,,,4331.0,1533.0,2052.1,17.98,1.339,2.0,7.0,-7.8,8.8,44.3,0.3,,,65.0,57.0,94.0,64.0,,63.0,88.0,,,1.0,76169.0,,,,,,,,74.0,1706.0,0.0,,0.0,,1.0,2181.9,,,,,,,,,,,,,,,,,,,,,,,,,,0.0,0.474,0.0,,,,2116.0,,,14.0,56.0,1.423,,,,,,,,,,,,""
13190751243,"Dec 25, 2024, 7:35:34 PM",Walk around Harvard,Run,"",2259,2.22,131.0,2,false,,,activities/14067237641.fit.gz,,,2259.0,1404.0,2223.6,4.88,1.584,10.0,11.0,2.6,8.6,42.2,0.0,,,107.0,67.0,131.0,101.0,,150.0,132.0,,,2.0,168375.0,,,,,,,,157.0,1606.0,0.0,,0.0,,1.0,2253.3,,,,,,,,,,,,,,,,,,,,,,,,,,0.0,0.984,0.0,,,,2506.0,,,62.0,118.0,1.605,,,,,,,,,,,,""
13188941613,"Dec 25, 2024, 4:37:45 PM",Walk around tufts university,Run,"",6259,6.16,120.0,7,false,,,activities/14065264268.fit.gz,,,6259.0,5113.0,6167.5,3.96,1.206,93.0,76.0,7.2,48.6,46.4,0.1,,,85.0,60.0,120.0,84.0,,103.0,359.0,,,7.0,426596.0,,,,,,,,101.0,5940.0,0.0,,0.0,,1.0,6531.3,,,,,,,,,,,,,,,,,,,,,,,,,,0.0,0.985,383.2,,,,8274.0,,,95.0,76.0,1.277,,,,,,,,,,,,""
13187504862,"Dec 25, 2024, 12:27:57 AM",Boston p3,Run,"",4154,1.20,117.0,1,false,,,activities/14063707958.fit.gz,,,4154.0,1005.0,1201.6,2.42,1.196,14.0,10.0,-1.8,18.4,29.2,0.8,,,70.0,66.0,117.0,100.0,,146.0,94.0,,,1.0,100939.0,,,,,,,,129.0,1247.0,0.0,,0.0,,1.0,1259.7,,,,,,,,,,,,,,,,,,,,,,,,,,0.0,0.289,0.0,,,,1592.0,,,32.0,97.0,1.253,,,,,,,,,,,,""
13187504389,"Dec 24, 2024, 11:15:52 PM",Run around Harvard stadium,Run,"",1154,3.00,179.0,20,false,,,activities/14063707472.fit.gz,,,1154.0,1076.0,3008.7,5.48,2.796,1.0,1.0,1.6,3.6,4.7,0.0,,,115.0,80.0,179.0,147.0,,254.0,217.0,,,20.0,251054.0,,,,,,,,257.0,1156.0,0.0,,0.0,,1.0,3014.9,,,,,,,,,,,,,,,,,,,,,,,,,,0.0,2.607,0.0,,,,2606.0,,,119.0,193.0,2.802,,,,,,,,,,,,""
13187504076,"Dec 24, 2024, 10:11:04 PM",Walk around Harvard,Run,"",3620,4.25,107.0,4,false,,,activities/14063707068.fit.gz,,,3620.0,3288.0,4258.8,3.16,1.295,7.0,17.0,-1.6,13.8,40.0,-0.3,,,85.0,60.0,107.0,79.0,,99.0,234.0,,,4.0,280008.0,,,,,,,,96.0,3507.0,0.0,,0.0,,1.0,4272.2,,,,,,,,,,,,,,,,,,,,,,,,,,0.0,1.176,0.0,,,,5650.0,,,50.0,72.0,1.299,,,,,,,,,,,,""
13183275725,"Dec 24, 2024, 1:55:51 AM",Dào vòng vòng Boston p2,Run,"",4735,4.65,111.0,3,false,,,activities/14059136288.fit.gz,,,4735.0,2339.0,4650.2,9.74,1.988,19.0,18.0,-12.0,20.2,49.3,0.2,,,77.0,60.0,111.0,72.0,,58.0,224.0,,,3.0,162487.0,,,,,,,,81.0,4736.0,0.0,,0.0,,1.0,4991.2,,,,,,,,,,,,,,,,,,,,,,,,,,0.0,0.982,0.0,,,,3382.0,,,48.0,61.0,2.134,,,,,,,,,,,,""
13183274787,"Dec 23, 2024, 11:05:22 PM",Dạo vòng vòng Boston,Run,"",7922,7.98,159.0,12,false,,,activities/14059135281.fit.gz,,,7922.0,6231.0,7986.9,6.1,1.282,39.0,26.0,3.8,26.0,40.0,0.2,,,95.0,66.0,159.0,93.0,,132.0,521.0,,,12.0,593290.0,,,,,,,,144.0,6849.0,0.0,,0.0,,1.0,8114.8,,,,,,,,,,,,,,,,,,,,,,,,,,0.0,1.008,499.5,,,,9724.0,,,222.0,108.0,1.302,,,,,,,,,,,,""
13183273679,"Dec 23, 2024, 2:52:58 PM",Easy,Run,"",1919,3.93,170.0,14,false,,,activities/14059134152.fit.gz,,,1919.0,1738.0,3930.8,5.64,2.262,14.0,10.0,5.4,12.6,14.9,0.1,,,123.0,71.0,170.0,129.0,,182.0,277.0,,,14.0,316865.0,,,,,,,,216.0,1920.0,0.0,,0.0,,1.0,3968.2,,,,,,,,,,,,,,,,,,,,,,,,,,0.0,2.048,0.0,,,,4030.0,,,140.0,162.0,2.283,,,,,,,,,,,,""
13171011897,"Dec 22, 2024, 6:40:13 PM",Afternoon Run,Run,,2517,1.21,,,false,,,activities/13171011897.gpx,,,2517.0,747.0,1217.3,3.933,1.63,8.7,8.7,2.5,11.2,11.8,0.7,,,,,,,,,,,,,,,,,,,,,,,,,0.0,,1.0,1242.5,,,,,,,,,,,,,,,,,,,,,,,,,,0.0,0.484,6.7,,,,1980.0,,,,,1.663,,,,,,,,,,,,""
13171534486,"Dec 22, 2024, 5:01:34 PM",Run in Boston -9 degree,Run,"",2078,5.00,169.0,16,false,,,activities/14046535318.fit.gz,,,2078.0,1901.0,5002.0,4.88,2.631,30.0,29.0,3.8,12.6,19.0,0.0,,,125.0,76.0,169.0,133.0,,222.0,344.0,,,16.0,420327.0,,,,,,,,232.0,2079.0,0.0,,0.0,,1.0,5087.0,,,,,,,,,,,,,,,,,,,,,,,,,,0.0,2.407,18.9,,,,4804.0,,,175.0,174.0,2.676,,,,,,,,,,,,""
13147139001,"Dec 18, 2024, 10:17:48 PM",Afternoon Run,Run,,4730,2.24,168.0,30,false,,,activities/14020272595.fit.gz,,,4730.0,3248.0,2240.0,4.42,0.69,0.0,0.0,181.0,183.0,40.0,0.0,,,123.0,78.0,168.0,120.0,,37.0,456.0,,,30.0,173885.0,,,,,,,,153.0,3879.0,,,0.0,,1.0,2243.3,,,,,,,,,,,,,,,,,,,,,,,,,,0.0,0.474,0.0,,,,7732.0,,,142.0,115.0,0.691,,,,,,,,,,,,""
13131329659,"Dec 16, 2024, 9:50:46 PM",Easy + 6 strides,Run,"",4299,12.64,161.0,70,false,,New Balance 1080 V14,activities/14003359589.fit.gz,,,4299.0,3727.0,12640.0,6.3,3.391,13.0,0.0,186.6,201.4,17.1,0.1,,,122.0,88.0,161.0,138.0,,248.0,695.0,,,70.0,1064756.0,,,,,,,,284.0,4050.0,0.0,,0.0,,1.0,12688.3,,,,,,,,,,,,,,,,20717604.0,,,,,,,,,,0.0,2.94,0.0,,,,10860.0,,,514.0,214.0,3.404,,,,,,,,,,,,""
13124880776,"Dec 15, 2024, 8:01:57 PM",Long run,Run,"57 laps of 300 meter indoor track
Avg heart rate: 156",4620,17.10,,,false,,New Balance 1080 V14,,,,4620.0,4620.0,17100.0,,3.701,,,,,,0.0,,,,,,,,,,,,,,,,,,,,,,,0.0,,0.0,,0.0,,,,,,,,,,,,,,,,,20717604.0,,,,,,,,,,0.0,3.701,0.0,,,,,,,,,,,,,,,,,,,,,""
13128655992,"Dec 15, 2024, 5:06:00 PM",CD,Run,Walk dorm to alumni and alumni to dorm,2400,5.00,,,false,,New Balance 1080 V14,,,,2400.0,2400.0,5000.0,,2.083,,,,,,0.0,,,,,,,,,,,,,,,,,,,,,,,0.0,,0.0,,0.0,,,,,,,,,,,,,,,,,20717604.0,,,,,,,,,,0.0,2.083,0.0,,,,,,,,,,,,,,,,,,,,,""
13125217228,"Dec 15, 2024, 4:30:00 PM",CD WU,Run,"2km walk from/to dorm to alumni
3km CD",2100,5.00,,,false,"",New Balance 1080 V14,,,,2100.0,2100.0,5000.0,,2.381,,,,,,0.0,,,,,,,,,,,,,,,,,,,,,,,,,0.0,,0.0,,,,,,,,,,,,,,,,,20717604.0,,,,,,,,,,0.0,2.381,0.0,,,,,,,,,,,,,,,,,,,,,""
13122205828,"Dec 14, 2024, 10:33:39 PM",Recovery in -3,Run,"",3450,7.65,170.0,22,false,,New Balance 1080 V14,activities/13993555649.fit.gz,,,3450.0,3252.0,7655.8,4.44,2.354,22.0,18.0,173.2,180.2,16.4,0.0,,,125.0,73.0,170.0,120.0,,198.0,478.0,,,22.0,633930.0,,,,,,,,231.0,3451.0,0.0,,0.0,,1.0,7742.7,,,,,,,,,,,,,,,,20717604.0,,,,,,,,,,0.0,2.219,157.4,,,,7696.0,,,289.0,174.0,2.381,,,,,,,,,,,,""
13122579109,"Dec 13, 2024, 7:09:00 PM",Workout,Run,"1km Walk to alumni 
3km WU @4:42  = 14:05 157 avg heart rate

2x10 min tempo @3:53 @3:36
5 min @3:20
5x300 @3:10
All rest 1 min

2k CD jog @6:00
1km Walk from Alumni to Dorm",2280,8.40,,,false,"",New Balance V3,,,,2280.0,2280.0,8400.0,,3.684,,,,,,0.0,,,,,,,,,,,,,,,,,,,,,,,0.0,,0.0,,0.0,,,,,,,,,,,,,,,,,20809270.0,,,,,,,,,,0.0,3.684,0.0,,,,,,,,,,,,,,,,,,,,,""
13122585285,"Dec 13, 2024, 6:06:00 PM",WU and CD,Run,"1km Walk to alumni 
3km WU @4:42  = 14:05 157 avg heart rate

2k CD jog @6:00
1km Walk from Alumni to Dorm",2520,7.00,,,false,"",New Balance 1080 V14,,,,2520.0,2520.0,7000.0,,2.778,,,,,,0.0,,,,,,,,,,,,,,,,,,,,,,,0.0,,0.0,,0.0,,,,,,,,,,,,,,,,,20717604.0,,,,,,,,,,0.0,2.778,0.0,,,,,,,,,,,,,,,,,,,,,""
13103103428,"Dec 12, 2024, 9:27:58 PM",Easy,Run,"",2177,6.82,159.0,48,false,"",New Balance 1080 V14,activities/13973082280.fit.gz,,,2177.0,1905.0,6829.0,4.2,3.585,0.0,0.0,0.0,0.0,0.0,0.0,,,92.0,87.0,159.0,145.0,,269.0,394.0,,,48.0,586888.0,,,,,,,,296.0,2179.0,0.0,,0.0,,1.0,6826.3,,,,,,,,,,,,,,,,20717604.0,,,,,,,,,,0.0,3.137,0.0,,,,5490.0,,,300.0,223.0,,,,,,,,,,,,,""
13096576076,"Dec 11, 2024, 10:50:37 PM",Easy,Run,"",1506,4.00,158.0,19,false,,New Balance 1080 V14,activities/13966092124.fit.gz,,,1506.0,1061.0,4001.9,4.22,3.772,0.0,0.0,0.0,0.0,0.0,0.0,,,90.0,77.0,158.0,130.0,,227.0,210.0,,,19.0,342386.0,,,,,,,,299.0,1311.0,0.0,,0.0,,1.0,4000.3,,,,,,,,,,,,,,,,20717604.0,,,,,,,,,,0.0,2.657,0.0,,,,3030.0,,,184.0,225.0,,,,,,,,,,,,,""
13122407561,"Dec 10, 2024, 9:20:00 PM",First workout in V4,Run,"1400 @3:25
4x1000 @ (3:14 3:38 3:46 3:19)
600 @3:15

rest 200m walk or jog",2400,7.00,,,false,"",New Balance Elite v4,,,,2400.0,2400.0,7000.0,,2.917,,,,,,0.0,,,,,,,,,,,,,,,,,,,,,,,0.0,,0.0,,0.0,,,,,,,,,,,,,,,,,20717680.0,,,,,,,,,,0.0,2.917,0.0,,,,,,,,,,,,,,,,,,,,,""
13089858647,"Dec 10, 2024, 9:46:18 PM",WU,Run,"",928,3.04,154.0,18,false,,New Balance 1080 V14,activities/13958883116.fit.gz,,,928.0,928.0,3040.0,3.7,3.276,2.0,0.0,212.6,214.8,3.3,0.0,,,90.0,88.0,154.0,146.0,,281.0,188.0,,,18.0,260385.0,,,,,,,,278.0,929.0,0.0,,0.0,,1.0,3044.1,,,,,,,,,,,,,,,,20717604.0,,,,,,,,,,0.0,3.276,0.0,,,,2710.0,,,112.0,209.0,3.28,,,,,,,,,,,,""
13122415534,"Dec 10, 2024, 4:23:00 PM",CD,Run,"2km CD
2km walk from dorm to alumni, alumni to dorm",1680,4.00,,,false,,New Balance 1080 V14,,,,1680.0,1680.0,4000.0,,2.381,,,,,,0.0,,,,,,,,,,,,,,,,,,,,,,,0.0,,0.0,,0.0,,,,,,,,,,,,,,,,,20717604.0,,,,,,,,,,0.0,2.381,0.0,,,,,,,,,,,,,,,,,,,,,""
13082537476,"Dec 9, 2024, 9:47:42 PM",Easy + 4 strides,Run,"",3369,10.45,162.0,60,false,,New Balance 1080 V14,activities/13951060736.fit.gz,,,3369.0,2921.0,10451.5,5.22,3.578,0.0,0.0,0.0,0.0,0.0,0.0,,,100.0,84.0,162.0,138.0,,267.0,550.0,,,60.0,900624.0,,,,,,,,305.0,3141.0,0.0,,0.0,,1.0,10450.1,,,,,,,,,,,,,,,,20717604.0,,,,,,,,,,0.0,3.102,0.0,,,,8238.0,,,458.0,229.0,,,,,,,,,,,,,""
13075490305,"Dec 8, 2024, 9:22:46 PM",Long run P3 after bathroom break,Run,"",3000,10.00,,,false,,New Balance 1080 V14,,,,3000.0,3000.0,10000.0,,3.333,,,,,,0.0,,,,,,,,,,,,,,,,,,,,,,,0.0,,0.0,,0.0,,,,,,,,,,,,,,,,,20717604.0,,,,,,,,,,0.0,3.333,0.0,,,,,,,,,,,,,,,,,,,,,""
13075476126,"Dec 8, 2024, 8:38:13 PM",Long run P2,Run,"",3910,12.06,167.0,74,false,,New Balance 1080 V14,activities/13943550390.fit.gz,,,3910.0,3264.0,12068.1,4.46,3.697,0.0,0.0,0.0,0.0,0.0,0.0,,,93.0,87.0,167.0,145.0,,264.0,649.0,,,74.0,1033006.0,,,,,,,,303.0,3738.0,0.0,,0.0,,1.0,12064.7,,,,,,,,,,,,,,,,20717604.0,,,,,,,,,,0.0,3.086,0.0,,,,9440.0,,,539.0,228.0,,,,,,,,,,,,,""
13075475237,"Dec 8, 2024, 8:08:14 PM",Long run P1,Run,Lạnh quá nên treadmill,982,3.00,195.0,23,false,,New Balance 1080 V14,activities/13943549888.fit.gz,,,982.0,905.0,3005.4,4.32,3.321,7.0,5.0,175.8,179.8,7.2,0.0,,,94.0,87.0,195.0,154.0,,288.0,194.0,,,23.0,261719.0,,,,,,,,275.0,983.0,0.0,,0.0,,1.0,3022.9,,,,,,,,,,,,,,,,20717604.0,,,,,,,,,,0.0,3.06,57.8,,,,2606.0,,,116.0,207.0,3.34,,,,,,,,,,,,""
13075520706,"Dec 7, 2024, 10:20:00 PM",Easy treadmill,Run,"",3960,12.00,,,false,,,,,,3960.0,3960.0,12000.0,,3.03,,,,,,0.0,,,,,,,,,,,,,,,,,,,,,,,,,0.0,,0.0,,,,,,,,,,,,,,,,,,,,,,,,,,,0.0,3.03,0.0,,,,,,,,,,,,,,,,,,,,,""
13075523135,"Dec 6, 2024, 5:20:00 PM",WU for the race,Run,"",900,3.00,,,false,,New Balance 1080 V14,,,,900.0,900.0,3000.0,,3.333,,,,,,0.0,,,,,,,,,,,,,,,,,,,,,,,0.0,,0.0,,0.0,,,,,,,,,,,,,,,,,20717604.0,,,,,,,,,,0.0,3.333,0.0,,,,,,,,,,,,,,,,,,,,,""
13075475036,"Dec 6, 2024, 9:50:04 PM",WD,Run,"",447,1.13,169.0,8,false,,,activities/13943549691.fit.gz,,,447.0,357.0,1132.8,3.68,3.173,0.0,0.0,385.0,385.6,4.0,0.0,,,89.0,87.0,169.0,146.0,,218.0,76.0,,,8.0,97352.0,,,,,,,,244.0,448.0,0.0,,0.0,,1.0,1134.1,,,,,,,,,,,,,,,,,,,,,,,,,,0.0,2.534,0.0,,,,1020.0,,,41.0,183.0,3.177,,,,,,,,,,,,""
13075474886,"Dec 6, 2024, 8:56:11 PM",5km indoor - DNF,Run,First DNF,270,1.20,184.0,9,false,,Nike Streakfly,activities/13943549498.fit.gz,,,270.0,270.0,1200.5,5.26,4.446,0.0,0.0,383.4,383.8,1.3,0.0,,,95.0,92.0,184.0,159.0,,365.0,59.0,,,9.0,98484.0,,,,,,,,356.0,271.0,0.0,,0.0,,1.0,1201.8,,,,,,,,,,,,,,,,20717644.0,,,,,,,,,,0.0,4.446,0.0,,,,820.0,,,54.0,268.0,4.451,,,,,,,,,,,,""
13061054158,"Dec 6, 2024, 7:38:51 PM",Afternoon E-Bike Ride,E-Bike Ride,,3477,64.38,,,false,,,activities/13061054158.gpx,,,3477.0,3272.0,64388.4,30.04,19.679,677.1,677.1,282.2,620.1,40.3,0.1,,,,,,,,,,,,,,,,,,,,,,,,,0.0,,1.0,,,,,,,,,,,,,,,,,,,,,,,,,,,0.0,18.518,0.0,,,,,,,,,,,234.0,,,,,,,,,,""
13075474726,"Dec 6, 2024, 7:30:00 PM",Đi chạy giải indoor,Ride,"",277,6.06,90.0,0,false,,,activities/13943549359.fit.gz,,,277.0,277.0,6063.1,34.76,21.888,77.0,28.0,266.0,341.2,6.0,0.8,,,,,90.0,67.0,,,8.0,,,0.0,,,,,,,,,,,0.0,,0.0,,1.0,,,,,,,,,,,,,,,,,,,,,,,,,,,0.0,21.888,0.0,,,,,,,,,,,,,,,,,,,,,""
13060766996,"Dec 6, 2024, 7:09:30 PM",Đi chạy ở nơi xa,E-Bike Ride,,1240,36.74,,,false,,,activities/13060766996.gpx,,,1240.0,1240.0,36742.0,35.44,29.631,226.7,226.7,175.9,287.0,8.4,0.3,,,,,,,,,,,,,,,,,,,,,,,,,0.0,,1.0,,,,,,,,,,,,,,,,,,,,,,,,,,,0.0,29.631,0.0,,,,,,,,,,,16.0,,,,,,,,,,""
13041990721,"Dec 4, 2024, 12:21:00 AM",WD,Run,"",2160,6.00,,,false,,,,,,2160.0,2160.0,6000.0,,2.778,,,,,,0.0,,,,,,,,,,,,,,,,,,,,,,,,,0.0,,0.0,,,,,,,,,,,,,,,,,,,,,,,,,,,0.0,2.778,0.0,,,,,,,,,,,,,,,,,,,,,""
13041975475,"Dec 3, 2024, 10:29:18 PM",6x400@3:03,Run,"Race week workout
Last lap 69s",1242,2.89,181.0,16,false,,,activities/13907789690.fit.gz,,,1242.0,1100.0,2891.6,6.62,2.629,0.0,1.0,175.8,178.8,8.0,-0.1,,,102.0,90.0,181.0,149.0,,300.0,225.0,,,16.0,201867.0,,,,,,,,268.0,1244.0,0.0,,0.0,,1.0,2899.4,,,,,,,,,,,,,,,,,,,,,,,,,,0.0,2.328,0.0,,,,2076.0,,,140.0,202.0,2.636,,,,,,,,,,,,""
13041975063,"Dec 3, 2024, 9:51:12 PM",WU,Run,"",1326,3.00,170.0,16,false,,,activities/13907789224.fit.gz,,,1326.0,1108.0,3002.3,4.8,2.71,12.0,9.0,173.6,181.8,20.2,0.0,,,122.0,83.0,170.0,142.0,,228.0,200.0,,,16.0,243146.0,,,,,,,,224.0,1328.0,0.0,,0.0,,1.0,3034.3,,,,,,,,,,,,,,,,,,,,,,,,,,0.0,2.264,11.0,,,,2872.0,,,104.0,168.0,2.739,,,,,,,,,,,,""
13034514438,"Dec 2, 2024, 10:05:02 PM",Easy + 4 strides,Run,"",4114,12.37,176.0,77,false,,,activities/13899814133.fit.gz,,,4114.0,3575.0,12369.5,4.48,3.46,0.0,0.0,0.0,0.0,0.0,0.0,,,94.0,86.0,176.0,142.0,,259.0,684.0,,,77.0,1066392.0,,,,,,,,292.0,3828.0,0.0,,0.0,,1.0,12369.5,,,,,,,,,,,,,,,,,,,,,,,,,,0.0,3.007,0.0,,,,10262.0,,,513.0,220.0,,,,,,,,,,,,,""
13034530611,"Dec 1, 2024, 9:59:00 PM",Long run in 0 degree 🥶,Run,"",6780,20.00,,,false,,New Balance 1080 V14,,,,6780.0,6780.0,20000.0,,2.95,,,,,,0.0,,,,,,,,,,,,,,,,,,,,,,,0.0,,0.0,,0.0,,,,,,,,,,,,,,,,,20717604.0,,,,,,,,,,0.0,2.95,0.0,,,,,,,,,,,,,,,,,,,,,""
13027114322,"Dec 1, 2024, 9:59:34 PM",Long run,Run,"",3655,7.74,,,false,,,activities/13027114322.gpx,,,3655.0,3350.0,7746.1,11.8,2.312,11.1,7.8,177.1,181.9,31.1,0.0,,,,,,,,,,,,,,,,,,,,,,,0.0,,0.0,,1.0,7759.1,,,,,,,,,,,,,,,,,,,,,,,,,,0.0,2.119,160.7,,,,7304.0,,,,,2.316,,,,,,,,,,,,""
13016512392,"Nov 30, 2024, 2:51:17 PM",Chạy từ nhà a Hoàng,Run,"",1200,4.00,,,false,,,,,,1200.0,1200.0,4000.0,,3.333,,,,,,0.0,,,,,,,,,,,,,,,,,,,,,,,,,0.0,,0.0,,,,,,,,,,,,,,,,,,,,,,,,,,,0.0,3.333,0.0,,,,,,,,,,,,,,,,,,,,,""
13034535875,"Nov 30, 2024, 2:03:00 AM",In mall,Run,"",3000,5.00,,,false,,,,,,3000.0,3000.0,5000.0,,1.667,,,,,,0.0,,,,,,,,,,,,,,,,,,,,,,,,,0.0,,0.0,,,,,,,,,,,,,,,,,,,,,,,,,,,0.0,1.667,0.0,,,,,,,,,,,,,,,,,,,,,""
13016505196,"Nov 29, 2024, 3:10:00 PM",Jogging,Run,"",4800,10.00,,,false,,,,,,4800.0,4800.0,10000.0,,2.083,,,,,,0.0,,,,,,,,,,,,,,,,,,,,,,,,,0.0,,0.0,,,,,,,,,,,,,,,,,,,,,,,,,,,0.0,2.083,0.0,,,,,,,,,,,,,,,,,,,,,""
13010190886,"Nov 29, 2024, 5:09:40 PM",Chạy qua nhà a hoàng,Run,"",1179,4.01,,,false,,,activities/13010190886.gpx,,,1179.0,1175.0,4016.3,5.4,3.418,2.5,5.2,174.1,179.6,1.9,-0.1,,,,,,,,,,,,,,,,,,,,,,,0.0,,0.0,,1.0,4010.9,,,,,,,,,,,,,,,,,,,,,,,,,,0.0,3.407,0.0,,,,3144.0,,,,,3.414,,,,,,,,,,,,""
13034513835,"Nov 26, 2024, 9:46:44 PM",Afternoon Run,Run,,2187,3.80,170.0,19,false,,,activities/13899813746.fit.gz,,,2187.0,1575.0,3801.3,7.61,2.414,11.0,9.0,169.0,179.8,46.8,0.1,,,106.0,83.0,170.0,140.0,,256.0,288.0,,,19.0,322042.0,,,,,,,,240.0,2028.0,,,0.0,,1.0,3860.8,,,,,,,,,,,,,,,,,,,,,,,,,,0.0,1.738,208.1,,,,4282.0,,,182.0,180.0,2.451,,,,,,,,,,,,""
12977096374,"Nov 24, 2024, 9:28:25 PM",Long run,Run,"",6154,21.00,168.0,108,false,,,activities/13838385297.fit.gz,,,6154.0,5796.0,21004.2,4.56,3.624,0.0,0.0,0.0,0.0,0.0,0.0,,,96.0,88.0,168.0,147.0,,291.0,1060.0,,,108.0,1791159.0,,,,,,,,303.0,6155.0,0.0,,0.0,,1.0,21004.2,,,,,,,,,,,,,,,,,,,,,,,,,,0.0,3.413,0.0,,,,17000.0,,,888.0,228.0,,,,,,,,,,,,,""
12975346265,"Nov 23, 2024, 10:09:00 PM",Afternoon Run,Run,"4km WD
Walk",2100,5.00,,,false,,,,,,2100.0,2100.0,5000.0,,2.381,,,,,,0.0,,,,,,,,,,,,,,,,,,,,,,,,,0.0,,0.0,,,,,,,,,,,,,,,,,,,,,,,,,,,0.0,2.381,0.0,,,,,,,,,,,,,,,,,,,,,""
12967491011,"Nov 23, 2024, 6:53:20 PM",Tempo,Run,3x10min @4:00,2323,7.40,174.0,27,false,,,activities/13828088199.fit.gz,,,2323.0,2044.0,7402.3,5.28,3.621,0.0,0.0,0.0,0.0,0.0,0.0,,,120.0,82.0,174.0,139.0,,268.0,374.0,,,27.0,622586.0,,,,,,,,307.0,2319.0,0.0,,0.0,,1.0,7402.3,,,,,,,,,,,,,,,,,,,,,,,,,,0.0,3.187,0.0,,,,5744.0,,,343.0,231.0,,,,,,,,,,,,,""
12967490489,"Nov 23, 2024, 6:22:02 PM",Wu,Run,"",972,3.28,143.0,5,false,,,activities/13828087673.fit.gz,,,972.0,912.0,3279.2,5.22,3.596,11.0,11.0,174.8,182.0,11.3,0.0,,,98.0,88.0,143.0,132.0,,314.0,175.0,,,5.0,287076.0,,,,,,,,301.0,973.0,0.0,,0.0,,1.0,3310.1,,,,,,,,,,,,,,,,,,,,,,,,,,0.0,3.374,157.4,,,,2662.0,,,138.0,226.0,3.629,,,,,,,,,,,,""
12967490307,"Nov 22, 2024, 10:37:14 PM",Afternoon Run,Run,,2204,6.46,168.0,21,false,,,activities/13828087508.fit.gz,,,2204.0,1890.0,6467.1,4.16,3.422,0.0,0.0,0.0,0.0,0.0,0.0,,,90.0,83.0,168.0,129.0,,255.0,314.0,,,21.0,561924.0,,,,,,,,297.0,2095.0,,,0.0,,1.0,6465.3,,,,,,,,,,,,,,,,,,,,,,,,,,0.0,2.934,0.0,,,,5132.0,,,289.0,223.0,,,,,,,,,,,,,""
12941128347,"Nov 19, 2024, 10:50:02 PM",Afternoon Run,Run,,1017,2.03,154.0,3,false,,,activities/13800108251.fit.gz,,,1017.0,678.0,2031.8,5.6,2.997,4.0,5.0,175.6,178.0,28.6,-0.1,,,99.0,94.0,154.0,133.0,,349.0,112.0,,,3.0,158110.0,,,,,,,,283.0,932.0,,,0.0,,1.0,2041.3,,,,,,,,,,,,,,,,,,,,,,,,,,0.0,1.998,0.0,,,,1318.0,,,117.0,213.0,3.011,,,,,,,,,,,,""
12941128261,"Nov 19, 2024, 10:02:22 PM",Afternoon Run,Run,,2259,4.99,163.0,20,false,,,activities/13800108170.fit.gz,,,2259.0,1537.0,4993.8,5.3,3.249,13.0,12.0,174.6,182.8,8.8,0.0,,,95.0,85.0,163.0,140.0,,287.0,302.0,,,20.0,441234.0,,,,,,,,272.0,1870.0,,,0.0,,1.0,5022.5,,,,,,,,,,,,,,,,,,,,,,,,,,0.0,2.211,0.0,,,,4332.0,,,217.0,205.0,3.268,,,,,,,,,,,,""
12969323884,"Nov 18, 2024, 10:58:00 PM",Easy cross,Ride,"",2700,17.00,,,false,,,,,,2700.0,2700.0,17000.0,,6.296,,,,,,0.0,,,,,,,,,,,,,,,,,,,,,,,,,0.0,,0.0,,,,,,,,,,,,,,,,,,,,,,,,,,,0.0,6.296,0.0,,,,,,,,,,,,,,,,,,,,,""
12926265403,"Nov 17, 2024, 10:55:39 PM",Long run in tired legs,Run,"",7040,20.00,156.0,75,false,,,activities/13784155515.fit.gz,,,7040.0,6799.0,20003.8,4.66,2.942,47.0,43.0,170.8,188.8,7.8,0.0,,,95.0,84.0,156.0,136.0,,253.0,1216.0,,,75.0,1716866.0,,,,,,,,262.0,7041.0,0.0,,0.0,,1.0,20116.1,,,,,,,,,,,,,,,,,,,,,,,,,,0.0,2.841,780.9,,,,19022.0,,,759.0,197.0,2.959,,,,,,,,,,,,""
12923360963,"Nov 17, 2024, 1:13:00 AM",Lại đi coi bên alumni tiếp,Run,"",1200,2.00,,,false,,,,,,1200.0,1200.0,2000.0,,1.667,,,,,,0.0,,,,,,,,,,,,,,,,,,,,,,,,,0.0,,0.0,,,,,,,,,,,,,,,,,,,,,,,,,,,0.0,1.667,0.0,,,,,,,,,,,,,,,,,,,,,""
12923317307,"Nov 16, 2024, 10:38:45 PM",Recovery,Run,Tight left calf after speed workout,1976,5.00,152.0,12,false,,,activities/13780926455.fit.gz,,,1976.0,1758.0,5007.0,4.36,2.848,20.0,17.0,173.2,183.8,32.3,0.1,,,90.0,85.0,152.0,134.0,,254.0,309.0,,,12.0,437977.0,,,,,,,,250.0,1978.0,0.0,,0.0,,1.0,5074.3,,,,,,,,,,,,,,,,,,,,,,,,,,0.0,2.534,291.6,,,,4828.0,,,194.0,188.0,2.886,,,,,,,,,,,,""
12910572102,"Nov 15, 2024, 11:21:00 PM",CD + Walk,Run,"",2400,4.00,,,false,,,,,,2400.0,2400.0,4000.0,,1.667,,,,,,0.0,,,,,,,,,,,,,,,,,,,,,,,,,0.0,,0.0,,,,,,,,,,,,,,,,,,,,,,,,,,,0.0,1.667,0.0,,,,,,,,,,,,,,,,,,,,,""
12909645628,"Nov 15, 2024, 11:01:33 PM",CD,Run,"",205,0.40,145.0,1,false,,,activities/13766203267.fit.gz,,,205.0,176.0,403.3,2.84,2.291,0.0,0.0,179.2,179.8,5.5,0.0,,,92.0,89.0,145.0,131.0,,198.0,27.0,,,1.0,34772.0,,,,,,,,172.0,206.0,0.0,,0.0,,1.0,403.7,,,,,,,,,,,,,,,,,,,,,,,,,,0.0,1.967,0.0,,,,510.0,,,9.0,129.0,2.294,,,,,,,,,,,,""
12909645902,"Nov 15, 2024, 9:47:53 PM",Workout,Run,"4km WU + 2 strides 
6x600 @3:20 rest 200m walk",3973,8.89,174.0,49,false,,,activities/13766203489.fit.gz,,,3973.0,2867.0,8898.6,5.8,3.104,4.0,5.0,176.6,181.8,11.2,0.0,,,101.0,85.0,174.0,145.0,,256.0,551.0,,,49.0,695630.0,,,,,,,,281.0,3312.0,0.0,,0.0,,1.0,8931.0,,,,,,,,,,,,,,,,,,,,,,,,,,0.0,2.24,0.0,,,,7420.0,,,410.0,211.0,3.115,,,,,,,,,,,,""
12903763617,"Nov 15, 2024, 2:20:00 AM",Đi coi bóng rổ,Run,"",1200,2.00,,,false,,,,,,1200.0,1200.0,2000.0,,1.667,,,,,,0.0,,,,,,,,,,,,,,,,,,,,,,,,,0.0,,0.0,,,,,,,,,,,,,,,,,,,,,,,,,,,0.0,1.667,0.0,,,,,,,,,,,,,,,,,,,,,media/1C895B51-027E-461B-8856-C08830488D74.jpg
12902640218,"Nov 14, 2024, 10:05:12 PM",Easy + 4 strides,Run,"",4222,14.01,181.0,106,false,,,activities/13758645799.fit.gz,,,4222.0,4027.0,14012.3,5.12,3.48,0.0,0.0,0.0,0.0,0.0,0.0,,,100.0,84.0,181.0,152.0,,289.0,804.0,,,106.0,1221874.0,,,,,,,,298.0,4224.0,0.0,,0.0,,1.0,14012.3,,,,,,,,,,,,,,,,,,,,,,,,,,0.0,3.319,0.0,,,,11294.0,,,588.0,224.0,,,,,,,,,,,,,""
12895960147,"Nov 13, 2024, 11:01:43 PM",Not easy run,Run,"",3016,10.00,166.0,74,false,,,activities/13751457224.fit.gz,,,3016.0,2952.0,9999.3,4.34,3.387,0.0,0.0,0.0,0.0,0.0,0.0,,,94.0,83.0,166.0,151.0,,288.0,598.0,,,74.0,869412.0,,,,,,,,301.0,3018.0,0.0,,0.0,,1.0,9999.3,,,,,,,,,,,,,,,,,,,,,,,,,,0.0,3.315,0.0,,,,8060.0,,,428.0,226.0,,,,,,,,,,,,,""
12929702999,"Nov 12, 2024, 10:05:15 PM",Workout indoor p2,Run,"4x400@3:10 
24p easy 
Walk back to dorm",2340,6.60,,,false,,,,,,2340.0,2340.0,6600.0,,2.821,,,,,,0.0,,,,,,,,,,,,,,,,,,,,,,,,,0.0,,0.0,,,,,,,,,,,,,,,,,,,,,,,,,,,0.0,2.821,0.0,,,,,,,,,,,,,,,,,,,,,""
12888192097,"Nov 12, 2024, 10:18:52 PM",WU + Tempo,Run,"3km 4:30
3km tempo @4:00
Stop because 4 degrees 🥶",2468,5.90,156.0,13,false,,,activities/13743129827.fit.gz,,,2468.0,1499.0,5904.9,5.96,3.939,6.0,2.0,172.2,180.0,5.4,0.1,,,100.0,87.0,156.0,134.0,,346.0,283.0,,,13.0,514443.0,,,,,,,,293.0,2367.0,0.0,,0.0,,1.0,5920.0,,,,,,,,,,,,,,,,,,,,,,,,,,0.0,2.393,0.0,,,,4298.0,,,318.0,220.0,3.949,,,,,,,,,,,,""
12888191975,"Nov 12, 2024, 9:52:25 PM",Walk to alumni arena,Run,"",625,1.00,126.0,1,false,,,activities/13743129492.fit.gz,,,625.0,617.0,1004.4,3.04,1.628,10.0,0.0,173.8,184.2,22.6,1.0,,,123.0,61.0,126.0,100.0,,125.0,59.0,,,1.0,77657.0,,,,,,,,127.0,626.0,0.0,,0.0,,1.0,1052.5,,,,,,,,,,,,,,,,,,,,,,,,,,0.0,1.607,55.1,,,,1248.0,,,15.0,95.0,1.706,,,,,,,,,,,,""
12929681722,"Nov 11, 2024, 9:40:00 AM",Easy ride,Ride,"",2700,17.60,,,false,"",,,,,2700.0,2700.0,17600.0,,6.519,,,,,,0.0,,,,,,,,,,,,,,,,,,,,,,,,,0.0,,0.0,,,,,,,,,,,,,,,,,,,,,,,,,,,0.0,6.519,0.0,,,,,,,,,,,,,,,,,,,,,""
12864749288,"Nov 10, 2024, 6:50:48 AM",Walk from Eli to governor(UB hacking),Walk,,1175,1.48,,,false,,,activities/12864749288.gpx,,,1175.0,967.0,1483.1,10.16,1.534,3.1,3.1,175.4,178.5,9.1,0.2,,,,,,,,,,,,,,,,,,,,,,,,,0.0,,1.0,,,,,,,,,,,,,,,,,,,,,,,,,,,0.0,1.262,0.0,,,,1860.0,,,,,,,,,,,,,,,,,""
12888124180,"Nov 8, 2024, 10:58:21 PM",Afternoon Run,Run,,915,2.02,170.0,7,false,,,activities/13743057470.fit.gz,,,915.0,876.0,2028.7,7.62,2.316,9.0,10.0,176.8,181.2,22.2,-0.2,,,103.0,94.0,170.0,137.0,,306.0,153.0,,,7.0,142317.0,,,,,,,,270.0,917.0,,,0.0,,1.0,2042.5,,,,,,,,,,,,,,,,,,,,,,,,,,0.0,2.217,0.0,,,,1438.0,,,104.0,203.0,2.332,,,,,,,,,,,,""
12888124076,"Nov 8, 2024, 10:31:31 PM",Afternoon Run,Run,,963,3.00,168.0,24,false,,,activities/13743057315.fit.gz,,,963.0,904.0,3004.4,4.6,3.323,8.0,12.0,177.0,184.6,14.0,-0.1,,,94.0,87.0,168.0,154.0,,290.0,193.0,,,24.0,263014.0,,,,,,,,280.0,964.0,,,0.0,,1.0,3025.1,,,,,,,,,,,,,,,,,,,,,,,,,,0.0,3.12,0.0,,,,2590.0,,,118.0,211.0,3.346,,,,,,,,,,,,""
12888123097,"Nov 5, 2024, 10:52:02 PM",Afternoon Run,Run,,1438,3.59,183.0,22,false,,,activities/13743056281.fit.gz,,,1438.0,1383.0,3592.3,6.18,2.597,1.0,1.0,175.8,178.6,44.4,0.0,,,101.0,93.0,183.0,155.0,,358.0,277.0,,,22.0,286214.0,,,,,,,,306.0,1439.0,,,0.0,,1.0,3601.5,,,,,,,,,,,,,,,,,,,,,,,,,,0.0,2.498,0.0,,,,2430.0,,,211.0,230.0,2.604,,,,,,,,,,,,""
12888122704,"Nov 5, 2024, 10:16:07 PM",Afternoon Run,Run,,967,3.24,184.0,26,false,,,activities/13743055915.fit.gz,,,967.0,910.0,3239.3,4.64,3.56,6.0,8.0,174.2,179.6,11.2,0.0,,,94.0,85.0,184.0,156.0,,317.0,196.0,,,26.0,287774.0,,,,,,,,308.0,968.0,,,0.0,,1.0,3256.9,,,,,,,,,,,,,,,,,,,,,,,,,,0.0,3.35,0.0,,,,2546.0,,,144.0,232.0,3.579,,,,,,,,,,,,""
12888122491,"Nov 4, 2024, 11:00:41 PM",Evening Weight Training,Weight Training,,1894,0,126.0,3,false,,,activities/13743055643.fit.gz,,,1894.0,1894.0,0.0,0.0,0.0,0.0,0.0,0.0,0.0,0.0,0.0,,,,,126.0,80.0,,,61.0,,,3.0,,,,,,,,,,,,,0.0,,1.0,,,,,,,,,,,,,,,,,,,,,,,,,,,0.0,0.0,0.0,,,,,,,,,,,42.0,,,,,,,,,,""
12817586069,"Nov 3, 2024, 11:37:19 PM",Easy,Run,"",3029,7.94,148.0,27,false,,,activities/13667308929.fit.gz,,,3029.0,2445.0,7942.7,4.08,3.249,0.0,0.0,0.0,0.0,0.0,0.0,,,89.0,83.0,148.0,131.0,,229.0,413.0,,,27.0,693185.0,,,,,,,,276.0,2705.0,0.0,,0.0,,1.0,7939.4,,,,,,,,,,,,,,,,,,,,,,,,,,0.0,2.622,0.0,,,,6764.0,,,324.0,208.0,,,,,,,,,,,,,""
12821283242,"Nov 2, 2024, 6:22:00 PM",Long run on the treadmill,Run,"",7200,21.75,,,false,,,,,,7200.0,7200.0,21752.3,,3.021,,,,,,0.0,,,,,,,,,,,,,,,,,,,,,,,,,0.0,,0.0,,,,,,,,,,,,,,,,,,,,,,,,,,,0.0,3.021,0.0,,,,,,,,,,,,,,,,,,,,,""
12821298037,"Nov 1, 2024, 11:25:00 PM",Chạy về từ Walmart quên ân đồng hồ,Run,"",1500,5.00,,,false,,,,,,1500.0,1500.0,5000.0,,3.333,,,,,,0.0,,,,,,,,,,,,,,,,,,,,,,,,,0.0,,0.0,,,,,,,,,,,,,,,,,,,,,,,,,,,0.0,3.333,0.0,,,,,,,,,,,,,,,,,,,,,""
12888123451,"Nov 1, 2024, 10:40:22 PM",Evening Run,Run,,1549,4.17,174.0,17,false,,,activities/13743056636.fit.gz,,,1549.0,1424.0,4171.2,4.72,2.929,10.0,12.0,172.4,178.8,19.4,-0.1,,,122.0,81.0,174.0,142.0,,249.0,254.0,,,17.0,349961.0,,,,,,,,269.0,1550.0,,,0.0,,1.0,4210.5,,,,,,,,,,,,,,,,,,,,,,,,,,0.0,2.693,147.8,,,,3714.0,,,175.0,202.0,2.957,,,,,,,,,,,,""
12817322145,"Nov 1, 2024, 9:29:28 PM",Chạy ra walmart,Run,"",1335,3.18,169.0,16,false,,,activities/13667023688.fit.gz,,,1335.0,1045.0,3183.6,4.42,3.047,13.0,14.0,176.0,189.2,10.9,-0.1,,,90.0,82.0,169.0,144.0,,286.0,202.0,,,16.0,293297.0,,,,,,,,275.0,1237.0,0.0,,0.0,,1.0,3226.7,,,,,,,,,,,,,,,,,,,,,,,,,,0.0,2.385,0.0,,,,2780.0,,,147.0,207.0,3.088,,,,,,,,,,,,""
12821291349,"Nov 1, 2024, 2:24:00 PM",Walk,Run,"",4200,7.00,,,false,,,,,,4200.0,4200.0,7000.0,,1.667,,,,,,0.0,,,,,,,,,,,,,,,,,,,,,,,,,0.0,,0.0,,,,,,,,,,,,,,,,,,,,,,,,,,,0.0,1.667,0.0,,,,,,,,,,,,,,,,,,,,,""
12796916583,"Oct 31, 2024, 9:07:36 PM",Medium long run,Run,Tim hơi cao,4884,15.00,182.0,169,false,,,activities/13645052838.fit.gz,,,4884.0,4872.0,15000.3,6.0,3.079,53.0,56.0,172.4,181.8,18.7,0.0,,,122.0,85.0,182.0,161.0,,265.0,991.0,,,169.0,1290602.0,,,,,,,,275.0,4885.0,0.0,,0.0,,1.0,15196.8,,,,,,,,,,,,,,,,,,,,,,,,,,0.0,3.071,410.6,,,,13588.0,,,580.0,207.0,3.119,,,,,,,,,,,,""
12821273763,"Oct 30, 2024, 9:20:00 PM",Cross train,Ride,"",2700,18.60,,,false,,,,,,2700.0,2700.0,18600.0,,6.889,,,,,,0.0,,,,,,,,,,,,,,,,,,,,,,,,,0.0,,0.0,,,,,,,,,,,,,,,,,,,,,,,,,,,0.0,6.889,0.0,,,,,,,,,,,,,,,,,,,,,""
12796914672,"Oct 30, 2024, 10:03:23 PM",Evening Weight Training,Weight Training,,1792,0,113.0,3,false,,,activities/13645050857.fit.gz,,,1792.0,1792.0,0.0,0.0,0.0,0.0,0.0,0.0,0.0,0.0,0.0,,,,,113.0,82.0,,,82.0,,,3.0,,,,,,,,,,,,,0.0,,1.0,,,,,,,,,,,,,,,,,,,,,,,,,,,0.0,0.0,0.0,,,,,,,,,,,58.0,,,,,,,,,,""
12796915776,"Oct 29, 2024, 10:00:49 PM",Evening Run,Run,,519,1.49,167.0,7,false,,,activities/13645052204.fit.gz,,,519.0,481.0,1493.3,5.9,3.105,1.0,0.0,177.2,179.0,4.0,0.1,,,97.0,81.0,167.0,142.0,,256.0,99.0,,,7.0,115376.0,,,,,,,,304.0,520.0,,,0.0,,1.0,1500.8,,,,,,,,,,,,,,,,,,,,,,,,,,0.0,2.877,0.0,,,,1240.0,,,75.0,229.0,3.12,,,,,,,,,,,,""
12796916060,"Oct 29, 2024, 9:52:43 PM",Afternoon Run,Run,,164,0.44,170.0,0,false,,,activities/13645052463.fit.gz,,,164.0,94.0,447.4,6.6,4.76,0.0,0.0,179.2,180.4,2.8,-0.1,,,95.0,92.0,170.0,120.0,,388.0,28.0,,,0.0,36155.0,,,,,,,,297.0,165.0,,,0.0,,1.0,447.8,,,,,,,,,,,,,,,,,,,,,,,,,,0.0,2.728,0.0,,,,296.0,,,22.0,223.0,4.764,,,,,,,,,,,,""
12796916146,"Oct 29, 2024, 9:24:34 PM",WU,Run,"",1047,2.99,175.0,26,false,,,activities/13645052426.fit.gz,,,1047.0,952.0,2998.7,4.7,3.15,8.0,10.0,177.4,184.4,16.5,0.0,,,123.0,86.0,175.0,155.0,,273.0,195.0,,,26.0,259502.0,,,,,,,,263.0,1048.0,0.0,,0.0,,1.0,3020.4,,,,,,,,,,,,,,,,,,,,,,,,,,0.0,2.864,313.6,,,,2722.0,,,113.0,198.0,3.173,,,,,,,,,,,,""
12769354321,"Oct 28, 2024, 10:58:00 PM",Walk + take pictures,Run,"",1920,4.00,,,false,,,,,,1920.0,1920.0,4000.0,,2.083,,,,,,0.0,,,,,,,,,,,,,,,,,,,,,,,,,0.0,,0.0,,,,,,,,,,,,,,,,,,,,,,,,,,,0.0,2.083,0.0,,,,,,,,,,,,,,,,,,,,,""
12769131911,"Oct 28, 2024, 9:15:55 PM",Easy Halloween run,Run,"",2484,7.04,157.0,22,false,,,activities/13615189036.fit.gz,,,2484.0,2032.0,7047.2,4.42,3.468,20.0,23.0,177.0,184.2,16.7,0.0,,,94.0,87.0,157.0,139.0,,306.0,391.0,,,22.0,616562.0,,,,,,,,286.0,2455.0,0.0,,0.0,,1.0,7096.0,,,,,,,,,,,,,,,,,,,,,,,,,,0.0,2.837,42.0,,,,5808.0,,,315.0,215.0,3.492,,,,,,,,,,,,""
12761608598,"Oct 27, 2024, 9:01:38 PM",Long run pick up the last 10,Run,5:00 --> 4:15,6357,20.01,185.0,158,false,"",,activities/13607052160.fit.gz,,,6357.0,5902.0,20009.0,4.238,3.39,0.0,0.0,0.0,0.0,0.0,0.0,,,90.0,82.0,185.0,150.0,,274.0,1149.0,,,158.0,1742100.0,,,,,,,,293.0,6109.0,,,0.0,,1.0,20009.0,,,,,,,,,,,,,,,,,,,,,,,,,,0.0,3.148,0.0,,,,16564.0,,,822.0,220.0,,,,,,,,,,,,,""
12760904177,"Oct 25, 2024, 9:36:39 PM",Easy,Run,"",1298,2.66,176.0,9,false,,,activities/13606289259.fit.gz,,,1298.0,1077.0,2663.8,6.064,2.473,13.0,8.0,176.0,183.6,24.8,0.2,,,119.0,73.0,176.0,130.0,,210.0,162.0,,,9.0,222761.0,,,,,,,,237.0,1285.0,0.0,,0.0,,1.0,2718.2,,,,,,,,,,,,,,,,,,,,,,,,,,0.0,2.052,48.2,,,,2544.0,,,113.0,178.0,2.524,,,,,,,,,,,,""
12760903610,"Oct 24, 2024, 9:39:40 PM",Easy + 2 strides,Run,"",3801,12.17,158.0,68,false,"",,activities/13606288686.fit.gz,,,3801.0,3689.0,12177.1,4.172,3.301,0.0,0.0,0.0,0.0,0.0,0.0,,,92.0,84.0,158.0,146.0,,279.0,661.0,,,68.0,1061392.0,,,,,,,,285.0,3802.0,0.0,,0.0,,1.0,12177.1,,,,,,,,,,,,,,,,,,,,,,,,,,0.0,3.204,0.0,,,,10278.0,,,484.0,214.0,,,,,,,,,,,,,""
12760903094,"Oct 23, 2024, 9:02:22 PM",Afternoon Run,Run,,2535,6.49,165.0,30,false,,,activities/13606288084.fit.gz,,,2535.0,2507.0,6498.7,4.6,2.592,21.0,30.0,175.8,187.8,13.1,-0.1,,,120.0,78.0,165.0,136.0,,219.0,410.0,,,30.0,545556.0,,,,,,,,242.0,2536.0,,,0.0,,1.0,6560.0,,,,,,,,,,,,,,,,,,,,,,,,,,0.0,2.564,0.0,,,,6416.0,,,233.0,182.0,2.617,,,,,,,,,,,,""
12721240245,"Oct 22, 2024, 10:35:03 PM",Track,Run,"3x1000
1x600
2x200",1691,4.51,175.0,24,false,,,activities/13563488569.fit.gz,,,1691.0,1513.0,4516.1,7.634,2.985,0.0,0.0,178.0,180.2,6.1,0.0,,,113.0,87.0,175.0,148.0,,308.0,285.0,,,24.0,355689.0,,,,,,,,307.0,1693.0,0.0,,0.0,,1.0,4526.2,,,,,,,,,,,,,,,,,,,,,,,,,,0.0,2.671,0.0,,,,3388.0,,,250.0,231.0,2.992,,,,,,,,,,,,""
12720972112,"Oct 22, 2024, 10:02:19 PM",Easy WU,Run,"",945,3.01,139.0,4,false,,,activities/13563208041.fit.gz,,,945.0,942.0,3016.1,6.34,3.202,2.0,0.0,180.6,183.8,3.0,0.1,,,97.0,85.0,139.0,132.0,,279.0,172.0,,,4.0,263207.0,,,,,,,,273.0,946.0,0.0,,0.0,,1.0,3027.0,,,,,,,,,,,,,,,,,,,,,,,,,,0.0,3.192,0.0,,,,2674.0,,,110.0,205.0,3.213,,,,,,,,,,,,""
12695192133,"Oct 19, 2024, 5:59:21 PM",Afternoon Walk,Walk,,2059,3.41,,,false,,,activities/12695192133.gpx,,,2059.0,1793.0,3418.3,29.062,1.906,9.0,9.0,176.6,185.6,6.5,-0.1,,,,,,,,,,,,,,,,,,,,,,,,,0.0,,1.0,,,,,,,,,,,,,,,,,,,,,,,,,,,0.0,1.66,553.2,,,,2674.0,,,,,,,,,,,,,,,,,""
12695008211,"Oct 19, 2024, 4:44:20 PM",Lunch Run,Run,,2138,8.04,199.0,135,false,,,activities/13535297872.fit.gz,,,2138.0,2138.0,8047.3,6.196,3.764,28.0,25.0,183.0,195.6,7.9,0.0,,,106.0,89.0,199.0,182.0,,325.0,511.0,,,135.0,694896.0,,,,,,,,327.0,2139.0,,,0.0,,1.0,8098.3,,,,,,,,,,,,,,,,,,,,,,,,,,0.0,3.764,1490.6,,,,6346.0,,,359.0,246.0,3.788,,,,,,,,,,,,""
12695007810,"Oct 19, 2024, 3:26:33 PM",Lunch Run,Run,,691,2.00,183.0,18,false,,,activities/13535297433.fit.gz,,,691.0,597.0,2006.8,4.656,3.361,1.0,2.0,180.6,183.6,5.0,0.0,,,90.0,85.0,183.0,158.0,,298.0,125.0,,,18.0,177171.0,,,,,,,,277.0,693.0,,,0.0,,1.0,2015.1,,,,,,,,,,,,,,,,,,,,,,,,,,0.0,2.904,16.3,,,,1672.0,,,83.0,208.0,3.375,,,,,,,,,,,,""
12695007330,"Oct 17, 2024, 9:25:04 PM",Afternoon Run,Run,,1554,4.58,165.0,9,false,,,activities/13535296895.fit.gz,,,1554.0,1465.0,4581.3,4.416,3.127,0.0,0.0,0.0,0.0,0.0,0.0,,,120.0,83.0,165.0,132.0,,257.0,226.0,,,9.0,399120.0,,,,,,,,277.0,1555.0,,,0.0,,1.0,4580.9,,,,,,,,,,,,,,,,,,,,,,,,,,0.0,2.948,0.0,,,,3804.0,,,187.0,208.0,,,,,,,,,,,,,""
12673932064,"Oct 16, 2024, 9:44:00 PM",2km Walk,Run,"",1200,2.00,,,false,,,,,,1200.0,1200.0,2000.0,,1.667,,,,,,0.0,,,,,,,,,,,,,,,,,,,,,,,,,0.0,,0.0,,,,,,,,,,,,,,,,,,,,,,,,,,,0.0,1.667,0.0,,,,,,,,,,,,,,,,,,,,,""
12673894815,"Oct 16, 2024, 10:21:55 PM",Easy + 1 stride,Run,"",3307,10.00,141.0,14,false,,,activities/13512633098.fit.gz,,,3307.0,3125.0,10008.4,3.88,3.203,0.0,0.0,0.0,0.0,0.0,0.0,,,88.0,82.0,141.0,129.0,,266.0,433.0,,,14.0,878673.0,,,,,,,,276.0,3308.0,0.0,,0.0,,1.0,10004.4,,,,,,,,,,,,,,,,,,,,,,,,,,0.0,3.026,0.0,,,,8576.0,,,396.0,208.0,,,,,,,,,,,,,""
12666199776,"Oct 15, 2024, 9:32:00 PM",Wu + CD,Run,"",756,2.10,,,false,,,,,,756.0,756.0,2100.0,,2.778,,,,,,0.0,,,,,,,,,,,,,,,,,,,,,,,,,0.0,,0.0,,,,,,,,,,,,,,,,,,,,,,,,,,,0.0,2.778,0.0,,,,,,,,,,,,,,,,,,,,,""
12666051421,"Oct 15, 2024, 7:23:50 PM",Progressive tempo,Run,"",2701,9.90,174.0,89,false,,,activities/13504266458.fit.gz,,,2701.0,2701.0,9900.9,4.73,3.666,0.0,0.0,0.0,0.0,0.0,0.0,,,93.0,86.0,174.0,159.0,,315.0,577.0,,,89.0,850591.0,,,,,,,,314.0,2702.0,0.0,,0.0,,1.0,9896.9,,,,,,,,,,,,,,,,,,,,,,,,,,0.0,3.666,0.0,,,,7746.0,,,418.0,236.0,,,,,,,,,,,,,""
12657321975,"Oct 14, 2024, 9:10:00 PM",Easy,Run,Cảm ơn bác Thắng ạ,3000,10.00,,,false,,,,,,3000.0,3000.0,10000.0,,3.333,,,,,,0.0,,,,,,,,,,,,,,,,,,,,,,,,,0.0,,0.0,,,,,,,,,,,,,,,,,,,,,,,,,,,0.0,3.333,0.0,,,,,,,,,,,,,,,,,,,,,media/2AC98CB1-8706-461D-99AE-D269697E44EB.jpg|media/B6E82B51-E672-451D-8774-B0D78AE03C14.mp4
12656722426,"Oct 14, 2024, 9:59:11 PM",Walk back to dorm,Run,,905,1.18,,,false,,,activities/12656722426.gpx,,,905.0,719.0,1179.3,3.635,1.64,3.3,3.3,177.6,181.9,9.0,-0.2,,,,,,,,,,,,,,,,,,,,,,,,,0.0,,1.0,1183.0,,,,,,,,,,,,,,,,,,,,,,,,,,0.0,1.303,0.0,,,,1612.0,,,,,1.645,,,,,,,,,,,,""
12656381976,"Oct 14, 2024, 8:52:46 PM",Walk to UB Alumni Arena,Run,"",907,1.15,,,false,,,activities/12656381976.gpx,,,907.0,700.0,1156.5,3.048,1.652,4.1,2.6,177.7,181.9,5.9,0.1,,,,,,,,,,,,,,,,,,,,,,,0.0,,0.0,,1.0,1169.4,,,,,,,,,,,,,,,,,,,,,,,,,,0.0,1.275,0.0,,,,1594.0,,,,,1.671,,,,,,,,,,,,""
12649678955,"Oct 13, 2024, 6:20:00 PM",Walk after run + gym,Run,"",1560,2.60,,,false,"",,,,,1560.0,1560.0,2600.0,,1.667,,,,,,0.0,,,,,,,,,,,,,,,,,,,,,,,,,0.0,,0.0,,,,,,,,,,,,,,,,,,,,,,,,,,,0.0,1.667,0.0,,,,,,,,,,,,,,,,,,,,,""
12649168037,"Oct 13, 2024, 6:52:52 PM",Long run on the treadmill because of the cold 9 - 11,Run,I’m dead,8124,24.66,182.0,142,false,,,activities/13486157383.fit.gz,,,8124.0,7200.0,24660.0,4.146,3.425,0.0,0.0,0.0,0.0,0.0,0.0,,,93.0,86.0,182.0,143.0,,249.0,1272.0,,,142.0,2027377.0,,,,,,,,276.0,7766.0,0.0,,0.0,,1.0,23663.1,,,,,,,,,,,,,,,,,,,,,,,,,,0.0,3.035,0.0,,,,20712.0,,,931.0,208.0,,,,,,,,,,,,,""
12641782256,"Oct 12, 2024, 6:54:00 PM",Quen ấn đồng hồ :(,Run,"",504,1.40,,,false,,,,,,504.0,504.0,1400.0,,2.778,,,,,,0.0,,,,,,,,,,,,,,,,,,,,,,,,,0.0,,0.0,,,,,,,,,,,,,,,,,,,,,,,,,,,0.0,2.778,0.0,,,,,,,,,,,,,,,,,,,,,""
12640125951,"Oct 12, 2024, 6:38:12 PM",Easy,Run,"",4403,10.60,170.0,60,false,,,activities/13476426774.fit.gz,,,4403.0,4301.0,10600.8,6.08,2.465,29.0,27.0,170.0,179.6,14.0,0.0,,,125.0,76.0,170.0,139.0,,206.0,672.0,,,60.0,878992.0,,,,,,,,235.0,4404.0,0.0,,0.0,,1.0,10701.2,,,,,,,,,,,,,,,,,,,,,,,,,,0.0,2.408,269.7,,,,10654.0,,,382.0,177.0,2.488,,,,,,,,,,,,""
12637361170,"Oct 11, 2024, 10:05:00 PM",WU + CD,Run,"",2160,6.00,,,false,,,,,,2160.0,2160.0,6000.0,,2.778,,,,,,0.0,,,,,,,,,,,,,,,,,,,,,,,0.0,,0.0,,0.0,,,,,,,,,,,,,,,,,,,,,,,,,,,0.0,2.778,0.0,,,,,,,,,,,,,,,,,,,,,""
12637327862,"Oct 11, 2024, 9:57:43 PM",3x800@3:20,Run,"",1256,2.61,169.0,8,false,,,activities/13473388538.fit.gz,,,1256.0,936.0,2612.3,6.87,2.791,20.0,23.0,172.6,179.2,24.3,0.0,,,108.0,79.0,169.0,136.0,,223.0,152.0,,,8.0,190440.0,,,,,,,,259.0,1258.0,0.0,,0.0,,1.0,2693.8,,,,,,,,,,,,,,,,,,,,,,,,,,0.0,2.08,0.0,,,,2166.0,,,132.0,195.0,2.878,,,,,,,,,,,,""
12637328275,"Oct 11, 2024, 9:19:16 PM",Easy WU,Run,"",1920,6.01,176.0,41,false,,,activities/13473388945.fit.gz,,,1920.0,1915.0,6013.0,5.772,3.14,39.0,42.0,168.2,178.6,37.9,-0.1,,,98.0,84.0,176.0,150.0,,266.0,372.0,,,41.0,509977.0,,,,,,,,279.0,1922.0,0.0,,0.0,,1.0,6194.1,,,,,,,,,,,,,,,,,,,,,,,,,,0.0,3.132,26.6,,,,5210.0,,,235.0,210.0,3.235,,,,,,,,,,,,""
12629175730,"Oct 10, 2024, 9:59:08 PM",Strides,Run,"",177,0.43,123.0,0,false,"",,activities/13464596806.fit.gz,,,177.0,168.0,434.8,8.098,2.588,0.0,0.0,182.6,184.0,4.1,0.0,,,112.0,71.0,123.0,109.0,,171.0,19.0,,,0.0,28920.0,,,,,,,,187.0,178.0,,,0.0,,1.0,437.7,,,,,,,,,,,,,,,,,,,,,,,,,,0.0,2.457,0.0,,,,364.0,,,9.0,141.0,2.605,,,,,,,,,,,,""
12629175818,"Oct 10, 2024, 9:18:01 PM",Easy,Run,"",2283,6.39,151.0,11,false,"",,activities/13464596826.fit.gz,,,2283.0,2258.0,6390.6,4.87,2.83,20.0,15.0,178.2,190.8,13.4,0.1,,,115.0,81.0,151.0,127.0,,244.0,348.0,,,11.0,524157.0,,,,,,,,262.0,2284.0,,,0.0,,1.0,6437.8,,,,,,,,,,,,,,,,,,,,,,,,,,0.0,2.799,38.9,,,,5818.0,,,246.0,197.0,2.851,,,,,,,,,,,,""
12637402492,"Oct 9, 2024, 2:09:59 PM",Easy on treadmill,Run,"",4320,12.00,,,false,,,,,,4320.0,4320.0,12000.0,,2.778,,,,,,0.0,,,,,,,,,,,,,,,,,,,,,,,,,0.0,,0.0,,,,,,,,,,,,,,,,,,,,,,,,,,,0.0,2.778,0.0,,,,,,,,,,,,,,,,,,,,,""
12629175354,"Oct 8, 2024, 10:00:00 PM",2km fast,Run,"",2304,4.34,172.0,12,false,"",,activities/13464596340.fit.gz,,,2304.0,2094.0,4340.9,12.366,2.073,17.0,14.0,166.4,172.2,21.2,0.1,,,118.0,69.0,172.0,123.0,,165.0,247.0,,,12.0,313245.0,,,,,,,,226.0,2305.0,,,0.0,,1.0,4398.1,,,,,,,,,,,,,,,,,,,,,,,,,,0.0,1.884,0.0,,,,4416.0,,,184.0,170.0,2.1,,,,,,,,,,,,""
12629174688,"Oct 8, 2024, 9:39:35 PM",Warm up,Run,"",988,3.00,167.0,25,false,"",,activities/13464595703.fit.gz,,,988.0,988.0,3000.1,4.328,3.037,1.0,3.0,170.6,172.8,5.8,0.0,,,122.0,84.0,167.0,153.0,,261.0,193.0,,,25.0,257696.0,,,,,,,,263.0,989.0,,,0.0,,1.0,3009.8,,,,,,,,,,,,,,,,,,,,,,,,,,0.0,3.037,0.0,,,,2748.0,,,107.0,198.0,3.046,,,,,,,,,,,,""
12649682695,"Oct 7, 2024, 6:20:00 PM",45' on the bike before Core,Ride,"",2700,18.56,,,false,"",,,,,2700.0,2700.0,18560.0,,6.874,,,,,,0.0,,,,,,,,,,,,,,,,,,,,,,,,,0.0,,0.0,,,,,,,,,,,,,,,,,,,,,,,,,,,0.0,6.874,0.0,,,,,,,,,,,,,,,,,,,,,""
12601200142,"Oct 7, 2024, 10:08:32 PM",Core,Weight Training,"",1899,0,114.0,2,false,,,activities/13434699186.fit.gz,,,1899.0,1899.0,0.0,0.0,0.0,0.0,0.0,0.0,0.0,0.0,0.0,,,,,114.0,79.0,,,76.0,,,2.0,,,,,,,,,,,0.0,,0.0,,1.0,,,,,,,,,,,,,,,,,,,,,,,,,,,0.0,0.0,0.0,,,,,,,,,,,8.0,,,,,,,,,,""
12593001621,"Oct 6, 2024, 5:57:58 PM",Workout in the gym,Run,"7km easy WU
5 km at 4:15
2km Cd",5040,14.00,,,false,,,,,,5040.0,5040.0,14000.0,,2.778,,,,,,0.0,,,,,,,,,,,,,,,,,,,,,,,,,0.0,,0.0,,,,,,,,,,,,,,,,,,,,,,,,,,,0.0,2.778,0.0,,,,,,,,,,,,,,,,,,,,,""
12591104140,"Oct 5, 2024, 10:50:53 PM",Run and jog back for Milk Tea,Run,"",1709,1.51,166.0,4,false,"",,activities/13423887486.fit.gz,,,1709.0,1162.0,1515.0,4.53,1.304,12.0,7.0,179.2,187.8,35.1,0.0,,,90.0,72.0,166.0,121.0,,164.0,114.0,,,4.0,111288.0,,,,,,,,172.0,1268.0,,,0.0,,1.0,1551.3,,,,,,,,,,,,,,,,,,,,,,,,,,0.0,0.886,0.0,,,,1562.0,,,58.0,129.0,1.335,,,,,,,,,,,,""
12591103368,"Oct 5, 2024, 1:49:49 PM",1 km jog,Run,"",381,1.00,153.0,3,false,"",,activities/13423886719.fit.gz,,,381.0,378.0,1002.9,4.166,2.653,4.0,2.0,193.0,197.2,12.7,0.2,,,89.0,83.0,153.0,130.0,,230.0,62.0,,,3.0,85291.0,,,,,,,,233.0,382.0,,,0.0,,1.0,1015.9,,,,,,,,,,,,,,,,,,,,,,,,,,0.0,2.632,0.0,,,,998.0,,,32.0,175.0,2.688,,,,,,,,,,,,""
12568244492,"Oct 3, 2024, 9:18:43 PM",Easy run However stomach issue,Run,"",3348,7.17,165.0,30,false,"",,activities/13400202715.fit.gz,,,3348.0,2682.0,7173.9,5.266,2.675,11.0,9.0,177.8,183.8,19.3,0.0,,,125.0,80.0,165.0,136.0,,221.0,432.0,,,30.0,589405.0,,,,,,,,232.0,3010.0,,,0.0,,1.0,7218.0,,,,,,,,,,,,,,,,,,,,,,,,,,0.0,2.143,21.1,,,,6876.0,,,253.0,174.0,2.691,,,,,,,,,,,,""
12568243551,"Oct 3, 2024, 9:10:30 PM",jog to the track,Run,"",223,0.62,160.0,4,false,"",,activities/13400201800.fit.gz,,,223.0,223.0,623.9,4.19,2.798,4.0,2.0,182.0,186.6,8.8,0.3,,,89.0,84.0,160.0,147.0,,243.0,41.0,,,4.0,53699.0,,,,,,,,235.0,224.0,,,0.0,,1.0,634.6,,,,,,,,,,,,,,,,,,,,,,,,,,0.0,2.798,37.8,,,,616.0,,,19.0,177.0,2.846,,,,,,,,,,,,""
12560550743,"Oct 2, 2024, 10:04:59 PM",Easy,Run,"",4188,12.00,164.0,85,false,,,activities/13391966220.fit.gz,,,4188.0,4173.0,12005.0,4.486,2.877,34.0,23.0,176.8,186.6,11.8,0.0,,,122.0,84.0,164.0,148.0,,247.0,761.0,,,85.0,1030639.0,,,,,,,,255.0,4189.0,0.0,,0.0,,1.0,12082.8,,,,,,,,,,,,,,,,,,,,,,,,,,0.0,2.867,241.3,,,,11588.0,,,428.0,192.0,2.895,,,,,,,,,,,,""
12592991924,"Oct 1, 2024, 7:00:22 PM",Walk to the track and more CD,Run,"",1200,2.00,,,false,,,,,,1200.0,1200.0,2000.0,,1.667,,,,,,0.0,,,,,,,,,,,,,,,,,,,,,,,,,0.0,,0.0,,,,,,,,,,,,,,,,,,,,,,,,,,,0.0,1.667,,,,,,,,,,,,,,,,,,,,,,""
12552095768,"Oct 1, 2024, 10:22:14 PM",CD,Run,"",1279,1.87,169.0,17,false,"",,activities/13382948122.fit.gz,,,1279.0,632.0,1875.2,5.16,2.967,2.0,2.0,181.6,184.4,10.9,0.0,,,93.0,87.0,169.0,155.0,,259.0,122.0,,,17.0,162409.0,,,,,,,,239.0,823.0,,,0.0,,1.0,1882.9,,,,,,,,,,,,,,,,,,,,,,,,,,0.0,1.466,0.0,,,,1790.0,,,73.0,180.0,2.979,,,,,,,,,,,,""
12551938547,"Oct 1, 2024, 10:00:30 PM",2x1k @3:25 gay~,Run,"",679,2.41,193.0,17,false,"",,activities/13382783027.fit.gz,,,679.0,642.0,2415.3,6.164,3.762,0.0,0.0,179.0,180.6,10.0,0.0,,,97.0,92.0,193.0,160.0,,385.0,139.0,,,17.0,197290.0,,,,,,,,347.0,680.0,,,0.0,,1.0,2423.3,,,,,,,,,,,,,,,,,,,,,,,,,,0.0,3.557,0.0,,,,1548.0,,,128.0,261.0,3.775,,,,,,,,,,,,""
12551782338,"Oct 1, 2024, 9:34:06 PM",WU,Run,"",1111,3.01,165.0,27,false,"",,activities/13382619372.fit.gz,,,1111.0,1053.0,3009.2,4.996,2.858,5.0,2.0,179.2,182.4,7.8,0.0,,,93.0,87.0,165.0,154.0,,244.0,200.0,,,27.0,257111.0,,,,,,,,239.0,1111.0,,,0.0,,1.0,3026.4,,,,,,,,,,,,,,,,,,,,,,,,,,0.0,2.709,0.0,,,,3040.0,,,99.0,180.0,2.874,,,,,,,,,,,,""
12543915730,"Sep 30, 2024, 9:29:58 PM",45’ on the bike,Ride,"",2700,17.60,,,false,,,,,,2700.0,2700.0,17600.0,,6.519,,,,,,0.0,,,,,,,,,,,,,,,,,,,,,,,,,0.0,,0.0,,,,,,,,,,,,,,,,,,,,,,,,,,,0.0,6.519,0.0,,,,,,,,,,,,,,,,,,,,,""
12543905950,"Sep 30, 2024, 10:26:05 PM",Core + Mobility,Weight Training,"",1562,0,116.0,2,false,,,activities/13374206739.fit.gz,,,1562.0,1562.0,0.0,0.0,0.0,0.0,0.0,0.0,0.0,0.0,0.0,,,,,116.0,74.0,,,55.0,,,2.0,,,,,,,,,,,0.0,,0.0,,1.0,,,,,,,,,,,,,,,,,,,,,,,,,,,0.0,0.0,0.0,,,,,,,,,,,14.0,,,,,,,,,,""
12543905755,"Sep 29, 2024, 3:07:27 PM",Lunch Run,Run,,3179,8.00,169.0,45,false,,,activities/13374206448.fit.gz,,,3179.0,3166.0,8005.0,6.352,2.528,17.0,12.0,173.8,180.6,14.5,0.1,,,115.0,81.0,169.0,142.0,,209.0,522.0,,,45.0,654869.0,,,,,,,,228.0,3180.0,,,0.0,,1.0,8076.6,,,,,,,,,,,,,,,,,,,,,,,,,,0.0,2.518,226.9,,,,8408.0,,,258.0,171.0,2.551,,,,,,,,,,,,""
12543904724,"Sep 29, 2024, 2:49:58 PM",Morning Run,Run,,1016,1.99,153.0,5,false,,,activities/13374205367.fit.gz,,,1016.0,989.0,1998.5,3.834,2.021,1.0,4.0,176.6,181.6,9.5,-0.2,,,119.0,72.0,153.0,121.0,,155.0,129.0,,,5.0,154008.0,,,,,,,,177.0,1017.0,,,0.0,,1.0,2004.3,,,,,,,,,,,,,,,,,,,,,,,,,,0.0,1.967,0.0,,,,2356.0,,,50.0,133.0,2.027,,,,,,,,,,,,""
12518936976,"Sep 27, 2024, 10:22:28 PM",Evening Run,Run,,1015,2.06,180.0,5,false,,,activities/13347517008.fit.gz,,,1015.0,820.0,2061.7,6.15,2.514,3.0,5.0,177.0,180.0,10.4,-0.1,,,97.0,86.0,180.0,130.0,,257.0,117.0,,,5.0,150972.0,,,,,,,,276.0,1017.0,,,0.0,,1.0,2074.0,,,,,,,,,,,,,,,,,,,,,,,,,,0.0,2.031,0.0,,,,1608.0,,,121.0,208.0,2.529,,,,,,,,,,,,""
12518795753,"Sep 27, 2024, 10:02:06 PM",Evening Run,Run,,381,0.99,156.0,3,false,,,activities/13347367942.fit.gz,,,381.0,359.0,996.8,3.798,2.777,2.0,1.0,180.6,183.2,20.2,0.2,,,91.0,85.0,156.0,132.0,,234.0,64.0,,,3.0,84344.0,,,,,,,,233.0,382.0,,,0.0,,1.0,1013.8,,,,,,,,,,,,,,,,,,,,,,,,,,0.0,2.616,0.0,,,,1000.0,,,32.0,175.0,2.824,,,,,,,,,,,,""
12512386497,"Sep 26, 2024, 11:37:24 PM","Walk from dorm to track , track to dorm",Run,"",1440,2.00,,,false,,,,,,1440.0,1440.0,2000.0,,1.389,,,,,,0.0,,,,,,,,,,,,,,,,,,,,,,,,,0.0,,0.0,,,,,,,,,,,,,,,,,,,,,,,,,,,0.0,1.389,0.0,,,,,,,,,,,,,,,,,,,,,""
12512371597,"Sep 26, 2024, 9:20:09 PM",Other easy run but not mine,Run,"",2819,10.00,185.0,153,false,,,activities/13340478726.fit.gz,,,2819.0,2769.0,10001.2,4.75,3.612,22.0,22.0,175.2,185.4,8.7,0.0,,,94.0,89.0,185.0,174.0,,314.0,632.0,,,153.0,865956.0,,,,,,,,310.0,2821.0,0.0,,0.0,,1.0,10040.5,,,,,,,,,,,,,,,,,,,,,,,,,,0.0,3.548,45.7,,,,8182.0,,,425.0,233.0,3.626,,,,,,,,,,,,""
12512370414,"Sep 25, 2024, 10:11:21 PM",Easy,Run,Too lazy for 10k,3978,9.68,157.0,25,false,,,activities/13340477475.fit.gz,,,3978.0,3963.0,9688.9,8.068,2.445,18.0,20.0,171.0,180.0,11.6,0.0,,,124.0,78.0,157.0,126.0,,201.0,580.0,,,25.0,782954.0,,,,,,,,228.0,3979.0,0.0,,0.0,,1.0,9759.0,,,,,,,,,,,,,,,,,,,,,,,,,,0.0,2.436,239.1,,,,10084.0,,,324.0,171.0,2.463,,,,,,,,,,,,""
12501026172,"Sep 24, 2024, 10:37:00 PM",CD,Run,"3km CD
2km Walk",2100,5.00,,,false,,,,,,2100.0,2100.0,5000.0,,2.381,,,,,,0.0,,,,,,,,,,,,,,,,,,,,,,,,,0.0,,0.0,,,,,,,,,,,,,,,,,,,,,,,,,,,0.0,2.381,0.0,,,,,,,,,,,,,,,,,,,,,""
12496952653,"Sep 24, 2024, 9:32:24 PM",Workout,Run,"3km threshold @4:00 
5x800@ 3:27
400m @72 
 ",3001,8.01,168.0,28,false,"",,activities/13324048945.fit.gz,,,3001.0,2762.0,8010.0,6.27,2.9,2.0,3.0,180.0,183.0,10.3,0.0,,,99.0,91.0,168.0,141.0,,335.0,463.0,,,28.0,659668.0,,,,,,,,326.0,2911.0,0.0,,0.0,,1.0,8035.0,,,,,,,,,,,,,,,,,,,,,,,,,,0.0,2.669,0.0,,,,5926.0,,,485.0,245.0,2.909,,,,,,,,,,,,""
12495709234,"Sep 24, 2024, 9:14:27 PM",WU,Run,"",680,1.99,152.0,7,false,,,activities/13322750390.fit.gz,,,680.0,654.0,1995.6,3.964,3.051,0.0,2.0,180.8,182.8,5.0,0.0,,,95.0,88.0,152.0,139.0,,271.0,119.0,,,7.0,177220.0,,,,,,,,261.0,681.0,0.0,,0.0,,1.0,2001.2,,,,,,,,,,,,,,,,,,,,,,,,,,0.0,2.935,0.0,,,,1912.0,,,72.0,196.0,3.06,,,,,,,,,,,,""
12495608354,"Sep 23, 2024, 9:43:25 PM",15.1km in 40’ + 30’ core,Ride,"",2468,0,112.0,5,false,,,activities/13322642763.fit.gz,,,2468.0,2468.0,0.0,0.0,0.0,0.0,0.0,0.0,0.0,0.0,0.0,,,,,112.0,93.0,,,155.0,,,5.0,,,,,,,,,,,0.0,,0.0,,1.0,,,,,,,,,,,,,,,,,,,,,,,,,,,0.0,0.0,0.0,,,,,,,,,,,,,,,,,,,,,""
12501135436,"Sep 22, 2024, 2:54:00 PM",Walk,Run,"",1440,2.00,,,false,,,,,,1440.0,1440.0,2000.0,,1.389,,,,,,0.0,,,,,,,,,,,,,,,,,,,,,,,,,0.0,,0.0,,,,,,,,,,,,,,,,,,,,,,,,,,,0.0,1.389,0.0,,,,,,,,,,,,,,,,,,,,,""
12501131557,"Sep 22, 2024, 2:52:00 PM",Morning Run,Run,"",2520,7.00,,,false,,,,,,2520.0,2520.0,7000.0,,2.778,,,,,,0.0,,,,,,,,,,,,,,,,,,,,,,,,,0.0,,0.0,,,,,,,,,,,,,,,,,,,,,,,,,,,0.0,2.778,0.0,,,,,,,,,,,,,,,,,,,,,""
12495608079,"Sep 22, 2024, 2:04:05 PM",Dẫn mẹ đi South Campus,Run,"",3178,4.75,146.0,9,false,,,activities/13322642319.fit.gz,,,3178.0,2856.0,4749.6,3.86,1.663,24.0,25.0,203.6,215.8,25.3,0.0,,,94.0,71.0,146.0,116.0,,128.0,282.0,,,9.0,332994.0,,,,,,,,148.0,3139.0,0.0,,0.0,,1.0,4821.6,,,,,,,,,,,,,,,,,,,,,,,,,,0.0,1.495,5.1,,,,6008.0,,,107.0,111.0,1.688,,,,,,,,,,,,""
12501107172,"Sep 21, 2024, 2:49:00 PM",Walk around campus với mẹ,Run,"",5040,14.00,,,false,,,,,,5040.0,5040.0,14000.0,,2.778,,,,,,0.0,,,,,,,,,,,,,,,,,,,,,,,,,0.0,,0.0,,,,,,,,,,,,,,,,,,,,,,,,,,,0.0,2.778,0.0,,,,,,,,,,,,,,,,,,,,,""
12462137735,"Sep 20, 2024, 10:17:08 PM",CD,Run,"",245,0.44,154.0,1,false,,,activities/13286880675.fit.gz,,,245.0,204.0,444.8,3.354,2.18,0.0,2.0,181.0,182.4,9.6,0.3,,,93.0,87.0,154.0,138.0,,195.0,32.0,,,1.0,36961.0,,,,,,,,174.0,246.0,0.0,,0.0,,1.0,450.2,,,,,,,,,,,,,,,,,,,,,,,,,,0.0,1.815,0.0,,,,534.0,,,11.0,131.0,2.207,,,,,,,,,,,,""
12461862506,"Sep 20, 2024, 9:37:18 PM",Fartlek 200 fast 200 slow,Run,"",1353,3.59,184.0,23,false,,,activities/13286588278.fit.gz,,,1353.0,1136.0,3592.0,7.138,3.162,2.0,2.0,180.6,183.0,13.5,0.0,,,107.0,92.0,184.0,154.0,,304.0,229.0,,,23.0,273286.0,,,,,,,,277.0,1355.0,0.0,,0.0,,1.0,3616.7,,,,,,,,,,,,,,,,,,,,,,,,,,0.0,2.655,0.0,,,,2702.0,,,163.0,208.0,3.184,,,,,,,,,,,,""
12461712763,"Sep 20, 2024, 9:14:47 PM",Easy,Run,"",1010,3.01,176.0,29,false,,,activities/13286428754.fit.gz,,,1010.0,1004.0,3009.3,4.89,2.997,7.0,7.0,179.0,185.0,6.6,0.0,,,95.0,86.0,176.0,156.0,,251.0,197.0,,,29.0,251626.0,,,,,,,,256.0,1011.0,0.0,,0.0,,1.0,3024.3,,,,,,,,,,,,,,,,,,,,,,,,,,0.0,2.979,27.2,,,,2842.0,,,103.0,192.0,3.012,,,,,,,,,,,,""
12501090906,"Sep 20, 2024, 2:47:00 PM",CD + 2 km walk,Run,"",1875,5.00,,,false,,,,,,1875.0,1875.0,5000.0,,2.667,,,,,,0.0,,,,,,,,,,,,,,,,,,,,,,,,,0.0,,0.0,,,,,,,,,,,,,,,,,,,,,,,,,,,0.0,2.667,0.0,,,,,,,,,,,,,,,,,,,,,""
12454984982,"Sep 19, 2024, 9:21:36 PM",11km easy last 2 pickup,Run,"",3687,11.00,183.0,86,false,,,activities/13279205579.fit.gz,,,3687.0,3663.0,11006.5,5.248,3.005,28.0,25.0,171.2,181.2,12.1,0.0,,,123.0,87.0,183.0,152.0,,259.0,693.0,,,86.0,935419.0,,,,,,,,269.0,3689.0,0.0,,0.0,,1.0,11096.3,,,,,,,,,,,,,,,,,,,,,,,,,,0.0,2.985,302.6,,,,10286.0,,,418.0,202.0,3.029,,,,,,,,,,,,""
12446522447,"Sep 18, 2024, 10:09:44 PM",Easy run,Run,"",4444,12.32,171.0,82,false,,,activities/13270168101.fit.gz,,,4444.0,4372.0,12320.3,9.78,2.818,30.0,28.0,171.6,182.0,15.4,0.0,,,125.0,85.0,171.0,147.0,,240.0,783.0,,,82.0,1041649.0,,,,,,,,247.0,4445.0,0.0,,0.0,,1.0,12414.9,,,,,,,,,,,,,,,,,,,,,,,,,,0.0,2.772,276.2,,,,12226.0,,,426.0,186.0,2.84,,,,,,,,,,,,""
12437192764,"Sep 17, 2024, 10:18:31 PM",Interval (6x800@3:25 400@3:12),Run,feel like threshold but still ...,2495,5.87,193.0,39,false,"",,activities/13260236703.fit.gz,,,2495.0,2203.0,5877.4,6.132,2.668,5.0,7.0,172.2,177.4,8.7,-0.1,,,104.0,92.0,193.0,155.0,,321.0,407.0,,,39.0,456976.0,,,,,,,,303.0,2487.0,0.0,,0.0,,1.0,5895.5,,,,,,,,,,,,,,,,,,,,,,,,,,0.0,2.356,0.0,,,,4374.0,,,358.0,228.0,2.676,,,,,,,,,,,,""
12436916387,"Sep 17, 2024, 10:07:08 PM",WU,Run,"",487,1.00,169.0,5,false,,,activities/13259949735.fit.gz,,,487.0,308.0,1004.3,4.272,3.261,0.0,0.0,175.2,177.4,4.3,-0.1,,,94.0,90.0,169.0,140.0,,282.0,56.0,,,5.0,87183.0,,,,,,,,233.0,488.0,0.0,,0.0,,1.0,1006.1,,,,,,,,,,,,,,,,,,,,,,,,,,0.0,2.062,0.0,,,,924.0,,,41.0,175.0,3.267,,,,,,,,,,,,""
12436888650,"Sep 16, 2024, 10:15:39 PM",Core + Mobility,Weight Training,"",2008,0.21,119.0,4,false,,,activities/13259920702.fit.gz,,,2008.0,2008.0,210.4,2.08,0.105,0.0,0.0,176.8,179.6,42.1,-0.5,,,80.0,50.0,119.0,89.0,,6.0,113.0,,,4.0,12925.0,,,,,,,,26.0,2009.0,0.0,,0.0,,1.0,210.2,,,,,,,,,,,,,,,,,,,,,,,,,,0.0,0.105,0.0,,,,634.0,,,2.0,20.0,0.105,,,,,,,,,,,,""
12501144242,"Sep 15, 2024, 2:55:00 PM",Not technically a longrun,Run,"",5180,14.00,,,false,,,,,,5180.0,5180.0,14000.0,,2.703,,,,,,0.0,,,,,,,,,,,,,,,,,,,,,,,,,0.0,,0.0,,,,,,,,,,,,,,,,,,,,,,,,,,,0.0,2.703,0.0,,,,,,,,,,,,,,,,,,,,,""
12411326418,"Sep 14, 2024, 8:24:15 PM",Easy,Run,"",4185,11.00,182.0,61,false,,,activities/13232610938.fit.gz,,,4185.0,4149.0,11003.2,5.144,2.652,26.0,26.0,176.0,182.0,14.8,0.0,,,123.0,79.0,182.0,142.0,,217.0,679.0,,,61.0,890665.0,,,,,,,,248.0,4186.0,0.0,,0.0,,1.0,11092.0,,,,,,,,,,,,,,,,,,,,,,,,,,0.0,2.629,242.7,,,,10668.0,,,403.0,186.0,2.673,,,,,,,,,,,,""
12411404931,"Sep 13, 2024, 10:43:00 PM",Evening Run,Run,3km @4:30,3384,9.40,,,false,4km up lại + 5 km at UB running club,,,,,3384.0,3384.0,9400.0,,2.778,,,,,,0.0,,,,,,,,,,,,,,,,,,,,,,,,,0.0,,0.0,,,,,,,,,,,,,,,,,,,,,,,,,,,0.0,2.778,0.0,,,,,,,,,,,,,,,,,,,,,""
12402852174,"Sep 13, 2024, 9:51:41 PM",Run,Run,"",2491,4.42,160.0,14,false,,,activities/13223487875.fit.gz,,,2491.0,1893.0,4421.8,4.422,2.336,5.0,9.0,174.2,180.6,23.4,0.0,,,115.0,74.0,160.0,121.0,,185.0,252.0,,,14.0,349791.0,,,,,,,,211.0,2168.0,0.0,,0.0,,1.0,4455.5,,,,,,,,,,,,,,,,,,,,,,,,,,0.0,1.775,33.7,,,,4880.0,,,151.0,159.0,2.354,,,,,,,,,,,,""
12402851545,"Sep 13, 2024, 8:55:19 PM",Walk to the UB event,Run,"",721,1.20,125.0,2,false,,,activities/13223487263.fit.gz,,,721.0,708.0,1203.5,2.164,1.7,1.0,5.0,171.6,176.2,5.8,-0.4,,,65.0,63.0,125.0,108.0,,131.0,67.0,,,2.0,94012.0,,,,,,,,131.0,722.0,0.0,,0.0,,1.0,1203.1,,,,,,,,,,,,,,,,,,,,,,,,,,0.0,1.669,0.0,,,,1522.0,,,19.0,98.0,1.699,,,,,,,,,,,,""
12399456516,"Sep 12, 2024, 9:17:29 PM",Easy,Run,"",4149,10.00,183.0,123,false,,,activities/13219830584.fit.gz,,,4149.0,3769.0,10003.0,5.79,2.654,27.0,29.0,169.6,181.8,9.9,0.0,,,123.0,83.0,183.0,159.0,,218.0,684.0,,,123.0,817637.0,,,,,,,,233.0,3954.0,0.0,,0.0,,1.0,10076.4,,,,,,,,,,,,,,,,,,,,,,,,,,0.0,2.411,265.7,,,,10066.0,,,336.0,175.0,2.673,,,,,,,,,,,,""
12411412457,"Sep 11, 2024, 10:45:00 PM",Run at the gym,Run,Forgot to charge watch,3300,10.00,,,false,,,,,,3300.0,3300.0,10000.0,,3.03,,,,,,0.0,,,,,,,,,,,,,,,,,,,,,,,,,0.0,,0.0,,,,,,,,,,,,,,,,,,,,,,,,,,,0.0,3.03,0.0,,,,,,,,,,,,,,,,,,,,,""
12411417429,"Sep 10, 2024, 10:47:00 PM",Threshold + Cd,Run,"",2520,7.00,,,false,,,,,,2520.0,2520.0,7000.0,,2.778,,,,,,0.0,,,,,,,,,,,,,,,,,,,,,,,,,0.0,,0.0,,,,,,,,,,,,,,,,,,,,,,,,,,,0.0,2.778,0.0,,,,,,,,,,,,,,,,,,,,,""
12378801063,"Sep 10, 2024, 9:56:12 PM",Interval 4x400@3:00,Run,"",1010,1.82,181.0,10,false,,,activities/13197707824.fit.gz,,,1010.0,958.0,1828.4,6.926,1.909,0.0,0.0,178.4,180.2,6.2,0.0,,,103.0,95.0,181.0,152.0,,299.0,182.0,,,10.0,128556.0,,,,,,,,259.0,1011.0,0.0,,0.0,,1.0,1834.6,,,,,,,,,,,,,,,,,,,,,,,,,,0.0,1.81,0.0,,,,1268.0,,,106.0,195.0,1.915,,,,,,,,,,,,""
12378670804,"Sep 10, 2024, 9:38:47 PM",WU,Run,"",977,1.99,179.0,10,false,,,activities/13197571198.fit.gz,,,977.0,701.0,1995.8,7.568,2.847,4.0,5.0,176.0,183.4,6.6,-0.2,,,104.0,83.0,179.0,141.0,,237.0,116.0,,,10.0,156656.0,,,,,,,,231.0,978.0,0.0,,0.0,,1.0,2000.1,,,,,,,,,,,,,,,,,,,,,,,,,,0.0,2.043,0.0,,,,1756.0,,,82.0,174.0,2.853,,,,,,,,,,,,""
12378530618,"Sep 9, 2024, 10:46:59 PM",Core,Weight Training,"",1188,0.22,117.0,2,false,,,activities/13197423968.fit.gz,,,1188.0,1188.0,228.5,2.0,0.192,4.0,0.0,179.6,185.4,29.5,2.1,,,79.0,53.0,117.0,91.0,,12.0,70.0,,,2.0,14451.0,,,,,,,,39.0,1153.0,0.0,,0.0,,1.0,254.0,,,,,,,,,,,,,,,,,,,,,,,,,,0.0,0.192,0.0,,,,506.0,,,2.0,29.0,0.229,,,,,,,,,,,,""
12343095190,"Sep 5, 2024, 6:24:00 PM",WU + CD,Run,"",1080,3.00,,,false,,,,,,1080.0,1080.0,3000.0,,2.778,,,,,,0.0,,,,,,,,,,,,,,,,,,,,,,,,,0.0,,0.0,,,,,,,,,,,,,,,,,,,,,,,,,,,0.0,2.778,0.0,,,,,,,,,,,,,,,,,,,,,""
12337226102,"Sep 5, 2024, 9:52:03 PM",2x200 @2:36,Run,34 28 ,302,0.53,172.0,1,false,"",,activities/13153148513.fit.gz,,,302.0,264.0,538.2,7.938,2.039,1.0,0.0,178.6,182.2,6.7,0.4,,,109.0,94.0,172.0,136.0,,312.0,44.0,,,1.0,38974.0,,,,,,,,225.0,303.0,0.0,,0.0,,1.0,546.0,,,,,,,,,,,,,,,,,,,,,,,,,,0.0,1.782,0.0,,,,382.0,,,24.0,169.0,2.068,,,,,,,,,,,,""
12337225227,"Sep 5, 2024, 9:11:23 PM",Small tempo,Run,"",2024,7.00,194.0,106,false,,,activities/13153147560.fit.gz,,,2024.0,1921.0,7005.5,5.364,3.647,13.0,12.0,177.6,183.6,7.9,0.0,,,96.0,89.0,194.0,173.0,,316.0,444.0,,,106.0,606897.0,,,,,,,,309.0,2026.0,0.0,,0.0,,1.0,7046.4,,,,,,,,,,,,,,,,,,,,,,,,,,0.0,3.461,0.0,,,,5634.0,,,303.0,232.0,3.668,,,,,,,,,,,,""
12343142961,"Sep 3, 2024, 6:31:00 PM",WU + CD after tracks,Run,"",2688,6.40,,,false,,,,,,2688.0,2688.0,6400.0,,2.381,,,,,,0.0,,,,,,,,,,,,,,,,,,,,,,,,,0.0,,0.0,,,,,,,,,,,,,,,,,,,,,,,,,,,0.0,2.381,0.0,,,,,,,,,,,,,,,,,,,,,""
12319449223,"Sep 3, 2024, 10:05:24 PM",Second Interval at UB + 56 min walk ?_?,Run,"3x200 @ 2:36 
6x400 @ 3:02 

200s: 30 33 31 
400s: 69 66 70 76 74 78",2782,3.71,189.0,19,false,"",,activities/13133563696.fit.gz,,,2782.0,1816.0,3710.5,8.164,2.043,1.0,0.0,179.2,182.4,11.6,0.0,,,109.0,93.0,189.0,149.0,,320.0,337.0,,,19.0,268579.0,,,,,,,,258.0,2076.0,0.0,,0.0,,1.0,3737.7,,,,,,,,,,,,,,,,,,,,,,,,,,0.0,1.334,0.0,,,,2588.0,,,217.0,194.0,2.058,,,,,,,,,,,,""
12319058261,"Sep 2, 2024, 10:04:16 PM",Recovery 45’,Run,"",2616,6.19,160.0,26,false,,,activities/13133104518.fit.gz,,,2616.0,2564.0,6196.8,4.926,2.417,13.0,18.0,178.0,188.2,9.3,-0.1,,,100.0,81.0,160.0,134.0,,194.0,399.0,,,26.0,479224.0,,,,,,,,219.0,2617.0,0.0,,0.0,,1.0,6227.2,,,,,,,,,,,,,,,,,,,,,,,,,,0.0,2.369,43.3,,,,6430.0,,,197.0,165.0,2.429,,,,,,,,,,,,""
12302178321,"Sep 1, 2024, 9:13:00 PM",Treadmill run before core + strength,Run,"",3600,10.00,,,false,,,,,,3600.0,3600.0,10000.0,,2.778,,,,,,0.0,,,,,,,,,,,,,,,,,,,,,,,,,0.0,,0.0,,,,,,,,,,,,,,,,,,,,,,,,,,,0.0,2.778,0.0,,,,,,,,,,,,,,,,,,,,,""
12292202296,"Aug 31, 2024, 1:52:01 PM",Long run P2,Run,"",1967,4.00,164.0,17,false,,,activities/13103519700.fit.gz,,,1967.0,1930.0,4008.2,5.282,2.077,8.0,11.0,177.0,184.6,9.2,-0.1,,,125.0,71.0,164.0,128.0,,155.0,240.0,,,17.0,294457.0,,,,,,,,194.0,1969.0,0.0,,0.0,,1.0,4030.9,,,,,,,,,,,,,,,,,,,,,,,,,,0.0,2.038,35.5,,,,4506.0,,,116.0,146.0,2.089,,,,,,,,,,,,""
12292201569,"Aug 31, 2024, 12:13:37 PM",Long run,Run,"",5858,15.00,172.0,109,false,,,activities/13103518806.fit.gz,,,5858.0,5427.0,15006.9,5.006,2.765,37.0,39.0,180.4,190.2,30.6,0.0,,,122.0,84.0,172.0,147.0,,237.0,946.0,,,109.0,1267554.0,,,,,,,,242.0,5844.0,0.0,,0.0,,1.0,15121.2,,,,,,,,,,,,,,,,,,,,,,,,,,0.0,2.562,118.7,,,,14822.0,,,537.0,182.0,2.786,,,,,,,,,,,,""
12284427125,"Aug 30, 2024, 9:24:32 PM",Recovery,Run,"",3085,7.16,171.0,41,false,,,activities/13095384526.fit.gz,,,3085.0,3040.0,7160.2,5.794,2.355,28.0,24.0,175.4,187.0,28.9,0.0,,,120.0,77.0,171.0,141.0,,191.0,472.0,,,41.0,571602.0,,,,,,,,212.0,3087.0,0.0,,0.0,,1.0,7244.8,,,,,,,,,,,,,,,,,,,,,,,,,,0.0,2.321,0.0,,,,7486.0,,,217.0,159.0,2.383,,,,,,,,,,,,""
12284169511,"Aug 30, 2024, 9:17:35 PM",? RUN,Run,"",120,0.31,151.0,0,false,,,activities/13095117975.fit.gz,,,120.0,115.0,318.5,4.24,2.77,1.0,0.0,176.6,178.0,3.9,0.1,,,89.0,80.0,151.0,133.0,,246.0,19.0,,,0.0,28189.0,,,,,,,,236.0,121.0,0.0,,0.0,,1.0,320.4,,,,,,,,,,,,,,,,,,,,,,,,,,0.0,2.655,0.0,,,,292.0,,,10.0,177.0,2.786,,,,,,,,,,,,""
12277114984,"Aug 29, 2024, 9:15:55 PM",Tempo run,Run,"",3001,9.74,184.0,69,false,,,activities/13087744941.fit.gz,,,3001.0,2780.0,9741.0,5.244,3.504,18.0,16.0,172.0,181.8,34.4,0.0,,,125.0,85.0,184.0,153.0,,299.0,542.0,,,69.0,828629.0,,,,,,,,305.0,3002.0,0.0,,0.0,,1.0,9805.5,,,,,,,,,,,,,,,,,,,,,,,,,,0.0,3.246,146.9,,,,7786.0,,,437.0,229.0,3.527,,,,,,,,,,,,""
12277114182,"Aug 29, 2024, 9:10:01 PM",WU,Run,"",246,0.72,160.0,5,false,,,activities/13087744203.fit.gz,,,246.0,243.0,721.0,4.526,2.967,5.0,5.0,172.8,178.0,6.7,-0.2,,,92.0,87.0,160.0,149.0,,257.0,46.0,,,5.0,62318.0,,,,,,,,241.0,247.0,0.0,,0.0,,1.0,726.0,,,,,,,,,,,,,,,,,,,,,,,,,,0.0,2.931,36.4,,,,710.0,,,22.0,181.0,2.988,,,,,,,,,,,,""
12277114066,"Aug 28, 2024, 10:15:51 PM",Easy,Run,"",2389,5.56,166.0,35,false,,,activities/13087743995.fit.gz,,,2389.0,2347.0,5567.1,4.188,2.372,29.0,19.0,172.4,183.6,8.0,-0.1,,,112.0,79.0,166.0,143.0,,200.0,383.0,,,35.0,457571.0,,,,,,,,215.0,2390.0,0.0,,0.0,,1.0,5599.1,,,,,,,,,,,,,,,,,,,,,,,,,,0.0,2.33,128.6,,,,5854.0,,,173.0,162.0,2.386,,,,,,,,,,,,""
12263382754,"Aug 28, 2024, 11:21:36 AM",Easy,Run,"",1200,3.33,,,false,,,,,,1200.0,1200.0,3333.3,,2.778,,,,,,0.0,,,,,,,,,,,,,,,,,,,,,,,,,0.0,,0.0,,,,,,,,,,,,,,,,,,,,,,,,,,,0.0,2.778,0.0,,,,,,,,,,,,,,,,,,,,,""
12263387264,"Aug 28, 2024, 11:17:02 AM",Recovery,Ride,"",1500,6.25,,,false,,,,,,1500.0,1500.0,6250.0,,4.167,,,,,,0.0,,,,,,,,,,,,,,,,,,,,,,,0.0,,0.0,,0.0,,,,,,,,,,,,,,,,,,,,,,,,,,,0.0,4.167,0.0,,,,,,,,,,,,,,,,,,,,,""
12263363791,"Aug 28, 2024, 10:53:37 AM",Easy Trides with UB run club,Run,4x150 @2:50,2700,7.50,,,false,,,,,,2700.0,2700.0,7500.0,,2.778,,,,,,0.0,,,,,,,,,,,,,,,,,,,,,,,,,0.0,,0.0,,,,,,,,,,,,,,,,,,,,,,,,,,,0.0,2.778,0.0,,,,,,,,,,,,,,,,,,,,,""
12263371385,"Aug 27, 2024, 9:39:00 PM",Strides,Run,"",32,0.20,,,false,,,,,,32.0,32.0,200.0,,6.25,,,,,,0.0,,,,,,,,,,,,,,,,,,,,,,,,,0.0,,0.0,,,,,,,,,,,,,,,,,,,,,,,,,,,0.0,6.25,0.0,,,,,,,,,,,,,,,,,,,,,""
12251439137,"Aug 26, 2024, 9:32:47 PM",Wu walk to the track,Run,"",314,0.72,170.0,6,false,,,activities/13060333198.fit.gz,,,314.0,286.0,719.8,3.624,2.517,6.0,2.0,178.2,183.6,11.0,0.3,,,90.0,81.0,170.0,154.0,,211.0,53.0,,,6.0,59371.0,,,,,,,,211.0,315.0,0.0,,0.0,,1.0,732.7,,,,,,,,,,,,,,,,,,,,,,,,,,0.0,2.293,37.8,,,,738.0,,,22.0,159.0,2.562,,,,,,,,,,,,""
12225005562,"Aug 23, 2024, 8:59:25 PM",First Interval in the US,Run,"3x400 @3:00 
5x200 @2:47",1911,3.08,174.0,11,false,"",,activities/13032785213.fit.gz,,,1911.0,1749.0,3080.4,6.968,1.761,9.0,9.0,177.4,181.4,11.0,0.0,,,106.0,76.0,174.0,135.0,,194.0,247.0,,,11.0,202491.0,,,,,,,,223.0,1842.0,,,0.0,,1.0,3118.7,,,,,,,,,,,,,,,,,,,,,,,,,,0.0,1.612,0.0,,,,2688.0,,,144.0,168.0,1.783,,,,,,,,,,,,""
12225005128,"Aug 23, 2024, 8:35:48 PM",Walk WU,Run,"",564,0.85,106.0,1,false,"",,activities/13032784800.fit.gz,,,564.0,525.0,855.6,3.268,1.63,6.0,6.0,174.2,180.8,33.3,-0.1,,,85.0,59.0,106.0,93.0,,109.0,47.0,,,1.0,57606.0,,,,,,,,106.0,565.0,,,0.0,,1.0,867.2,,,,,,,,,,,,,,,,,,,,,,,,,,0.0,1.517,26.4,,,,1048.0,,,10.0,80.0,1.652,,,,,,,,,,,,""
12229953559,"Aug 23, 2024, 8:00:00 AM",Jog around campus,Run,"",3820,10.00,,,false,"",,,,,3820.0,3820.0,10000.0,,2.618,,,,,,0.0,,,,,,,,,,,,,,,,,,,,,,,,,0.0,,0.0,,,,,,,,,,,,,,,,,,,,,,,,,,,0.0,2.618,0.0,,,,,,,,,,,,,,,,,,,,,""
12213842088,"Aug 22, 2024, 11:31:00 AM",Easy Jog,Run,"",1916,3.99,170.0,8,false,"",,activities/13021184485.fit.gz,,,1916.0,1587.0,3998.8,8.314,2.52,14.0,23.0,177.2,194.8,13.7,-0.4,,,120.0,83.0,170.0,124.0,,221.0,244.0,,,8.0,334163.0,,,,,,,,219.0,1894.0,,,0.0,,1.0,4028.5,,,,,,,,,,,,,,,,,,,,,,,,,,0.0,2.087,111.9,,,,4184.0,,,142.0,165.0,2.538,,,,,,,,,,,,""
12213841418,"Aug 22, 2024, 10:43:44 AM",Walk,Run,"",2414,1.34,101.0,0,false,"",,activities/13021183819.fit.gz,,,2414.0,702.0,1342.1,4.297,1.912,12.0,9.0,180.0,190.8,35.5,0.3,,,89.0,58.0,101.0,70.0,,59.0,90.0,,,0.0,57661.0,,,,,,,,56.0,2415.0,,,0.0,,1.0,1404.4,,,,,,,,,,,,,,,,,,,,,,,,,,0.0,0.556,0.0,,,,2298.0,,,11.0,42.0,2.001,,,,,,,,,,,,""
12213841143,"Aug 21, 2024, 11:02:47 PM",Walk around campus,Run,"",3709,3.49,135.0,4,false,"",,activities/13021183496.fit.gz,,,3709.0,1889.0,3491.8,5.352,1.848,14.0,9.0,176.4,189.2,50.0,0.1,,,123.0,61.0,135.0,101.0,,94.0,224.0,,,4.0,186278.0,,,,,,,,94.0,3710.0,,,0.0,,1.0,3623.9,,,,,,,,,,,,,,,,,,,,,,,,,,0.0,0.941,0.0,,,,4100.0,,,51.0,71.0,1.918,,,,,,,,,,,,""
12213840098,"Aug 21, 2024, 7:03:34 PM",Easy,Ride,"",2338,5.10,101.0,2,false,"",,activities/13021182553.fit.gz,,,2338.0,1604.0,5101.3,19.18,3.18,22.0,36.0,178.4,196.8,6.4,-0.3,,,,,101.0,76.0,,,75.0,,,2.0,,,,,,,,,,,,,0.0,,1.0,5126.2,,,,,,,,,,,,,,,,,,,,,,,,,,0.0,2.182,64.7,,,,,,,,,,,,,,,,,,,,,""
12213840010,"Aug 21, 2024, 4:36:02 PM",Move in + Walk around,Run,"",7942,2.52,143.0,1,false,"",,activities/13021182167.fit.gz,,,7942.0,6961.0,2527.3,5.818,0.363,15.0,13.0,179.2,196.6,38.5,-0.4,,,120.0,62.0,143.0,90.0,,68.0,242.0,,,1.0,73772.0,,,,,,,,69.0,6965.0,,,0.0,,1.0,2615.2,,,,,,,,,,,,,,,,,,,,,,,,,,0.0,0.318,0.0,,,,2088.0,,,52.0,52.0,0.376,,,,,,,,,,,,""
12399455491,"Aug 21, 2024, 5:23:42 AM",Lunch Run,Run,,1585,0.49,122.0,3,false,,,activities/13219829684.fit.gz,,,1585.0,1585.0,489.2,1.328,0.309,0.0,2.0,45.0,51.0,20.5,-0.4,,,75.0,54.0,122.0,99.0,,20.0,115.0,,,3.0,31392.0,,,,,,,,45.0,1586.0,,,0.0,,1.0,492.3,,,,,,,,,,,,,,,,,,,,,,,,,,0.0,0.309,0.0,,,,1140.0,,,5.0,34.0,0.311,,,,,,,,,,,,""
12206477734,"Aug 21, 2024, 4:23:13 PM",Move in,Walk,,1675,0.63,,,false,,,activities/12206477734.gpx,,,1675.0,771.0,629.8,2.995,0.817,0.0,0.0,178.3,178.6,1.6,0.0,,,,,,,,,,,,,,,,,,,,,,,,,0.0,,1.0,,,,,,,,,,,,,,,,,,,,,,,,,,,0.0,0.376,0.0,,,,716.0,,,,,,,,,,,,,,,,,""
12204897826,"Aug 21, 2024, 1:28:52 PM",Check in PHL 4/5,Walk,Mootj chuyến nữa thôi,188,0.04,,,false,,,activities/12204897826.gpx,,,188.0,21.0,41.8,3.21,1.988,0.0,0.0,3.7,4.0,0.0,0.0,,,,,,,,,,,,,,,,,,,,,,,0.0,,0.0,,1.0,,,,,,,,,,,,,,,,,,,,,,,,,,,0.0,0.222,0.0,,,,242.0,,,,,,,,,,,,,,,,,""
12201900204,"Aug 21, 2024, 5:42:52 AM",LAX 3/5,Walk,"",367,0.46,,,false,,,activities/12201900204.gpx,,,367.0,262.0,460.7,6.521,1.758,0.0,0.0,36.2,37.8,4.8,0.0,,,,,,,,,,,,,,,,,,,,,,,0.0,,0.0,,1.0,,,,,,,,,,,,,,,,,,,,,,,,,,,0.0,1.255,0.0,,,,404.0,,,,,,,,,,,,,,,,,""
12196299666,"Aug 20, 2024, 2:15:59 PM",TPI 2/5,Walk,,730,0.49,,,false,,,activities/12196299666.gpx,,,730.0,77.0,492.4,11.5,6.394,2.3,2.3,28.3,31.0,1.0,0.1,,,,,,,,,,,,,,,,,,,,,,,,,0.0,,1.0,,,,,,,,,,,,,,,,,,,,,,,,,,,0.0,0.674,0.0,,,,12.0,,,,,,,,,,,,,,,,,""
12399455439,"Aug 20, 2024, 2:14:58 PM",Night Run,Run,,50159,0.21,139.0,127,false,,,activities/13219829455.fit.gz,,,50159.0,489.0,213.5,1.544,0.437,14.0,7.0,50.0,76.4,43.0,-8.3,,,67.0,61.0,139.0,100.0,,0.0,44.0,,,127.0,14103.0,,,,,,,,41.0,785.0,,,0.0,,1.0,224.1,,,,,,,,,,,,,,,,,,,,,,,,,,0.0,0.004,0.0,,,,434.0,,,2.0,31.0,0.458,,,,,,,,,,,,""
12193735447,"Aug 20, 2024, 8:40:11 AM",Check in TSN (1/5),Walk,,661,0.11,,,false,,,activities/12193735447.gpx,,,661.0,89.0,112.4,2.688,1.263,0.0,0.0,1.2,2.2,4.5,0.0,,,,,,,,,,,,,,,,,,,,,,,,,0.0,,1.0,,,,,,,,,,,,,,,,,,,,,,,,,,,0.0,0.17,0.0,,,,52.0,,,,,,,,,,,,,,,,,""
12230072964,"Aug 19, 2024, 8:30:00 AM",Walk around airport,Run,"",2160,4.00,,,false,"",,,,,2160.0,2160.0,4000.0,,1.852,,,,,,0.0,,,,,,,,,,,,,,,,,,,,,,,,,0.0,,0.0,,,,,,,,,,,,,,,,,,,,,,,,,,,0.0,1.852,0.0,,,,,,,,,,,,,,,,,,,,,""
12399455329,"Aug 16, 2024, 10:41:04 AM",Afternoon Ride,Ride,,5490,17.52,111.0,6,false,,,activities/13219829363.fit.gz,,,5490.0,3696.0,17521.3,10.786,4.741,63.0,68.0,9.0,26.0,37.2,0.0,,,,,111.0,82.0,,,226.0,,,6.0,,,,,,,,,,,,,0.0,,1.0,,,,,,,,,,,,,,,,,,,,,,,,,,,0.0,3.191,813.9,,,,,,,,,,,,,,,,,,,,,""
12145593832,"Aug 14, 2024, 12:56:01 PM",CD,Run,"",603,0.84,157.0,3,false,,,activities/12945287713.fit.gz,,,603.0,589.0,844.7,3.02,1.434,4.0,1.0,15.4,18.6,15.4,0.3,,,95.0,66.0,157.0,129.0,,80.0,82.0,,,3.0,44642.0,,,,,,,,116.0,604.0,0.0,,0.0,,1.0,860.5,,,,,,,,,,,,,,,,,,,,,,,,,,0.0,1.401,0.0,,,,1202.0,,,12.0,87.0,1.461,,,,,,,,,,,,""
12145593284,"Aug 14, 2024, 12:07:02 PM","Fartlek with AR 20x(1’ @3:50, 1’ @5:43)",Run,"Progressive 4:05 -> 3:15
Bể bài đoạn sau",2916,9.98,192.0,164,false,,,activities/12945287116.fit.gz,,,2916.0,2843.0,9980.9,5.796,3.511,6.0,5.0,11.6,16.0,6.6,0.0,,,100.0,87.0,192.0,176.0,,301.0,638.0,,,164.0,838113.0,,,,,,,,313.0,2917.0,0.0,,0.0,,1.0,10005.3,,,,,,,,,,,,,,,,,,,,,,,,,,0.0,3.423,0.0,,,,7902.0,,,448.0,235.0,3.519,,,,,,,,,,,,""
12144541968,"Aug 13, 2024, 12:06:07 PM",Easy,Run,"",4402,9.24,167.0,56,false,,,activities/12944188502.fit.gz,,,4402.0,4212.0,9239.4,4.516,2.194,5.0,16.0,7.0,23.0,9.4,-0.2,,,117.0,79.0,167.0,140.0,,183.0,612.0,,,56.0,733275.0,,,,,,,,200.0,4404.0,0.0,,0.0,,1.0,9263.3,,,,,,,,,,,,,,,,,,,,,,,,,,0.0,2.099,2278.7,,,,10412.0,,,275.0,150.0,2.199,,,,,,,,,,,,""
12118990585,"Aug 11, 2024, 10:15:08 AM",Recovery ride,Ride,"",4200,14.98,133.0,8,false,,,activities/12917389565.fit.gz,,,4200.0,3256.0,14987.9,10.012,4.603,51.0,56.0,3.4,19.2,45.2,0.0,,,,,133.0,103.0,,,248.0,,,8.0,,,,,,,,,,,0.0,,0.0,,1.0,,,,,,,,,,,,,,,,,,,,,,,,,,,0.0,3.569,6425.0,,,,,,,,,,,,,,,,,,,,,""
12115458652,"Aug 10, 2024, 11:30:49 PM",Long run P3,Run,"",1500,3.00,180.0,29,false,,,activities/12913668884.fit.gz,,,1500.0,1382.0,3002.5,4.262,2.173,3.0,3.0,10.6,14.0,6.1,-0.1,,,92.0,78.0,180.0,150.0,,174.0,235.0,,,29.0,236716.0,,,,,,,,192.0,1501.0,0.0,,0.0,,1.0,3009.3,,,,,,,,,,,,,,,,,,,,,,,,,,0.0,2.002,528.4,,,,3518.0,,,86.0,144.0,2.177,,,,,,,,,,,,""
12115457887,"Aug 10, 2024, 10:53:59 PM",Long run P2,Run,Chạy với Hoàng Nguyên Thanh hihi,1869,6.54,184.0,61,false,,,activities/12913668015.fit.gz,,,1869.0,1866.0,6542.4,6.142,3.506,2.0,8.0,11.0,17.8,4.7,-0.1,,,100.0,88.0,184.0,158.0,,299.0,392.0,,,61.0,558536.0,,,,,,,,301.0,1870.0,0.0,,0.0,,1.0,6542.1,,,,,,,,,,,,,,,,,,,,,,,,,,0.0,3.5,2026.6,,,,5510.0,,,265.0,226.0,3.506,,,,,,,,,,,,""
12115455504,"Aug 10, 2024, 10:10:29 PM",Long run P1,Run,"",1874,5.09,162.0,24,false,,,activities/12913665539.fit.gz,,,1874.0,1869.0,5095.8,3.838,2.727,3.0,4.0,12.6,17.4,6.2,0.0,,,90.0,85.0,162.0,141.0,,242.0,326.0,,,24.0,440533.0,,,,,,,,242.0,1875.0,0.0,,0.0,,1.0,5106.9,,,,,,,,,,,,,,,,,,,,,,,,,,0.0,2.719,584.3,,,,5154.0,,,172.0,182.0,2.732,,,,,,,,,,,,""
12112210348,"Aug 9, 2024, 11:37:45 PM",CD,Run,"",436,1.00,163.0,6,false,,,activities/12910245797.fit.gz,,,436.0,410.0,1003.8,3.972,2.448,1.0,2.0,12.8,15.4,3.5,-0.1,,,93.0,80.0,163.0,143.0,,197.0,72.0,,,6.0,80441.0,,,,,,,,215.0,437.0,0.0,,0.0,,1.0,1004.7,,,,,,,,,,,,,,,,,,,,,,,,,,0.0,2.302,69.8,,,,1062.0,,,31.0,162.0,2.45,,,,,,,,,,,,""
12112209593,"Aug 9, 2024, 10:47:56 PM",Progressive run (5:21 -> 4:09),Run,"",2708,9.00,186.0,100,false,,,activities/12910245013.fit.gz,,,2708.0,2708.0,9008.6,5.02,3.327,4.0,8.0,12.2,17.8,4.5,0.0,,,96.0,88.0,186.0,162.0,,286.0,569.0,,,100.0,774811.0,,,,,,,,290.0,2709.0,0.0,,0.0,,1.0,9020.3,,,,,,,,,,,,,,,,,,,,,,,,,,0.0,3.327,655.8,,,,7958.0,,,357.0,218.0,3.331,,,,,,,,,,,,""
12112208527,"Aug 9, 2024, 10:59:56 AM",Track,Run,"",453,1.02,172.0,2,false,,,activities/12910243920.fit.gz,,,453.0,311.0,1026.7,6.818,3.301,0.0,7.0,19.8,26.8,4.8,-0.7,,,96.0,88.0,172.0,123.0,,254.0,66.0,,,2.0,71410.0,,,,,,,,271.0,454.0,0.0,,0.0,,1.0,1016.3,,,,,,,,,,,,,,,,,,,,,,,,,,0.0,2.266,0.0,,,,610.0,,,52.0,204.0,3.268,,,,,,,,,,,,""
12146361063,"Aug 9, 2024, 12:13:00 PM",Interval( 6x400m @3:1x),Run,"2km WU
2km CD",3744,10.40,,,false,,,,,,3744.0,3744.0,10400.0,,2.778,,,,,,0.0,,,,,,,,,,,,,,,,,,,,,,,,,0.0,,0.0,,,,,,,,,,,,,,,,,,,,,,,,,,,0.0,2.778,0.0,,,,,,,,,,,,,,,,,,,,,""
12112233799,"Aug 8, 2024, 11:50:06 AM",Easy P1,Run,"",2519,4.99,169.0,27,false,,,activities/12910269972.fit.gz,,,2519.0,2170.0,4997.0,5.47,2.303,4.0,90.0,-1.0,4.2,9.7,-0.1,,,120.0,80.0,169.0,140.0,,197.0,329.0,,,27.0,412882.0,,,,,,,,203.0,2462.0,0.0,,0.0,,1.0,5011.5,,,,,,,,,,,,,,,,,,,,,,,,,,0.0,1.984,2236.8,,,,5544.0,,,159.0,153.0,2.309,,,,,,,,,,,,""
12146326506,"Aug 8, 2024, 12:13:00 PM",Easy + drill,Run,"",2100,5.00,,,false,,,,,,2100.0,2100.0,5000.0,,2.381,,,,,,0.0,,,,,,,,,,,,,,,,,,,,,,,,,0.0,,0.0,,,,,,,,,,,,,,,,,,,,,,,,,,,0.0,2.381,0.0,,,,,,,,,,,,,,,,,,,,,""
12086743442,"Aug 7, 2024, 12:05:45 PM","Fartlek with ARS 2x( 20x(30s @3:44 fast, 30s slow), 2’ rest)",Run,"Progressive from 4:07 - 3:09
Total run: 5.36 in 20:02
First 35: 4:0x to 3:45
Last 5: 3:0x",3762,10.99,196.0,166,false,,,activities/12883558242.fit.gz,,,3762.0,3743.0,10996.8,6.384,2.938,11.0,14.0,9.0,13.8,7.3,0.0,,,122.0,82.0,196.0,169.0,,247.0,727.0,,,166.0,909187.0,,,,,,,,277.0,3763.0,0.0,,0.0,,1.0,11039.2,,,,,,,,,,,,,,,,,,,,,,,,,,0.0,2.923,0.0,,,,9784.0,,,452.0,208.0,2.949,,,,,,,,,,,,""
12086870420,"Aug 7, 2024, 12:44:00 PM",WU + Cd,Run,"",1080,3.00,,,false,Chạy đi mua xăng nis xe hết xăng bro wtf fam,,,,,1080.0,1080.0,3000.0,,2.778,,,,,,0.0,,,,,,,,,,,,,,,,,,,,,,,,,0.0,,0.0,,,,,,,,,,,,,,,,,,,,,,,,,,,0.0,2.778,0.0,,,,,,,,,,,,,,,,,,,,,""
12086742232,"Aug 6, 2024, 11:05:41 AM",Recovery,Run,"",4249,9.99,160.0,49,false,,,activities/12883556945.fit.gz,,,4249.0,4188.0,9995.9,6.434,2.387,15.0,11.0,4.6,10.4,10.1,0.0,,,104.0,79.0,160.0,138.0,,201.0,643.0,,,49.0,824912.0,,,,,,,,215.0,4250.0,0.0,,0.0,,1.0,10052.2,,,,,,,,,,,,,,,,,,,,,,,,,,0.0,2.353,4085.9,,,,10762.0,,,309.0,162.0,2.4,,,,,,,,,,,,""
12067748444,"Aug 5, 2024, 11:06:20 AM",Recovery ride,Ride,"",3670,16.80,127.0,8,false,,,activities/12863696540.fit.gz,,,3670.0,3381.0,16799.1,10.546,4.969,45.0,41.0,3.8,21.2,6.5,0.0,,,,,127.0,102.0,,,253.0,,,8.0,,,,,,,,,,,0.0,,0.0,,1.0,,,,,,,,,,,,,,,,,,,,,,,,,,,0.0,4.577,7220.6,,,,,,,,,,,,,,,,,,,,,""
12056892248,"Aug 3, 2024, 10:34:01 PM",Easy,Run,"",4281,10.01,157.0,36,false,,,activities/12852321010.fit.gz,,,4281.0,4205.0,10010.1,4.786,2.381,12.0,9.0,8.0,16.0,30.7,0.0,,,115.0,78.0,157.0,127.0,,197.0,590.0,,,36.0,801557.0,,,,,,,,234.0,4283.0,0.0,,0.0,,1.0,10083.2,,,,,,,,,,,,,,,,,,,,,,,,,,0.0,2.338,1080.0,,,,10674.0,,,368.0,176.0,2.398,,,,,,,,,,,,""
12052531147,"Aug 3, 2024, 10:59:10 AM",Long run,Run,32km Long run total,8044,19.90,175.0,123,false,,,activities/12847753289.fit.gz,,,8044.0,7689.0,19902.0,4.458,2.588,37.0,36.0,3.0,23.0,28.2,0.0,,,122.0,83.0,175.0,142.0,,221.0,1220.0,,,123.0,1680569.0,,,,,,,,229.0,8046.0,0.0,,0.0,,1.0,19996.4,,,,,,,,,,,,,,,,,,,,,,,,,,0.0,2.474,3009.8,,,,20928.0,,,661.0,172.0,2.601,,,,,,,,,,,,""
12047761770,"Aug 2, 2024, 11:07:32 PM",Easy + bridge,Run,"",4328,11.00,174.0,76,false,,,activities/12842772195.fit.gz,,,4328.0,4103.0,11000.6,4.444,2.681,33.0,37.0,6.8,22.0,10.2,0.0,,,115.0,85.0,174.0,146.0,,231.0,715.0,,,76.0,922715.0,,,,,,,,235.0,4330.0,0.0,,0.0,,1.0,11057.9,,,,,,,,,,,,,,,,,,,,,,,,,,0.0,2.542,999.5,,,,11248.0,,,376.0,177.0,2.695,,,,,,,,,,,,""
12047759060,"Aug 1, 2024, 11:06:08 AM",Easy,Run,"",2066,4.92,158.0,20,false,,,activities/12842769449.fit.gz,,,2066.0,1979.0,4924.9,5.678,2.489,7.0,11.0,61.0,69.8,8.6,-0.1,,,118.0,86.0,158.0,138.0,,209.0,321.0,,,20.0,412539.0,,,,,,,,211.0,2067.0,0.0,,0.0,,1.0,4953.8,,,,,,,,,,,,,,,,,,,,,,,,,,0.0,2.384,2505.5,,,,5632.0,,,144.0,159.0,2.503,,,,,,,,,,,,""
12027574937,"Jul 31, 2024, 12:46:17 PM",Evening Run,Run,,1400,3.72,188.0,34,false,,,activities/12821761218.fit.gz,,,1400.0,1394.0,3725.2,5.86,2.672,2.0,3.0,10.4,13.6,4.0,0.0,,,98.0,83.0,188.0,153.0,,242.0,250.0,,,34.0,278395.0,,,,,,,,275.0,1402.0,,,0.0,,1.0,3734.2,,,,,,,,,,,,,,,,,,,,,,,,,,0.0,2.661,0.0,,,,3152.0,,,166.0,207.0,2.679,,,,,,,,,,,,""
12027574746,"Jul 31, 2024, 11:52:21 AM",Evening Yoga,Yoga,,3079,0,133.0,5,false,,,activities/12821761096.fit.gz,,,3079.0,3079.0,0.0,0.0,0.0,0.0,0.0,0.0,0.0,0.0,0.0,,,,,133.0,86.0,,,130.0,,,5.0,,,,,,,,,,,,,0.0,,1.0,,,,,,,,,,,,,,,,,,,,,,,,,,,0.0,0.0,0.0,,,,,,,,,,,0.0,,,,,,,,,,""
12019134440,"Jul 30, 2024, 12:01:18 PM",Easy + 2 strides,Run,"250m @3:00
150m @2:51",3830,10.35,181.0,93,false,,,activities/12813000845.fit.gz,,,3830.0,3798.0,10355.7,6.434,2.727,7.0,10.0,8.2,13.8,7.0,0.0,,,123.0,87.0,181.0,151.0,,234.0,668.0,,,93.0,881155.0,,,,,,,,237.0,3831.0,0.0,,0.0,,1.0,10374.5,,,,,,,,,,,,,,,,,,,,,,,,,,0.0,2.704,1476.1,,,,10878.0,,,337.0,178.0,2.732,,,,,,,,,,,,""
12008297309,"Jul 28, 2024, 10:09:48 AM",Recovery,Ride,"",5443,27.13,151.0,18,false,,,activities/12801768739.fit.gz,,,5443.0,4875.0,27130.2,10.356,5.565,52.0,60.0,6.4,26.2,11.7,0.0,,,,,151.0,118.0,,,455.0,,,18.0,,,,,,,,,,,0.0,,0.0,,1.0,,,,,,,,,,,,,,,,,,,,,,,,,,,0.0,4.984,5241.8,,,,,,,,,,,,,,,,,,,,,""
12008298467,"Jul 27, 2024, 10:36:29 PM",Long run,Run,"",7246,20.00,178.0,185,false,,,activities/12801769640.fit.gz,,,7246.0,6821.0,20003.3,5.64,2.933,13.0,14.0,5.4,11.4,7.8,0.0,,,98.0,89.0,178.0,155.0,,249.0,1266.0,,,185.0,1689842.0,,,,,,,,248.0,7247.0,0.0,,0.0,,1.0,20061.1,,,,,,,,,,,,,,,,,,,,,,,,,,0.0,2.761,2895.1,,,,19938.0,,,698.0,186.0,2.941,,,,,,,,,,,,""
11990418651,"Jul 26, 2024, 10:43:29 PM",(Not) easy run,Run,400m @80 = 3:20,4377,12.12,189.0,98,false,,,activities/12783098269.fit.gz,,,4377.0,4154.0,12120.5,5.67,2.918,9.0,12.0,8.4,13.0,8.0,0.0,,,99.0,88.0,189.0,152.0,,249.0,762.0,,,98.0,1032069.0,,,,,,,,249.0,4378.0,0.0,,0.0,,1.0,12162.3,,,,,,,,,,,,,,,,,,,,,,,,,,0.0,2.769,1175.1,,,,12080.0,,,425.0,187.0,2.928,,,,,,,,,,,,""
11977114502,"Jul 25, 2024, 11:20:43 AM",Easy + 2 strides,Run,,3701,10.14,,,false,,,activities/11977114502.gpx,,,3701.0,3544.0,10146.9,9.226,2.863,18.7,18.7,-3.1,6.3,26.7,0.0,,,,,,,,,,,,,,,,,,,,,,,,,0.0,,1.0,10268.5,,,,,,,,,,,,,,,,,,,,,,,,,,0.0,2.742,610.6,,,,9244.0,,,,,2.897,,,,,,,,,,,,""
11990491467,"Jul 23, 2024, 10:10:00 AM",Easy,Run,"",3960,11.00,,,false,,,,,,3960.0,3960.0,11000.0,,2.778,,,,,,0.0,,,,,,,,,,,,,,,,,,,,,,,,,0.0,,0.0,,,,,,,,,,,,,,,,,,,,,,,,,,,0.0,2.778,0.0,,,,,,,,,,,,,,,,,,,,,""
11931487592,"Jul 19, 2024, 11:18:25 PM",Morning Run,Run,,5246,11.01,144.0,14,false,,,activities/12721897034.fit.gz,,,5246.0,5019.0,11013.1,5.388,2.194,55.0,54.0,-3.4,10.6,40.5,0.0,,,121.0,74.0,144.0,105.0,,168.0,576.0,,,14.0,842998.0,,,,,,,,216.0,5247.0,,,0.0,,1.0,11434.1,,,,,,,,,,,,,,,,,,,,,,,,,,0.0,2.099,3049.4,,,,12106.0,,,383.0,162.0,2.278,,,,,,,,,,,,""
11923643314,"Jul 18, 2024, 10:44:17 PM",Morning Run,Run,,4351,12.01,158.0,60,false,,,activities/12713739407.fit.gz,,,4351.0,4308.0,12011.8,4.972,2.788,25.0,25.0,-6.4,5.8,37.2,0.0,,,120.0,81.0,158.0,136.0,,231.0,644.0,,,60.0,978161.0,,,,,,,,272.0,4352.0,,,0.0,,1.0,12182.0,,,,,,,,,,,,,,,,,,,,,,,,,,0.0,2.761,0.0,,,,11376.0,,,506.0,205.0,2.828,,,,,,,,,,,,""
11909558652,"Jul 17, 2024, 10:17:25 AM",1h ride,Ride,,4090,18.70,,,false,,,activities/11909558652.gpx,,,4090.0,3777.0,18703.3,22.04,4.952,159.7,159.7,7.8,15.9,18.9,0.0,,,,,,,,,,,,,,,,,,,,,,,,,0.0,,1.0,,,,,,,,,,,,,,,,,,,,,,,,,,,0.0,4.573,0.0,,,,,,,,,,,,,,,,,,,,,""
11900815516,"Jul 16, 2024, 10:14:38 AM",1h easy ride,Ride,,3817,19.25,,,false,,,activities/11900815516.gpx,,,3817.0,3763.0,19254.8,6.988,5.117,168.8,168.9,8.5,15.9,16.6,0.0,,,,,,,,,,,,,,,,,,,,,,,,,0.0,,1.0,,,,,,,,,,,,,,,,,,,,,,,,,,,0.0,5.044,0.0,,,,,,,,,,,,,,,,,,,,,""
11891815464,"Jul 15, 2024, 7:37:58 AM",Đi vòng vòng đà lạt,Run,,2706,3.39,,,false,,,activities/11891815464.gpx,,,2706.0,2225.0,3393.9,5.026,1.525,48.4,48.4,1480.7,1510.2,24.4,0.1,,,,,,,,,,,,,,,,,,,,,,,,,0.0,,1.0,3545.5,,,,,,,,,,,,,,,,,,,,,,,,,,0.0,1.254,1954.1,,,,4014.0,,,,,1.593,,,,,,,,,,,,""
11890508323,"Jul 15, 2024, 12:05:07 AM",Easy,Run,,3757,8.91,,,false,,,activities/11890508323.gpx,,,3757.0,3726.0,8914.2,4.424,2.392,43.3,43.3,1479.9,1510.2,8.2,0.0,,,,,,,,,,,,,,,,,,,,,,,,,0.0,,1.0,8975.9,,,,,,,,,,,,,,,,,,,,,,,,,,0.0,2.373,2230.0,,,,8862.0,,,,,2.409,,,,,,,,,,,,""
11882583910,"Jul 14, 2024, 3:58:56 AM",Easy,Run,,3116,7.00,,,false,,,activities/11882583910.gpx,,,3116.0,2843.0,7000.4,5.086,2.462,57.9,57.9,1480.5,1511.4,13.4,0.0,,,,,,,,,,,,,,,,,,,,,,,,,0.0,,1.0,7117.0,,,,,,,,,,,,,,,,,,,,,,,,,,0.0,2.247,2219.8,,,,6924.0,,,,,2.503,,,,,,,,,,,,""
11881385079,"Jul 13, 2024, 11:39:41 AM",Đi bộ vòng vòng chợ đêm,Run,"",1667,2.17,111.0,4,false,,,activities/12669978911.fit.gz,,,1667.0,1665.0,2169.8,2.066,1.303,2.0,3.0,1482.0,1485.6,6.5,0.0,,,65.0,58.0,111.0,102.0,,88.0,122.0,,,4.0,135360.0,,,,,,,,88.0,1667.0,0.0,,0.0,,1.0,2178.3,,,,,,,,,,,,,,,,,,,,,,,,,,0.0,1.302,0.0,,,,3048.0,,,20.0,66.0,1.308,,,,,,,,,,,,""
11881383353,"Jul 12, 2024, 11:05:55 PM",Easy,Run,"",5618,11.80,162.0,52,false,,,activities/12669977063.fit.gz,,,5618.0,5372.0,11808.1,4.182,2.198,63.0,59.0,1480.0,1514.8,26.1,0.0,,,125.0,78.0,162.0,129.0,,185.0,721.0,,,52.0,960877.0,,,,,,,,202.0,5620.0,0.0,,0.0,,1.0,12046.8,,,,,,,,,,,,,,,,,,,,,,,,,,0.0,2.102,2141.5,,,,13336.0,,,360.0,152.0,2.243,,,,,,,,,,,,""
11881382329,"Jul 12, 2024, 12:42:49 AM",Easy P2,Run,"",3039,7.73,165.0,48,false,,,activities/12669976045.fit.gz,,,3039.0,3018.0,7735.9,4.578,2.563,59.0,35.0,1480.8,1512.4,39.0,0.3,,,97.0,81.0,165.0,144.0,,218.0,493.0,,,48.0,657038.0,,,,,,,,227.0,3040.0,0.0,,0.0,,1.0,7965.3,,,,,,,,,,,,,,,,,,,,,,,,,,0.0,2.546,1101.1,,,,8102.0,,,246.0,171.0,2.639,,,,,,,,,,,,""
11866664037,"Jul 12, 2024, 12:28:41 AM",Easy P1,Run,"",791,1.08,165.0,1,false,,,activities/12654706311.fit.gz,,,791.0,395.0,1085.3,3.458,2.747,3.0,2.0,1481.4,1485.4,12.3,0.1,,,90.0,88.0,165.0,124.0,,236.0,63.0,,,1.0,92557.0,,,,,,,,216.0,600.0,0.0,,0.0,,1.0,1102.4,,,,,,,,,,,,,,,,,,,,,,,,,,0.0,1.372,0.0,,,,1136.0,,,43.0,162.0,2.791,,,,,,,,,,,,""
11882412085,"Jul 11, 2024, 3:35:00 AM",Easy P3 add,Run,"",720,2.00,,,false,,,,,,720.0,720.0,2000.0,,2.778,,,,,,0.0,,,,,,,,,,,,,,,,,,,,,,,,,0.0,,0.0,,,,,,,,,,,,,,,,,,,,,,,,,,,0.0,2.778,0.0,,,,,,,,,,,,,,,,,,,,,""
11858141144,"Jul 10, 2024, 12:03:02 PM",Evening Run,Run,,2866,8.00,199.0,90,false,,,activities/12645876983.fit.gz,,,2866.0,2762.0,8004.9,6.3,2.898,8.0,8.0,1.6,5.2,11.2,0.0,,,114.0,81.0,199.0,160.0,,257.0,518.0,,,90.0,691300.0,,,,,,,,299.0,2867.0,,,0.0,,1.0,8039.5,,,,,,,,,,,,,,,,,,,,,,,,,,0.0,2.793,142.0,,,,7114.0,,,402.0,225.0,2.911,,,,,,,,,,,,""
11826001248,"Jul 6, 2024, 11:20:04 PM",Morning Run,Run,,964,4.00,156.0,17,false,,,activities/12612690589.fit.gz,,,964.0,964.0,4003.2,4.328,4.153,0.0,9.0,-159.0,-148.2,4.8,-0.2,,,97.0,93.0,156.0,144.0,,,155.0,,29.0,17.0,,,,,,,,,,,,,0.0,,1.0,3993.3,,,,,,,,,,,,,,,,,,,,,,,,,,0.0,4.153,0.0,,,,2964.0,,,,,4.142,,,,,,,,,,,,""
11826000759,"Jul 6, 2024, 10:39:05 PM",Morning Run,Run,,2413,6.99,164.0,52,false,,,activities/12612690109.fit.gz,,,2413.0,2413.0,6998.1,4.108,2.9,13.0,15.0,-157.2,-147.2,5.8,0.0,,,119.0,78.0,164.0,150.0,,,372.0,,30.0,52.0,,,,,,,,,,,,,0.0,,1.0,7009.9,,,,,,,,,,,,,,,,,,,,,,,,,,0.0,2.9,0.0,,,,6034.0,,,,,2.905,,,,,,,,,,,,""
11826000118,"Jul 6, 2024, 10:12:19 PM",Morning Run,Run,,1478,5.52,166.0,32,false,,,activities/12612689442.fit.gz,,,1478.0,1478.0,5523.6,4.357,3.737,7.0,10.0,-154.8,-142.8,4.0,-0.1,,,119.0,90.0,166.0,149.0,,,250.0,,29.0,32.0,,,,,,,,,,,,,0.0,,1.0,5525.1,,,,,,,,,,,,,,,,,,,,,,,,,,0.0,3.737,0.0,,,,4298.0,,,,,3.738,,,,,,,,,,,,""
11820981177,"Jul 5, 2024, 11:46:38 PM",Morning Run,Run,,3160,4.76,161.0,30,false,,,activities/12607493207.fit.gz,,,3160.0,2003.0,4762.7,3.733,2.378,10.0,11.0,-145.8,-141.0,46.9,0.0,,,114.0,77.0,161.0,132.0,,,285.0,,32.0,30.0,,,,,,,,,,,,,0.0,,1.0,4781.1,,,,,,,,,,,,,,,,,,,,,,,,,,0.0,1.507,0.0,,,,4960.0,,,,,2.387,,,,,,,,,,,,""
11806287931,"Jul 4, 2024, 11:56:26 AM",Evening Run,Run,,3913,8.60,159.0,43,false,,,activities/12592299890.fit.gz,,,3913.0,3242.0,8605.8,4.269,2.654,15.0,20.0,-143.8,-127.8,16.5,-0.2,,,115.0,79.0,159.0,134.0,,,413.0,,28.0,43.0,,,,,,,,,,,,,0.0,,1.0,8644.4,,,,,,,,,,,,,,,,,,,,,,,,,,0.0,2.199,0.0,,,,7828.0,,,,,2.666,,,,,,,,,,,,""
11773756432,"Jun 26, 2024, 3:34:57 AM",Morning Run,Run,,2991,8.29,162.0,53,false,,,activities/12558740862.fit.gz,,,2991.0,2991.0,8290.8,4.041,2.772,18.0,22.0,-100.6,-87.6,18.9,-0.1,,,95.0,82.0,162.0,145.0,,,439.0,,30.0,53.0,,,,,,,,,,,,,0.0,,1.0,8324.2,,,,,,,,,,,,,,,,,,,,,,,,,,0.0,2.772,0.0,,,,7934.0,,,,,2.783,,,,,,,,,,,,""
11773754565,"Jun 26, 2024, 2:36:24 AM",Morning Run,Run,,351,1.00,151.0,5,false,,,activities/12558738901.fit.gz,,,351.0,351.0,1004.8,3.633,2.863,0.0,1.0,-85.0,-81.8,1.5,-0.3,,,89.0,80.0,151.0,144.0,,,57.0,,30.0,5.0,,,,,,,,,,,,,0.0,,1.0,997.1,,,,,,,,,,,,,,,,,,,,,,,,,,0.0,2.863,0.0,,,,902.0,,,,,2.841,,,,,,,,,,,,""
11719753768,"Jun 23, 2024, 11:19:45 AM",Evening Run,Run,,3339,10.05,165.0,85,false,,,activities/12503193955.fit.gz,,,3339.0,3302.0,10054.2,4.044,3.045,21.0,41.0,-72.8,-51.0,24.1,-0.2,,,93.0,88.0,165.0,153.0,,,552.0,,28.0,85.0,,,,,,,,,,,,,0.0,,1.0,10074.4,,,,,,,,,,,,,,,,,,,,,,,,,,0.0,3.011,0.0,,,,9430.0,,,,,3.051,,,,,,,,,,,,""
11662314636,"Jun 15, 2024, 10:38:00 PM",17km Long run,Run,"Avg heart rate: 145
From 130 - 154",5700,17.00,,,false,,,,,,5700.0,5700.0,17000.0,,2.982,,,,,,0.0,,,,,,,,,,,,,,,,,,,,,,,,,0.0,,0.0,,,,,,,,,,,,,,,,,,,,,,,,,,,0.0,2.982,0.0,,,,,,,,,,,,,,,,,,,,,""
11662322989,"Jun 14, 2024, 10:42:00 AM",Easy,Run,"",3855,12.00,,,false,,,,,,3855.0,3855.0,12000.0,,3.113,,,,,,0.0,,,,,,,,,,,,,,,,,,,,,,,,,0.0,,0.0,,,,,,,,,,,,,,,,,,,,,,,,,,,0.0,3.113,0.0,,,,,,,,,,,,,,,,,,,,,""
11662319381,"Jun 13, 2024, 11:00:00 AM",Recovery,Run,Tired legs after the workout,3640,10.00,,,false,,,,,,3640.0,3640.0,10000.0,,2.747,,,,,,0.0,,,,,,,,,,,,,,,,,,,,,,,,,0.0,,0.0,,,,,,,,,,,,,,,,,,,,,,,,,,,0.0,2.747,0.0,,,,,,,,,,,,,,,,,,,,,""
11635112012,"Jun 12, 2024, 12:43:23 PM",CD,Run,"",1390,2.48,166.0,10,false,,,activities/12416013113.fit.gz,,,1390.0,1222.0,2483.1,5.956,2.032,4.0,4.0,26.4,30.6,49.3,-0.1,,,95.0,79.0,166.0,134.0,,,150.0,,31.0,10.0,,,,,,,,,,,0.0,,0.0,,1.0,2512.8,,,,,,,,,,,,,,,,,,,,,,,,,,0.0,1.786,707.3,,,,3030.0,,,,,2.056,,,,,,,,,,,,""
11635110644,"Jun 12, 2024, 12:01:34 PM",Interval with ARS,Run,"9x (20” @4:11 - 3:09 , 20” off)
20min tempo @4:12",2466,7.58,195.0,93,false,,,activities/12416011602.fit.gz,,,2466.0,2125.0,7588.8,6.561,3.571,5.0,11.0,24.6,34.6,10.6,-0.1,,,104.0,90.0,195.0,167.0,,,395.0,,30.0,93.0,,,,,,,,,,,0.0,,0.0,,1.0,7615.2,,,,,,,,,,,,,,,,,,,,,,,,,,0.0,3.077,1157.5,,,,6190.0,,,,,3.584,,,,,,,,,,,,""
11635459750,"Jun 12, 2024, 12:29:00 PM",Add,Run,"",720,2.00,,,false,,,,,,720.0,720.0,2000.0,,2.778,,,,,,0.0,,,,,,,,,,,,,,,,,,,,,,,,,0.0,,0.0,,,,,,,,,,,,,,,,,,,,,,,,,,,0.0,2.778,0.0,,,,,,,,,,,,,,,,,,,,,""
11630796518,"Jun 11, 2024, 10:41:00 AM",Easy,Run,Avg : 146 hr,3609,10.00,,,false,,,,,,3609.0,3609.0,10000.0,,2.771,,,,,,0.0,,,,,,,,,,,,,,,,,,,,,,,,,0.0,,0.0,,,,,,,,,,,,,,,,,,,,,,,,,,,0.0,2.771,0.0,,,,,,,,,,,,,,,,,,,,,""
11611385162,"Jun 9, 2024, 11:52:13 AM",CD,Run,"",1313,2.99,160.0,15,false,,,activities/12391595656.fit.gz,,,1313.0,1233.0,2997.7,4.158,2.431,1.0,4.0,27.2,31.8,11.2,0.0,,,96.0,84.0,160.0,138.0,,,173.0,,31.0,15.0,,,,,,,,,,,0.0,,0.0,,1.0,3010.3,,,,,,,,,,,,,,,,,,,,,,,,,,0.0,2.283,0.0,,,,3332.0,,,,,2.441,,,,,,,,,,,,""
11611384591,"Jun 9, 2024, 10:36:33 AM",Interval 12x400m @3:08 rest 2:45,Run,"80 81 76 76 73 80 69 72 72 81 70 77
avg: 75:5",4504,11.00,152.0,18,false,"good workout but I think I can still find a little bit more on that, work more on my form and therefore increase my fitness",,activities/12391595032.fit.gz,,,4504.0,4252.0,11006.5,9.242,2.589,18.0,22.0,29.8,37.8,16.8,0.0,,,108.0,81.0,152.0,120.0,,,406.0,,31.0,18.0,,,,,,,,,,,,,0.0,,1.0,11116.6,,,,,,,,,,,,,,,,,,,,,,,,,,0.0,2.444,1989.8,,,,9902.0,,,,,2.614,,,,,,,,,,,,""
11608227199,"Jun 8, 2024, 11:36:41 AM",Easy,Run,"",2717,7.00,155.0,20,false,,,activities/12388328269.fit.gz,,,2717.0,2585.0,7001.5,7.107,2.709,1.0,10.0,6.2,15.8,7.0,-0.1,,,98.0,87.0,155.0,134.0,,,327.0,,29.0,20.0,,,,,,,,,,,0.0,,0.0,,1.0,7008.8,,,,,,,,,,,,,,,,,,,,,,,,,,0.0,2.577,2481.4,,,,7430.0,,,,,2.711,,,,,,,,,,,,""
11595573115,"Jun 7, 2024, 11:36:10 AM",Easy,Run,"",4911,14.01,162.0,83,false,,,activities/12375286461.fit.gz,,,4911.0,4789.0,14009.6,10.933,2.925,6.0,13.0,31.6,38.8,14.0,0.0,,,124.0,89.0,162.0,145.0,,,675.0,,29.0,83.0,,,,,,,,,,,0.0,,0.0,,1.0,14063.0,,,,,,,,,,,,,,,,,,,,,,,,,,0.0,2.853,3357.2,,,,14126.0,,,,,2.937,,,,,,,,,,,,""
11587699587,"Jun 6, 2024, 11:46:51 AM",Easy,Run,,4629,12.00,,,false,,,activities/11587699587.gpx,,,4629.0,4582.0,12003.5,8.88,2.62,12.6,12.6,0.9,6.9,14.5,0.0,,,,,,,,,,,,,,,,,,,,,,,,,0.0,,1.0,12038.9,,,,,,,,,,,,,,,,,,,,,,,,,,0.0,2.593,5927.1,,,,10746.0,,,,,2.627,,,,,,,,,,,,""
11579636275,"Jun 5, 2024, 12:35:31 PM",CD,Run,"",1346,2.18,142.0,3,false,,,activities/12358947102.fit.gz,,,1346.0,981.0,2181.3,6.219,2.224,43.0,50.0,30.8,41.2,28.6,-0.2,,,123.0,73.0,142.0,121.0,,,124.0,,32.0,3.0,,,,,,,,,,,0.0,,0.0,,1.0,2260.5,,,,,,,,,,,,,,,,,,,,,,,,,,0.0,1.621,302.1,,,,2434.0,,,,,2.304,,,,,,,,,,,,""
11579634813,"Jun 5, 2024, 11:58:54 AM",ARS 2x15 min tempo (failed),Run,"WU 5:03
5x (20"" @3:04 + 20"" off)
- 11:12 =2.74 (4:05)
- 5:10 = 1.21 (4:17)
1km 3:44",1956,5.84,171.0,20,false,"",,activities/12358945627.fit.gz,,,1956.0,1621.0,5848.1,6.041,3.608,0.0,7.0,14.8,25.0,5.4,-0.1,,,99.0,88.0,171.0,141.0,,,238.0,,31.0,20.0,,,,,,,,,,,,,0.0,,1.0,5861.8,,,,,,,,,,,,,,,,,,,,,,,,,,0.0,2.99,0.0,,,,4630.0,,,,,3.616,,,,,,,,,,,,""
11596251851,"Jun 5, 2024, 2:00:00 PM",Add for Wu WD spread run,Run,"",1800,5.00,,,false,,,,,,1800.0,1800.0,5000.0,,2.778,,,,,,0.0,,,,,,,,,,,,,,,,,,,,,,,,,0.0,,0.0,,,,,,,,,,,,,,,,,,,,,,,,,,,0.0,2.778,0.0,,,,,,,,,,,,,,,,,,,,,""
11578731916,"Jun 4, 2024, 11:37:29 AM",Not so easy run,Run,"",3671,10.02,176.0,99,false,,,activities/12358019755.fit.gz,,,3671.0,3426.0,10026.8,9.924,2.927,5.0,9.0,31.2,36.0,13.4,0.0,,,101.0,86.0,176.0,157.0,,,578.0,,33.0,99.0,,,,,,,,,,,0.0,,0.0,,1.0,10068.0,,,,,,,,,,,,,,,,,,,,,,,,,,0.0,2.731,2621.8,,,,9696.0,,,,,2.939,,,,,,,,,,,,""
11630817580,"Jun 3, 2024, 10:46:00 AM",Easy,Run,"",3600,10.00,,,false,,,,,,3600.0,3600.0,10000.0,,2.778,,,,,,0.0,,,,,,,,,,,,,,,,,,,,,,,,,0.0,,0.0,,,,,,,,,,,,,,,,,,,,,,,,,,,0.0,2.778,0.0,,,,,,,,,,,,,,,,,,,,,""
11596274342,"Jun 2, 2024, 11:03:00 AM",Reup long run,Run,Avg heart rate : 137,6960,18.00,,,false,,,,,,6960.0,6960.0,18000.0,,2.586,,,,,,0.0,,,,,,,,,,,,,,,,,,,,,,,,,0.0,,0.0,,,,,,,,,,,,,,,,,,,,,,,,,,,0.0,2.586,,,,,,,,,,,,,,,,,,,,,,""
11551818346,"Jun 2, 2024, 12:22:09 AM",Easy,Run,,4150,10.04,,,false,,,activities/11551818346.gpx,,,4150.0,4121.0,10047.3,7.448,2.438,8.1,8.1,3.1,6.9,13.8,0.0,,,,,,,,,,,,,,,,,,,,,,,,,0.0,,1.0,10074.2,,,,,,,,,,,,,,,,,,,,,,,,,,0.0,2.421,3763.5,,,,8806.0,,,,,2.445,,,,,,,,,,,,""
11547019776,"Jun 1, 2024, 11:13:00 AM",Easy P1,Run,"",3755,10.00,,,false,,,activities/11547019776.gpx,,,3755.0,3732.0,10001.0,7.64,2.68,8.2,7.1,3.2,6.9,9.7,0.0,,,,,,,,,,,,,,,,,,,,,,,0.0,,0.0,,1.0,10026.5,,,,,,,,,,,,,,,,,,,,,,,,,,0.0,2.663,3777.8,,,,9000.0,,,,,2.687,,,,,,,,,,,,""
11554391503,"Jun 1, 2024, 10:08:58 AM",Easy hôm qua,Run,"",2160,6.00,,,false,,,,,,2160.0,2160.0,6000.0,,2.778,,,,,,0.0,,,,,,,,,,,,,,,,,,,,,,,,,0.0,,0.0,,,,,,,,,,,,,,,,,,,,,,,,,,,0.0,2.778,0.0,,,,,,,,,,,,,,,,,,,,,""
11532583606,"May 30, 2024, 11:38:34 AM",Easy Medium Long Run,Run,"",5301,15.00,165.0,97,false,"",,activities/12310496549.fit.gz,,,5301.0,5111.0,15004.5,8.05,2.936,1.0,12.0,-21.6,-13.6,11.2,0.0,,,93.0,87.0,165.0,147.0,,,761.0,,29.0,97.0,,,,,,,,,,,,,0.0,,1.0,15034.2,,,,,,,,,,,,,,,,,,,,,,,,,,0.0,2.83,4612.6,,,,14772.0,,,,,2.942,,,,,,,,,,,,""
11524618776,"May 29, 2024, 12:41:02 PM",CD,Run,"",629,1.21,160.0,5,false,,,activities/12302302673.fit.gz,,,629.0,628.0,1210.2,3.75,1.927,1.0,3.0,32.4,34.6,4.9,-0.1,,,93.0,78.0,160.0,133.0,,,78.0,,32.0,5.0,,,,,,,,,,,0.0,,0.0,,1.0,1212.1,,,,,,,,,,,,,,,,,,,,,,,,,,0.0,1.924,474.1,,,,1308.0,,,,,1.93,,,,,,,,,,,,""
11524618276,"May 29, 2024, 11:52:51 AM",ARS (GPS failed ),Run,"20’ min tempo @4:30
Fartlek: 2x(90”@3:55 ,90” @5:30)
4x (60” @ 3:40, 60” @5)
4x (30” @3:30, 30” @5:00)
6x (15” @2:50, 15” rest )",2619,8.80,197.0,87,false,,,activities/12302302195.fit.gz,,,2619.0,2480.0,8803.9,12.152,3.55,6.0,16.0,-7.4,-2.2,6.9,0.0,,,105.0,87.0,197.0,161.0,,,460.0,,32.0,87.0,,,,,,,,,,,0.0,,0.0,,1.0,8838.5,,,,,,,,,,,,,,,,,,,,,,,,,,0.0,3.362,1106.2,,,,6912.0,,,,,3.564,,,,,,,,,,,,""
11523747862,"May 28, 2024, 11:43:30 AM",Easy run,Run,Struggle a little bit with sleep,3808,10.09,187.0,97,false,,,activities/12301406497.fit.gz,,,3808.0,3727.0,10094.9,8.845,2.709,4.0,11.0,-10.4,-2.4,18.8,-0.1,,,118.0,86.0,187.0,154.0,,,625.0,,31.0,97.0,,,,,,,,,,,0.0,,0.0,,1.0,10104.7,,,,,,,,,,,,,,,,,,,,,,,,,,0.0,2.651,2560.2,,,,10660.0,,,,,2.711,,,,,,,,,,,,""
11596297062,"May 28, 2024, 12:07:00 PM",Add basketball,Run,"",2160,6.00,,,false,,,,,,2160.0,2160.0,6000.0,,2.778,,,,,,0.0,,,,,,,,,,,,,,,,,,,,,,,,,0.0,,0.0,,,,,,,,,,,,,,,,,,,,,,,,,,,0.0,2.778,0.0,,,,,,,,,,,,,,,,,,,,,""
11596305768,"May 26, 2024, 3:08:00 PM",Add,Run,"",3240,9.00,,,false,,,,,,3240.0,3240.0,9000.0,,2.778,,,,,,0.0,,,,,,,,,,,,,,,,,,,,,,,,,0.0,,0.0,,,,,,,,,,,,,,,,,,,,,,,,,,,0.0,2.778,0.0,,,,,,,,,,,,,,,,,,,,,""
11523746280,"May 25, 2024, 10:36:16 PM",Long run P1,Run,struggled real hard in today workout. ,4632,11.01,149.0,33,false,"",,activities/12301404889.fit.gz,,,4632.0,4365.0,11010.3,5.58,2.522,1.0,17.0,7.8,16.0,9.3,-0.1,,,116.0,86.0,149.0,134.0,,,527.0,,30.0,33.0,,,,,,,,,,,,,0.0,,1.0,11040.4,,,,,,,,,,,,,,,,,,,,,,,,,,0.0,2.377,1840.0,,,,12150.0,,,,,2.529,,,,,,,,,,,,""
11492940606,"May 25, 2024, 10:42:14 AM",Recovery,Run,Tired legs,3680,8.04,,,false,,,activities/11492940606.gpx,,,3680.0,3571.0,8046.4,0.0,2.253,0.0,0.0,0.0,0.0,0.0,0.0,,,,,,,,,,,,,,,,,,,,,,,0.0,,0.0,,1.0,,,,,,,,,,,,,,,,,,,,,,,,,,,0.0,2.187,0.0,,,,,,,,,,,,,,,,,,,,,""
11523731354,"May 24, 2024, 11:50:36 PM",Easy run,Run,"",2261,5.01,158.0,15,false,"",,activities/12301389659.fit.gz,,,2261.0,2244.0,5013.8,3.786,2.234,1.0,5.0,-6.8,-2.8,22.3,-0.1,,,94.0,79.0,158.0,131.0,,,283.0,,32.0,15.0,,,,,,,,,,,,,0.0,,1.0,5033.6,,,,,,,,,,,,,,,,,,,,,,,,,,0.0,2.218,1814.3,,,,5926.0,,,,,2.243,,,,,,,,,,,,""
11486209407,"May 24, 2024, 12:45:52 PM",CD,Run,"",1162,1.90,142.0,4,false,,,activities/12262648593.fit.gz,,,1162.0,1150.0,1907.0,4.883,1.658,2.0,3.0,-11.2,-7.4,16.3,0.0,,,121.0,67.0,142.0,120.0,,,113.0,,31.0,4.0,,,,,,,,,,,0.0,,0.0,,1.0,1917.5,,,,,,,,,,,,,,,,,,,,,,,,,,0.0,1.641,0.0,,,,2518.0,,,,,1.667,,,,,,,,,,,,""
11486208621,"May 24, 2024, 12:05:16 PM",Interval 10x400m @3:18 rest 2:30,Run,"80 82 78 84 74 79 79 86 73 74
avg 78.9
a good workout at the time but I am happy to see the improvements after 2 weeks of looking back. It's quite bad ",2396,5.48,155.0,12,false,"",,activities/12262647714.fit.gz,,,2396.0,1995.0,5482.4,6.706,2.748,2.0,11.0,-25.6,-14.6,20.7,-0.1,,,102.0,82.0,155.0,131.0,,,243.0,,30.0,12.0,,,,,,,,,,,,,0.0,,1.0,5522.4,,,,,,,,,,,,,,,,,,,,,,,,,,0.0,2.288,1572.7,,,,4440.0,,,,,2.768,,,,,,,,,,,,""
11486207288,"May 24, 2024, 11:35:14 AM",WU,Run,"",1674,4.08,154.0,16,false,,,activities/12262646370.fit.gz,,,1674.0,1504.0,4085.5,5.406,2.716,2.0,3.0,-3.6,1.2,14.4,0.0,,,92.0,86.0,154.0,138.0,,,223.0,,31.0,16.0,,,,,,,,,,,0.0,,0.0,,1.0,4107.0,,,,,,,,,,,,,,,,,,,,,,,,,,0.0,2.441,1643.4,,,,4194.0,,,,,2.731,,,,,,,,,,,,""
11486762560,"May 24, 2024, 11:58:00 AM",CD + rest after rep,Run,"",1200,2.50,,,false,,,,,,1200.0,1200.0,2500.0,,2.083,,,,,,0.0,,,,,,,,,,,,,,,,,,,,,,,0.0,,0.0,,0.0,,,,,,,,,,,,,,,,,,,,,,,,,,,0.0,2.083,0.0,,,,,,,,,,,,,,,,,,,,,""
11485231748,"May 23, 2024, 11:55:30 AM",Not an easy run,Run,"",3673,10.02,185.0,102,false,,,activities/12261641569.fit.gz,,,3673.0,3604.0,10023.8,7.655,2.781,1.0,7.0,-22.2,-14.6,11.2,-0.1,,,98.0,86.0,185.0,156.0,,,641.0,,29.0,102.0,,,,,,,,,,,0.0,,0.0,,1.0,10034.7,,,,,,,,,,,,,,,,,,,,,,,,,,0.0,2.729,3819.8,,,,10190.0,,,,,2.784,,,,,,,,,,,,""
11470931808,"May 22, 2024, 12:05:01 PM","Interval with ARS(5x(30” fast,30” low)+ rest 1p + 3x10m tempo rest 1:30)",Run,"5x30s fast: 4:37 4:37 4:14 4:10 2:51(180m)
3x10min tempo:
- 2.42km avg 4:02 -- 4:17 4:05 3:54 ( 420m = 1:37)
- 2.37km avg 4:13 -- 4:19 4:11 4:03 (370m = 1:30)
- 2.44km avg 4:06 -- 4:23 4:02 3:36 (440m = 1:34)
good finishing kick 3:36 and good beginning workout kick 2:51   ",3444,11.01,174.0,89,false,"",,activities/12246937512.fit.gz,,,3444.0,3332.0,11009.6,8.42,3.304,5.0,14.0,-9.8,-1.8,12.0,-0.1,,,98.0,86.0,174.0,155.0,,,583.0,,30.0,89.0,,,,,,,,,,,0.0,,0.0,,1.0,11048.4,,,,,,,,,,,,,,,,,,,,,,,,,,0.0,3.197,2159.3,,,,9150.0,,,,,3.316,,,,,,,,,,,,""
11463046534,"May 21, 2024, 11:23:31 AM",Easy,Run,"",4189,12.00,170.0,89,false,,,activities/12238844797.fit.gz,,,4189.0,4071.0,12000.7,11.798,2.948,1.0,6.0,-18.6,-11.6,5.9,0.0,,,99.0,88.0,170.0,149.0,,,657.0,,30.0,89.0,,,,,,,,,,,0.0,,0.0,,1.0,12020.4,,,,,,,,,,,,,,,,,,,,,,,,,,0.0,2.865,6616.8,,,,11800.0,,,,,2.953,,,,,,,,,,,,""
11446308374,"May 19, 2024, 10:39:06 AM",Walk + thứ 4 Cd,Run,"",2016,4.20,,,false,,,,,,2016.0,2016.0,4200.0,,2.083,,,,,,0.0,,,,,,,,,,,,,,,,,,,,,,,0.0,,0.0,,0.0,,,,,,,,,,,,,,,,,,,,,,,,,,,0.0,2.083,0.0,,,,,,,,,,,,,,,,,,,,,""
11442036897,"May 18, 2024, 7:10:55 PM",CD,Run,"",1927,2.88,119.0,5,false,,,activities/12217143209.fit.gz,,,1927.0,1862.0,2888.4,5.269,1.551,8.0,8.0,9.8,18.0,21.5,0.1,,,61.0,57.0,119.0,103.0,,,126.0,,32.0,5.0,,,,,,,,,,,0.0,,0.0,,1.0,2918.7,,,,,,,,,,,,,,,,,,,,,,,,,,0.0,1.499,9.4,,,,3682.0,,,,,1.568,,,,,,,,,,,,""
11442036255,"May 18, 2024, 4:55:24 PM",Eximbank night run chạy ké,Run,"",6661,20.70,173.0,212,false,,,activities/12217142481.fit.gz,,,6661.0,6647.0,20702.9,11.5,3.115,55.0,50.0,-3.2,18.8,6.4,0.0,,,96.0,88.0,173.0,160.0,,,1146.0,,31.0,212.0,,,,,,,,,,,0.0,,0.0,,1.0,20794.6,,,,,,,,,,,,,,,,,,,,,,,,,,0.0,3.108,2887.3,,,,19296.0,,,,,3.128,,,,,,,,,,,,""
11442033914,"May 18, 2024, 4:18:50 PM",WU,Run,"",1059,2.44,148.0,5,false,,,activities/12217140127.fit.gz,,,1059.0,1050.0,2444.8,4.889,2.328,6.0,7.0,-25.6,-20.8,13.1,0.0,,,115.0,73.0,148.0,117.0,,,124.0,,32.0,5.0,,,,,,,,,,,0.0,,0.0,,1.0,2469.0,,,,,,,,,,,,,,,,,,,,,,,,,,0.0,2.309,0.0,,,,2616.0,,,,,2.351,,,,,,,,,,,,""
11446213253,"May 18, 2024, 12:02:00 AM",Add morning,Run,"",3360,8.00,,,false,,,,,,3360.0,3360.0,8000.0,,2.381,,,,,,0.0,,,,,,,,,,,,,,,,,,,,,,,,,0.0,,0.0,,,,,,,,,,,,,,,,,,,,,,,,,,,0.0,2.381,0.0,,,,,,,,,,,,,,,,,,,,,""
11424407578,"May 16, 2024, 11:38:10 AM",5k time trial PR: 19:48,Run,"Route: Lap 1km - Lap 3km - Lap 1km (bắt đầu đèn xanh đèn đỏ) 
Feel hard but HR 151 maybe can push a little bit more",1188,4.84,171.0,27,false,"",,activities/12198988613.fit.gz,,,1188.0,1188.0,4843.0,5.92,4.077,1.0,6.0,-19.8,-13.6,3.1,-0.1,,,95.0,91.0,171.0,151.0,,,216.0,,30.0,27.0,,,,,,,,,,,,,0.0,,1.0,4838.7,,,,,,,,,,,,,,,,,,,,,,,,,,0.0,4.077,2391.6,,,,3576.0,,,,,4.073,,,,,,,,,,,,""
11424406518,"May 16, 2024, 11:21:00 AM",Evening Run,Run,,635,2.00,156.0,9,false,,,activities/12198987647.fit.gz,,,635.0,635.0,2007.8,5.05,3.162,1.0,2.0,-16.2,-13.4,3.5,0.0,,,90.0,88.0,156.0,142.0,,,105.0,,31.0,9.0,,,,,,,,,,,,,0.0,,1.0,2013.2,,,,,,,,,,,,,,,,,,,,,,,,,,0.0,3.162,685.1,,,,1846.0,,,,,3.17,,,,,,,,,,,,""
11408400518,"May 14, 2024, 11:55:01 AM",Easy,Run,"",4681,13.00,163.0,77,false,,,activities/12182561017.fit.gz,,,4681.0,4413.0,13000.7,8.402,2.946,6.0,9.0,-24.8,-13.6,17.7,-0.1,,,95.0,88.0,163.0,145.0,,,657.0,,31.0,77.0,,,,,,,,,,,0.0,,0.0,,1.0,13023.6,,,,,,,,,,,,,,,,,,,,,,,,,,0.0,2.777,8006.2,,,,12774.0,,,,,2.951,,,,,,,,,,,,""
11400285820,"May 13, 2024, 12:45:51 PM",WD,Run,"",899,1.72,146.0,4,false,,,activities/12174235774.fit.gz,,,899.0,836.0,1721.5,5.023,2.059,2.0,2.0,10.8,14.6,5.4,-0.1,,,92.0,74.0,146.0,126.0,,,99.0,,32.0,4.0,,,,,,,,,,,0.0,,0.0,,1.0,1727.9,,,,,,,,,,,,,,,,,,,,,,,,,,0.0,1.915,827.0,,,,2020.0,,,,,2.067,,,,,,,,,,,,""
11400285419,"May 13, 2024, 11:46:43 AM",Threshold interval 6x1k@4:02 rest 2’30”,Run,4:16 4:07 4:08 4:01 3:56 3:46,3504,10.27,160.0,42,false,,,activities/12174235357.fit.gz,,,3504.0,3396.0,10278.3,5.557,3.027,8.0,14.0,-10.6,-1.6,11.3,-0.1,,,116.0,86.0,160.0,140.0,,,466.0,,31.0,42.0,,,,,,,,,,,0.0,,0.0,,1.0,10309.5,,,,,,,,,,,,,,,,,,,,,,,,,,0.0,2.933,1848.4,,,,8938.0,,,,,3.036,,,,,,,,,,,,""
11391616969,"May 12, 2024, 9:04:40 AM",Easy add,Run,"",3600,10.00,,,false,,,,,,3600.0,3600.0,10000.0,,2.778,,,,,,0.0,,,,,,,,,,,,,,,,,,,,,,,,,0.0,,0.0,,,,,,,,,,,,,,,,,,,,,,,,,,,0.0,2.778,0.0,,,,,,,,,,,,,,,,,,,,,""
11389386618,"May 11, 2024, 10:29:01 PM",Long run,Run,"",7156,20.00,169.0,165,false,,,activities/12162952933.fit.gz,,,7156.0,6527.0,20008.3,6.734,3.065,11.0,26.0,-11.6,-2.2,24.1,0.0,,,95.0,87.0,169.0,153.0,,,1072.0,,31.0,165.0,,,,,,,,,,,0.0,,0.0,,1.0,20073.7,,,,,,,,,,,,,,,,,,,,,,,,,,0.0,2.796,5377.1,,,,18940.0,,,,,3.075,,,,,,,,,,,,""
11380891128,"May 10, 2024, 11:39:51 PM",CD,Run,"",877,1.43,160.0,6,false,,,activities/12154183343.fit.gz,,,877.0,818.0,1430.1,5.26,1.748,0.0,6.0,7.8,14.4,10.2,-0.5,,,120.0,67.0,160.0,137.0,,,118.0,,31.0,6.0,,,,,,,,,,,0.0,,0.0,,1.0,1427.1,,,,,,,,,,,,,,,,,,,,,,,,,,0.0,1.631,838.6,,,,1782.0,,,,,1.745,,,,,,,,,,,,""
11380890796,"May 10, 2024, 10:50:47 PM",Threshold tempo run,Run,"",2844,9.01,178.0,93,false,,,activities/12154182970.fit.gz,,,2844.0,2776.0,9010.9,8.159,3.246,4.0,11.0,-10.4,-2.0,10.1,-0.1,,,94.0,89.0,178.0,161.0,,,535.0,,30.0,93.0,,,,,,,,,,,0.0,,0.0,,1.0,9034.9,,,,,,,,,,,,,,,,,,,,,,,,,,0.0,3.168,3831.7,,,,8138.0,,,,,3.255,,,,,,,,,,,,""
11381797066,"May 11, 2024, 12:53:00 AM",Easy = Add,Run,"",1872,5.20,,,false,,,,,,1872.0,1872.0,5200.0,,2.778,,,,,,0.0,,,,,,,,,,,,,,,,,,,,,,,,,0.0,,0.0,,,,,,,,,,,,,,,,,,,,,,,,,,,0.0,2.778,0.0,,,,,,,,,,,,,,,,,,,,,""
11380388311,"May 10, 2024, 11:50:38 AM",Easy = Recovery Run,Run,"",4949,10.86,153.0,31,false,"",,activities/12153667701.fit.gz,,,4949.0,4733.0,10861.3,9.912,2.295,21.0,29.0,25.2,39.6,21.8,-0.1,,,95.0,75.0,153.0,127.0,,,553.0,,31.0,31.0,,,,,,,,,,,,,0.0,,1.0,10915.4,,,,,,,,,,,,,,,,,,,,,,,,,,0.0,2.195,5545.2,,,,11610.0,,,,,2.306,,,,,,,,,,,,""
11360923033,"May 8, 2024, 12:06:16 PM",Interval with ARS: 5x(30s @3:25 30s@4:35) 5x1200@4:07,Run,"4:01 1.2k last 300 meters 3:09 maybe 1.4 km
4:07 4:12
Cut down 1200 1200 1000 800 600 
vì gãy",3022,8.55,175.0,50,false,"",,activities/12133651281.fit.gz,,,3022.0,2868.0,8554.8,8.185,2.983,22.0,32.0,-12.0,-0.8,25.9,0.0,,,98.0,82.0,175.0,148.0,,,447.0,,29.0,50.0,,,,,,,,,,,,,0.0,,1.0,8708.6,,,,,,,,,,,,,,,,,,,,,,,,,,0.0,2.831,2244.4,,,,7148.0,,,,,3.036,,,,,,,,,,,,""
11345720341,"May 6, 2024, 11:07:41 AM",5 easy/ recovery run,Run,Tired legs,1667,5.00,160.0,18,false,,,activities/12118063191.fit.gz,,,1667.0,1655.0,5008.1,7.406,3.026,1.0,8.0,11.2,16.8,10.1,0.0,,,91.0,85.0,160.0,139.0,,,248.0,,31.0,18.0,,,,,,,,,,,0.0,,0.0,,1.0,5040.8,,,,,,,,,,,,,,,,,,,,,,,,,,0.0,3.004,483.9,,,,4658.0,,,,,3.046,,,,,,,,,,,,""
11345719794,"May 4, 2024, 10:40:03 PM",Failed without GPS,Run,"",1434,4.10,161.0,24,false,,,activities/12118062601.fit.gz,,,1434.0,1157.0,4099.1,7.03,3.543,5.0,11.0,-4.8,5.6,15.3,0.0,,,97.0,92.0,161.0,148.0,,,203.0,,29.0,24.0,,,,,,,,,,,0.0,,0.0,,1.0,4142.3,,,,,,,,,,,,,,,,,,,,,,,,,,0.0,2.859,511.8,,,,3504.0,,,,,3.58,,,,,,,,,,,,""
11345770467,"May 5, 2024, 12:41:00 AM",Short interval after failed 10k attempt,Run,"",720,3.00,,,false,,,,,,720.0,720.0,3000.0,,4.167,,,,,,0.0,,,,,,,,,,,,,,,,,,,,,,,0.0,,0.0,,0.0,,,,,,,,,,,,,,,,,,,,,,,,,,,0.0,4.167,0.0,,,,,,,,,,,,,,,,,,,,,""
11345779365,"May 4, 2024, 11:42:58 PM",CD,Run,"",1800,5.00,,,false,,,,,,1800.0,1800.0,5000.0,,2.778,,,,,,0.0,,,,,,,,,,,,,,,,,,,,,,,0.0,,0.0,,0.0,,,,,,,,,,,,,,,,,,,,,,,,,,,0.0,2.778,0.0,,,,,,,,,,,,,,,,,,,,,""
11345760866,"May 4, 2024, 11:39:00 PM",5k PR but had like 5s off,Run,Too bad. Poor discipline,1157,5.00,,,false,,,,,,1157.0,1157.0,5000.0,,4.322,,,,,,0.0,,,,,,,,,,,,,,,,,,,,,,,0.0,,0.0,,0.0,,,,,,,,,,,,,,,,,,,,,,,,,,,0.0,4.322,0.0,,,,,,,,,,,,,,,,,,,,,""
11345786049,"May 4, 2024, 2:44:00 PM",Add,Run,"",5400,15.00,,,false,,,,,,5400.0,5400.0,15000.0,,2.778,,,,,,0.0,,,,,,,,,,,,,,,,,,,,,,,,,0.0,,0.0,,,,,,,,,,,,,,,,,,,,,,,,,,,0.0,2.778,0.0,,,,,,,,,,,,,,,,,,,,,""
11345719261,"May 3, 2024, 11:44:03 AM",Wu,Run,"",315,1.00,145.0,2,false,,,activities/12118062059.fit.gz,,,315.0,307.0,1005.3,3.648,3.274,2.0,7.0,13.6,22.2,27.6,-0.5,,,97.0,93.0,145.0,135.0,,,47.0,,30.0,2.0,,,,,,,,,,,0.0,,0.0,,1.0,1004.9,,,,,,,,,,,,,,,,,,,,,,,,,,0.0,3.191,0.0,,,,946.0,,,,,3.273,,,,,,,,,,,,""
11345718676,"May 3, 2024, 11:27:58 AM",Evening Run,Run,,587,1.62,159.0,8,false,,,activities/12118061484.fit.gz,,,587.0,587.0,1625.2,3.255,2.769,0.0,3.0,17.8,21.0,3.3,-0.1,,,96.0,88.0,159.0,143.0,,,99.0,,31.0,8.0,,,,,,,,,,,,,0.0,,1.0,1624.4,,,,,,,,,,,,,,,,,,,,,,,,,,0.0,2.769,0.0,,,,1724.0,,,,,2.767,,,,,,,,,,,,""
11314625840,"May 2, 2024, 11:31:36 AM",Recovery,Run,,2168,5.02,,,false,,,activities/11314625840.gpx,,,2168.0,2146.0,5019.7,4.876,2.339,3.6,3.6,3.1,6.9,4.1,0.0,,,,,,,,,,,,,,,,,,,,,,,,,0.0,,1.0,5024.2,,,,,,,,,,,,,,,,,,,,,,,,,,0.0,2.315,2547.8,,,,,,,,,2.341,,,,,,,,,,,,""
11312306210,"May 1, 2024, 11:42:32 AM",Easy,Run,3x 30’@3:27,3996,10.02,160.0,49,false,,,activities/12083669911.fit.gz,,,3996.0,3563.0,10027.9,9.293,2.814,14.0,20.0,30.0,38.8,8.2,0.0,,,97.0,84.0,160.0,140.0,,,514.0,,31.0,49.0,,,,,,,,,,,0.0,,0.0,,1.0,10078.5,,,,,,,,,,,,,,,,,,,,,,,,,,0.0,2.509,4102.9,,,,9770.0,,,,,2.829,,,,,,,,,,,,""
11298553737,"Apr 30, 2024, 11:57:21 AM","Interval (8x400@3:10 3:30’ , 2x200@2:45 3:00 )",Run,"400: 66 75 74 76 78 77 75 88 = 76 
200: 35 33",3446,6.00,157.0,14,false,,,activities/12069540727.fit.gz,,,3446.0,3032.0,6007.5,8.708,1.981,11.0,19.0,-20.0,-12.6,18.1,0.0,,,103.0,79.0,157.0,128.0,,,326.0,,30.0,14.0,,,,,,,,,,,0.0,,0.0,,1.0,6105.6,,,,,,,,,,,,,,,,,,,,,,,,,,0.0,1.743,2150.8,,,,5800.0,,,,,2.014,,,,,,,,,,,,""
11298551638,"Apr 30, 2024, 11:34:33 AM",WU,Run,"",1182,3.01,153.0,6,false,,,activities/12069538555.fit.gz,,,1182.0,1054.0,3013.3,4.604,2.859,2.0,8.0,11.0,16.0,8.7,-0.1,,,95.0,87.0,153.0,130.0,,,140.0,,31.0,6.0,,,,,,,,,,,0.0,,0.0,,1.0,3026.9,,,,,,,,,,,,,,,,,,,,,,,,,,0.0,2.549,328.7,,,,3040.0,,,,,2.872,,,,,,,,,,,,""
11302906869,"Apr 30, 2024, 1:23:00 AM",2k CD,Run,"",720,2.00,,,false,,,,,,720.0,720.0,2000.0,,2.778,,,,,,0.0,,,,,,,,,,,,,,,,,,,,,,,,,0.0,,0.0,,,,,,,,,,,,,,,,,,,,,,,,,,,0.0,2.778,0.0,,,,,,,,,,,,,,,,,,,,,""
11296144835,"Apr 29, 2024, 10:54:47 AM",Easy + 1 strides,Run,"",3705,10.01,162.0,44,false,,,activities/12067059474.fit.gz,,,3705.0,3352.0,10017.6,8.872,2.989,14.0,23.0,-22.0,-11.8,25.0,0.0,,,110.0,89.0,162.0,141.0,,,490.0,,32.0,44.0,,,,,,,,,,,0.0,,0.0,,1.0,10081.2,,,,,,,,,,,,,,,,,,,,,,,,,,0.0,2.704,5180.4,,,,9778.0,,,,,3.008,,,,,,,,,,,,""
11279400926,"Apr 27, 2024, 11:59:05 PM",2km jog,Run,"",1196,2.00,149.0,5,false,,,activities/12049855584.fit.gz,,,1196.0,1097.0,2001.3,3.62,1.824,4.0,3.0,-11.4,-8.6,6.4,0.0,,,93.0,69.0,149.0,120.0,,,115.0,,32.0,5.0,,,,,,,,,,,0.0,,0.0,,1.0,2012.6,,,,,,,,,,,,,,,,,,,,,,,,,,0.0,1.673,824.5,,,,2420.0,,,,,1.835,,,,,,,,,,,,""
11279400874,"Apr 27, 2024, 10:26:03 PM",Long run(heat training),Run,"",5530,15.00,175.0,131,false,,,activities/12049855449.fit.gz,,,5530.0,5086.0,15004.9,6.346,2.95,9.0,25.0,9.4,17.8,28.2,0.0,,,95.0,87.0,175.0,154.0,,,837.0,,31.0,131.0,,,,,,,,,,,0.0,,0.0,,1.0,15086.5,,,,,,,,,,,,,,,,,,,,,,,,,,0.0,2.713,3573.0,,,,14668.0,,,,,2.966,,,,,,,,,,,,""
11280048668,"Apr 28, 2024, 4:27:53 AM",Long run P2(add),Run,"",3240,9.00,,,false,,,,,,3240.0,3240.0,9000.0,,2.778,,,,,,0.0,,,,,,,,,,,,,,,,,,,,,,,,,0.0,,0.0,,,,,,,,,,,,,,,,,,,,,,,,,,,0.0,2.778,0.0,,,,,,,,,,,,,,,,,,,,,""
11275858405,"Apr 27, 2024, 11:26:26 AM",Test 800m = 2:44,Run,"",164,0.79,161.0,3,false,"",,activities/12046187103.fit.gz,,,164.0,164.0,794.9,7.116,4.847,0.0,1.0,-3.0,-1.0,4.5,-0.1,,,98.0,96.0,161.0,145.0,,,27.0,,31.0,3.0,,,,,,,,,,,0.0,,0.0,,1.0,796.8,,,,,,,,,,,,,,,,,,,,,,,,,,0.0,4.847,0.0,,,,522.0,,,,,4.859,,,,,,,,,,,,""
11275857957,"Apr 27, 2024, 11:18:05 AM",300m@3:00,Run,"",50,0.27,130.0,0,false,"",,activities/12046186809.fit.gz,,,50.0,50.0,278.5,7.44,5.571,0.0,1.0,-3.0,-1.0,2.3,-0.5,,,102.0,99.0,130.0,116.0,,,5.0,,32.0,0.0,,,,,,,,,,,0.0,,0.0,,1.0,276.2,,,,,,,,,,,,,,,,,,,,,,,,,,0.0,5.571,0.0,,,,164.0,,,,,5.524,,,,,,,,,,,,""
11275857622,"Apr 27, 2024, 11:08:27 AM",4x200m @3:13,Run,"",64,0.28,126.0,0,false,"",,activities/12046186411.fit.gz,,,64.0,64.0,287.9,6.202,4.499,0.0,0.0,-2.8,-1.2,5.3,-0.3,,,104.0,93.0,126.0,113.0,,,6.0,,32.0,0.0,,,,,,,,,,,0.0,,0.0,,1.0,288.3,,,,,,,,,,,,,,,,,,,,,,,,,,0.0,4.499,0.0,,,,150.0,,,,,4.505,,,,,,,,,,,,""
11275857518,"Apr 27, 2024, 10:48:56 AM",WU,Run,"",219,0.43,123.0,0,false,"",,activities/12046186323.fit.gz,,,219.0,144.0,434.8,8.496,3.019,1.0,1.0,-2.0,0.0,6.5,0.0,,,96.0,84.0,123.0,112.0,,,15.0,,33.0,0.0,,,,,,,,,,,,,0.0,,1.0,440.6,,,,,,,,,,,,,,,,,,,,,,,,,,0.0,1.985,0.0,,,,372.0,,,,,3.06,,,,,,,,,,,,""
11280051035,"Apr 27, 2024, 7:22:00 AM",WU WD track,Run,"",1596,4.20,,,false,,,,,,1596.0,1596.0,4200.0,,2.632,,,,,,0.0,,,,,,,,,,,,,,,,,,,,,,,,,0.0,,0.0,,,,,,,,,,,,,,,,,,,,,,,,,,,0.0,2.632,0.0,,,,,,,,,,,,,,,,,,,,,""
11271997078,"Apr 26, 2024, 10:49:24 PM",Morning Run,Run,,2578,8.79,187.0,124,false,,,activities/12042185549.fit.gz,,,2578.0,2566.0,8792.3,7.212,3.426,2.0,9.0,-12.4,-2.0,4.0,-0.1,,,96.0,89.0,187.0,169.0,,,530.0,,30.0,124.0,,,,,,,,,,,,,0.0,,1.0,8795.7,,,,,,,,,,,,,,,,,,,,,,,,,,0.0,3.411,3487.8,,,,7622.0,,,,,3.428,,,,,,,,,,,,""
11271996216,"Apr 26, 2024, 12:55:40 PM",Evening Run,Run,,1142,3.00,136.0,4,false,,,activities/12042184683.fit.gz,,,1142.0,1103.0,3007.3,11.602,2.726,4.0,6.0,7.0,13.4,13.5,-0.1,,,98.0,86.0,136.0,122.0,,,130.0,,32.0,4.0,,,,,,,,,,,,,0.0,,1.0,3016.7,,,,,,,,,,,,,,,,,,,,,,,,,,0.0,2.633,2052.2,,,,3128.0,,,,,2.735,,,,,,,,,,,,""
11271995966,"Apr 26, 2024, 11:24:51 AM",Evening Run,Run,,799,1.98,146.0,3,false,,,activities/12042184388.fit.gz,,,799.0,678.0,1982.4,4.979,2.924,1.0,3.0,13.0,15.8,13.9,0.0,,,93.0,88.0,146.0,126.0,,,85.0,,32.0,3.0,,,,,,,,,,,,,0.0,,1.0,1998.4,,,,,,,,,,,,,,,,,,,,,,,,,,0.0,2.481,431.3,,,,1936.0,,,,,2.947,,,,,,,,,,,,""
11273987092,"Apr 26, 2024, 10:14:00 AM",2km WU thứ 4 + 3km drill hom qua + mileage this morning,Run,"",2016,5.60,,,false,,,,,,2016.0,2016.0,5600.0,,2.778,,,,,,0.0,,,,,,,,,,,,,,,,,,,,,,,,,0.0,,0.0,,,,,,,,,,,,,,,,,,,,,,,,,,,0.0,2.778,0.0,,,,,,,,,,,,,,,,,,,,,""
11265850185,"Apr 25, 2024, 10:15:00 AM",Ball run,Run,"",4800,10.66,,,false,,,,,,4800.0,4800.0,10666.7,,2.222,,,,,,0.0,,,,,,,,,,,,,,,,,,,,,,,,,0.0,,0.0,,,,,,,,,,,,,,,,,,,,,,,,,,,0.0,2.222,0.0,,,,,,,,,,,,,,,,,,,,,""
11258553944,"Apr 24, 2024, 6:30:00 PM",Interval with ARS 8x1000 @3:59 ( failed only 4 reps) 2:30 rest,Run,"4:07 4:08  4:01 3:42

Thầy Ngọc kéo",2552,8.00,,,false,"",,,,,2552.0,2552.0,8000.0,,3.135,,,,,,0.0,,,,,,,,,,,,,,,,,,,,,,,,,0.0,,0.0,,,,,,,,,,,,,,,,,,,,,,,,,,,0.0,3.135,0.0,,,,,,,,,,,,,,,,,,,,,""
11258547436,"Apr 23, 2024, 6:30:00 PM",Evening Run,Run,"",3562,10.00,,,false,"",,,,,3562.0,3562.0,10000.0,,2.807,,,,,,0.0,,,,,,,,,,,,,,,,,,,,,,,,,0.0,,0.0,,,,,,,,,,,,,,,,,,,,,,,,,,,0.0,2.807,0.0,,,,,,,,,,,,,,,,,,,,,""
11253493179,"Apr 21, 2024, 11:43:07 AM",1 km Interval + 8 km easy,Run,1 km: 3:30,4088,7.97,161.0,22,false,"",,activities/12022945227.fit.gz,,,4088.0,3715.0,7975.9,8.33,2.147,10.0,15.0,-21.0,-12.2,20.3,-0.1,,,99.0,75.0,161.0,126.0,,,391.0,,30.0,22.0,,,,,,,,,,,,,0.0,,1.0,8067.4,,,,,,,,,,,,,,,,,,,,,,,,,,0.0,1.951,2039.9,,,,8384.0,,,,,2.172,,,,,,,,,,,,""
11253480970,"Apr 21, 2024, 11:10:03 AM",WU,Run,"",1398,4.01,160.0,19,false,"",,activities/12022932647.fit.gz,,,1398.0,1392.0,4010.3,7.1,2.881,0.0,3.0,10.6,15.0,5.3,0.0,,,92.0,84.0,160.0,138.0,,,213.0,,31.0,19.0,,,,,,,,,,,,,0.0,,1.0,4018.1,,,,,,,,,,,,,,,,,,,,,,,,,,0.0,2.869,1608.0,,,,3800.0,,,,,2.887,,,,,,,,,,,,""
11258540546,"Apr 21, 2024, 6:00:00 PM",Easy run,Run,"",3600,9.00,,,false,"",,,,,3600.0,3600.0,9000.0,,2.5,,,,,,0.0,,,,,,,,,,,,,,,,,,,,,,,,,0.0,,0.0,,,,,,,,,,,,,,,,,,,,,,,,,,,0.0,2.5,0.0,,,,,,,,,,,,,,,,,,,,,""
11220024428,"Apr 19, 2024, 11:38:59 PM",CD + mileage,Run,"",876,1.49,162.0,5,false,,,activities/11988431870.fit.gz,,,876.0,834.0,1496.0,3.789,1.794,1.0,4.0,11.4,15.8,3.6,-0.1,,,93.0,66.0,162.0,130.0,,,105.0,,31.0,5.0,,,,,,,,,,,0.0,,0.0,,1.0,1497.4,,,,,,,,,,,,,,,,,,,,,,,,,,0.0,1.708,711.3,,,,1840.0,,,,,1.795,,,,,,,,,,,,""
11220024230,"Apr 19, 2024, 10:50:22 PM",Feel easy but hr 170,Run,Idk but good conversation with a gì đó all the time,2802,9.45,186.0,137,false,,,activities/11988431700.fit.gz,,,2802.0,2796.0,9450.2,5.586,3.38,2.0,12.0,-13.8,-3.0,13.4,-0.1,,,93.0,90.0,186.0,170.0,,,581.0,,29.0,137.0,,,,,,,,,,,0.0,,0.0,,1.0,9454.7,,,,,,,,,,,,,,,,,,,,,,,,,,0.0,3.373,5223.0,,,,8322.0,,,,,3.382,,,,,,,,,,,,""
11216861375,"Apr 19, 2024, 12:43:01 PM",Easy,Run,"",3735,10.00,175.0,67,false,,,activities/11985188857.fit.gz,,,3735.0,3470.0,10008.6,4.58,2.884,7.0,16.0,7.4,17.0,41.3,0.0,,,97.0,87.0,175.0,147.0,,,545.0,,31.0,67.0,,,,,,,,,,,0.0,,0.0,,1.0,10068.4,,,,,,,,,,,,,,,,,,,,,,,,,,0.0,2.68,4346.2,,,,9648.0,,,,,2.902,,,,,,,,,,,,""
11217288242,"Apr 19, 2024, 9:10:00 AM",Drill,Run,"",2160,4.00,,,false,,,,,,2160.0,2160.0,4000.0,,1.852,,,,,,0.0,,,,,,,,,,,,,,,,,,,,,,,,,0.0,,0.0,,,,,,,,,,,,,,,,,,,,,,,,,,,0.0,1.852,0.0,,,,,,,,,,,,,,,,,,,,,""
11209630031,"Apr 18, 2024, 8:53:00 AM",Easy,Run,"",3412,10.05,164.0,73,false,,,activities/11977768526.fit.gz,,,3412.0,3309.0,10050.0,3.289,3.037,0.0,0.0,0.0,0.0,0.0,0.0,,,94.0,87.0,164.0,148.0,,,533.0,,28.0,73.0,,,,,,,,,,,0.0,,0.0,,1.0,10045.1,,,,,,,,,,,,,,,,,,,,,,,,,,0.0,2.945,0.0,,,,9474.0,,,,,,,,,,,,,,,,,""
11202923262,"Apr 17, 2024, 12:56:08 PM",CD,Run,"",1143,1.70,141.0,3,false,,,activities/11970897609.fit.gz,,,1143.0,1110.0,1699.8,6.058,1.531,4.0,2.0,-9.2,-3.8,23.9,0.0,,,90.0,61.0,141.0,116.0,,,91.0,,31.0,3.0,,,,,,,,,,,0.0,,0.0,,1.0,1726.2,,,,,,,,,,,,,,,,,,,,,,,,,,0.0,1.487,687.4,,,,2036.0,,,,,1.555,,,,,,,,,,,,""
11202923152,"Apr 17, 2024, 11:58:39 AM",Interval with ARS (6x1000@3:47 2:30),Run,4:00 3:55 3:37 3:40 3:42 3:50,3357,8.28,167.0,39,false,,,activities/11970897496.fit.gz,,,3357.0,2907.0,8280.3,9.521,2.848,8.0,16.0,-9.6,-2.8,15.9,-0.1,,,98.0,83.0,167.0,142.0,,,419.0,,29.0,39.0,,,,,,,,,,,0.0,,0.0,,1.0,8325.9,,,,,,,,,,,,,,,,,,,,,,,,,,0.0,2.467,981.0,,,,7390.0,,,,,2.864,,,,,,,,,,,,""
11202921170,"Apr 17, 2024, 11:28:39 AM",WU,Run,"",650,2.01,134.0,2,false,,,activities/11970895530.fit.gz,,,650.0,650.0,2012.8,7.18,3.097,0.0,2.0,30.2,35.2,16.3,-0.1,,,92.0,88.0,134.0,123.0,,,78.0,,30.0,2.0,,,,,,,,,,,0.0,,0.0,,1.0,2012.9,,,,,,,,,,,,,,,,,,,,,,,,,,0.0,3.097,600.5,,,,1894.0,,,,,3.097,,,,,,,,,,,,""
11206845731,"Apr 17, 2024, 12:48:00 PM",Bù cho speed run ko gps,Run,"",600,2.00,,,false,,,,,,600.0,600.0,2000.0,,3.333,,,,,,0.0,,,,,,,,,,,,,,,,,,,,,,,,,0.0,,0.0,,,,,,,,,,,,,,,,,,,,,,,,,,,0.0,3.333,0.0,,,,,,,,,,,,,,,,,,,,,""
11195216527,"Apr 16, 2024, 10:42:57 AM",Easy,Run,"",3827,10.32,168.0,56,false,,,activities/11963012983.fit.gz,,,3827.0,3592.0,10320.5,7.157,2.873,9.0,14.0,-19.0,-12.8,11.3,0.0,,,106.0,86.0,168.0,144.0,,,525.0,,31.0,56.0,,,,,,,,,,,0.0,,0.0,,1.0,10384.3,,,,,,,,,,,,,,,,,,,,,,,,,,0.0,2.697,5914.8,,,,10122.0,,,,,2.891,,,,,,,,,,,,""
11180405119,"Apr 14, 2024, 10:23:00 AM",Progressive run + 1h strength session,Run,"6:00 -> 4:30(4km)
Ở gym cali",3600,12.00,,,false,,,,,,3600.0,3600.0,12000.0,,3.333,,,,,,0.0,,,,,,,,,,,,,,,,,,,,,,,,,0.0,,0.0,,,,,,,,,,,,,,,,,,,,,,,,,,,0.0,3.333,0.0,,,,,,,,,,,,,,,,,,,,,""
11176324365,"Apr 13, 2024, 11:13:30 PM",Easy,Run,"",3055,7.28,169.0,40,false,,,activities/11943518647.fit.gz,,,3055.0,2901.0,7279.1,4.233,2.509,14.0,22.0,-39.4,-30.6,13.1,-0.1,,,93.0,79.0,169.0,140.0,,,399.0,,30.0,40.0,,,,,,,,,,,0.0,,0.0,,1.0,7306.3,,,,,,,,,,,,,,,,,,,,,,,,,,0.0,2.383,6723.3,,,,7436.0,,,,,2.519,,,,,,,,,,,,""
11176323985,"Apr 13, 2024, 10:49:56 PM",Easy,Run,"",1143,3.01,144.0,5,false,,,activities/11943518228.fit.gz,,,1143.0,1065.0,3012.7,3.166,2.829,3.0,7.0,-33.0,-25.4,3.5,-0.2,,,93.0,85.0,144.0,127.0,,,142.0,,29.0,5.0,,,,,,,,,,,0.0,,0.0,,1.0,3006.3,,,,,,,,,,,,,,,,,,,,,,,,,,0.0,2.636,0.0,,,,2992.0,,,,,2.823,,,,,,,,,,,,""
11168126964,"Apr 13, 2024, 12:41:42 AM",Recovery P2,Run,,2690,5.20,,,false,,,activities/11168126964.gpx,,,2690.0,2599.0,5208.2,7.124,2.004,2.4,2.5,3.1,5.9,11.1,0.0,,,,,,,,,,,,,,,,,,,,,,,,,0.0,,1.0,5223.0,,,,,,,,,,,,,,,,,,,,,,,,,,0.0,1.936,980.8,,,,,,,,,2.01,,,,,,,,,,,,""
11167894675,"Apr 12, 2024, 11:45:26 PM",Recovery part 1,Run,"",2354,4.87,,,false,,,activities/11167894675.gpx,,,2354.0,2094.0,4876.0,5.176,2.329,4.7,3.6,3.3,6.9,5.0,0.0,,,,,,,,,,,,,,,,,,,,,,,0.0,,0.0,,1.0,4884.9,,,,,,,,,,,,,,,,,,,,,,,,,,0.0,2.071,2568.0,,,,,,,,,2.333,,,,,,,,,,,,""
11164112621,"Apr 12, 2024, 11:21:56 AM",Medium long run,Run,Tired leg,5033,14.02,166.0,62,false,Đau dây chằng( đầu gối) phải,,activities/11930948845.fit.gz,,,5033.0,4911.0,14025.1,9.67,2.856,4.0,15.0,-23.6,-13.2,10.1,-0.1,,,94.0,86.0,166.0,141.0,,,670.0,,31.0,62.0,,,,,,,,,,,0.0,,0.0,,1.0,14052.8,,,,,,,,,,,,,,,,,,,,,,,,,,0.0,2.787,4922.1,,,,14002.0,,,,,2.861,,,,,,,,,,,,""
11164345212,"Apr 11, 2024, 1:46:58 PM",Ball + Drill,Run,"",4200,10.00,,,false,,,,,,4200.0,4200.0,10000.0,,2.381,,,,,,0.0,,,,,,,,,,,,,,,,,,,,,,,,,0.0,,0.0,,,,,,,,,,,,,,,,,,,,,,,,,,,0.0,2.381,0.0,,,,,,,,,,,,,,,,,,,,,""
11149448365,"Apr 10, 2024, 12:02:07 PM",Interval with ARS(8x800m @3:51 rest 2:30),Run,"1 km WU
8x800m
3 km CD",4434,13.00,176.0,77,false,,,activities/11915902589.fit.gz,,,4434.0,4332.0,13003.5,11.36,3.002,7.0,11.0,-13.6,-5.0,13.1,0.0,,,123.0,84.0,176.0,147.0,,,628.0,,31.0,77.0,,,,,,,,,,,0.0,,0.0,,1.0,13065.0,,,,,,,,,,,,,,,,,,,,,,,,,,0.0,2.933,2624.3,,,,11428.0,,,,,3.016,,,,,,,,,,,,""
11149442898,"Apr 10, 2024, 11:37:16 AM",WU,Run,"",317,0.99,134.0,1,false,,,activities/11915897081.fit.gz,,,317.0,317.0,996.1,5.42,3.142,0.0,1.0,33.2,35.0,3.3,0.0,,,91.0,88.0,134.0,126.0,,,41.0,,32.0,1.0,,,,,,,,,,,0.0,,0.0,,1.0,998.8,,,,,,,,,,,,,,,,,,,,,,,,,,0.0,3.142,444.7,,,,934.0,,,,,3.151,,,,,,,,,,,,""
11148302010,"Apr 9, 2024, 10:22:04 AM",Easy,Run,"",3766,10.00,169.0,91,false,,,activities/11914728187.fit.gz,,,3766.0,3750.0,10004.0,5.875,2.668,6.0,10.0,-5.4,-0.6,9.5,0.0,,,91.0,84.0,169.0,152.0,,,622.0,,32.0,91.0,,,,,,,,,,,0.0,,0.0,,1.0,10046.5,,,,,,,,,,,,,,,,,,,,,,,,,,0.0,2.656,4272.8,,,,10406.0,,,,,2.679,,,,,,,,,,,,""
11138820924,"Apr 7, 2024, 11:19:28 AM",Easy,Run,Tired leg,3970,8.00,167.0,35,false,,,activities/11905014380.fit.gz,,,3970.0,3604.0,8004.7,4.797,2.221,22.0,29.0,10.8,29.4,25.6,-0.1,,,96.0,76.0,167.0,133.0,,,466.0,,31.0,35.0,,,,,,,,,,,0.0,,0.0,,1.0,8079.6,,,,,,,,,,,,,,,,,,,,,,,,,,0.0,2.016,5058.9,,,,8828.0,,,,,2.242,,,,,,,,,,,,""
11125156531,"Apr 7, 2024, 7:00:00 AM",Chạy trong phòng gym,Run,"",4725,10.50,,,false,,,,,,4725.0,4725.0,10500.0,,2.222,,,,,,0.0,,,,,,,,,,,,,,,,,,,,,,,,,0.0,,0.0,,,,,,,,,,,,,,,,,,,,,,,,,,,0.0,2.222,0.0,,,,,,,,,,,,,,,,,,,,,""
11115445919,"Apr 5, 2024, 11:30:47 PM",Adidas Break 10k : 10k@40:00 attempt fail,Run,"",2953,10.01,185.0,99,false,"",,activities/11880837289.fit.gz,,,2953.0,2947.0,10010.4,5.593,3.397,6.0,13.0,-10.8,-2.8,8.2,0.0,,,98.0,87.0,185.0,160.0,,,551.0,,29.0,99.0,,,,,,,,,,,,,0.0,,1.0,10056.2,,,,,,,,,,,,,,,,,,,,,,,,,,0.0,3.39,10010.4,,,,8404.0,,,,,3.412,,,,,,,,,,,,""
11118893558,"Apr 6, 2024, 6:00:00 AM",Warm up + CD before after,Run,+ 1k di bo di in luc chieu,600,10.00,,,false,"",,,,,600.0,600.0,10000.0,,16.667,,,,,,0.0,,,,,,,,,,,,,,,,,,,,,,,,,0.0,,0.0,,,,,,,,,,,,,,,,,,,,,,,,,,,0.0,16.667,0.0,,,,,,,,,,,,,,,,,,,,,""
11115445182,"Apr 5, 2024, 10:14:00 PM",Mile warm up,Run,"",779,1.59,142.0,3,false,"",,activities/11880836554.fit.gz,,,779.0,772.0,1598.7,4.239,2.071,1.0,3.0,-18.0,-14.6,12.3,-0.1,,,93.0,79.0,142.0,121.0,,,85.0,,29.0,3.0,,,,,,,,,,,,,0.0,,1.0,1609.9,,,,,,,,,,,,,,,,,,,,,,,,,,0.0,2.052,567.4,,,,2002.0,,,,,2.085,,,,,,,,,,,,""
11097679888,"Apr 3, 2024, 12:43:03 PM",CD Walk,Run,"",1213,2.23,155.0,6,false,"",,activities/11862564149.fit.gz,,,1213.0,1171.0,2234.8,3.6,1.908,9.0,12.0,-20.4,-11.4,23.0,-0.1,,,90.0,70.0,,123.0,,,127.0,,31.0,6.0,,,,,,,,,,,,,0.0,,1.0,2273.9,,,,,,,,,,,,,,,,,,,,,,,,,,0.0,1.842,0.0,,,,2120.0,,,,,,,,,,,,,,,,,""
11097679219,"Apr 3, 2024, 11:53:51 AM",Interval with ARS: 6x800m @ 4:08 rest 2',Run,"",2861,7.78,164.0,36,false,"",,activities/11862563499.fit.gz,,,2861.0,2787.0,7787.4,6.382,2.794,11.0,17.0,-5.4,3.4,17.6,0.0,,,96.0,80.0,,141.0,,,379.0,,30.0,36.0,,,,,,,,,,,,,0.0,,1.0,7861.6,,,,,,,,,,,,,,,,,,,,,,,,,,0.0,2.722,954.4,,,,6968.0,,,,,,,,,,,,,,,,,""
11090192337,"Apr 2, 2024, 11:05:55 AM",Easy run,Run,Tired leg,4029,10.04,169.0,52,false,,,activities/11854769587.fit.gz,,,4029.0,3735.0,10041.1,7.82,2.688,7.0,14.0,-11.0,-1.0,39.4,-0.1,,,98.0,86.0,,144.0,,,536.0,,30.0,52.0,,,,,,,,,,,0.0,,0.0,,1.0,10082.0,,,,,,,,,,,,,,,,,,,,,,,,,,0.0,2.492,5265.4,,,,9860.0,,,,,,,,,,,,,,,,,""
11076802805,"Mar 31, 2024, 12:59:29 PM",Long run 23km P2,Run,"",3050,6.83,165.0,31,false,,,activities/11840434403.fit.gz,,,3050.0,2931.0,6830.0,9.298,2.33,11.0,17.0,-23.6,-15.8,22.8,-0.1,,,95.0,77.0,,136.0,,,379.0,,32.0,31.0,,,,,,,,,,,0.0,,0.0,,1.0,6867.3,,,,,,,,,,,,,,,,,,,,,,,,,,0.0,2.239,3275.2,,,,7040.0,,,,,,,,,,,,,,,,,""
11076801655,"Mar 31, 2024, 11:21:51 AM",Long run 23km P1,Run,"",5741,16.00,169.0,138,false,,,activities/11840433227.fit.gz,,,5741.0,5564.0,16001.8,8.1,2.876,8.0,17.0,-18.8,-13.4,10.5,0.0,,,96.0,87.0,,153.0,,,868.0,,31.0,138.0,,,,,,,,,,,0.0,,0.0,,1.0,16054.1,,,,,,,,,,,,,,,,,,,,,,,,,,0.0,2.787,4988.1,,,,15978.0,,,,,,,,,,,,,,,,,""
11095283537,"Mar 30, 2024, 1:22:00 PM",Tuổi Hồng 28,Run,"",702,1.30,,,false,,,,,,702.0,702.0,1300.0,,1.852,,,,,,0.0,,,,,,,,,,,,,,,,,,,,,,,,,0.0,,0.0,,,,,,,,,,,,,,,,,,,,,,,,,,,0.0,1.852,0.0,,,,,,,,,,,,,,,,,,,,,""
11075060400,"Mar 30, 2024, 10:21:00 AM",Chạy gym ở Cali + strength workout,Run,"",2520,6.00,,,false,,,,,,2520.0,2520.0,6000.0,,2.381,,,,,,0.0,,,,,,,,,,,,,,,,,,,,,,,,,0.0,,0.0,,,,,,,,,,,,,,,,,,,,,,,,,,,0.0,2.381,0.0,,,,,,,,,,,,,,,,,,,,,""
11075019812,"Mar 29, 2024, 10:45:26 PM",Threshold with AR,Run,"",2715,8.63,169.0,71,false,,,activities/11838474621.fit.gz,,,2715.0,2635.0,8637.6,10.008,3.278,11.0,13.0,4.4,15.4,19.0,-0.1,,,96.0,87.0,,155.0,,,465.0,,29.0,71.0,,,,,,,,,,,0.0,,0.0,,1.0,8669.4,,,,,,,,,,,,,,,,,,,,,,,,,,0.0,3.181,4351.0,,,,7622.0,,,,,,,,,,,,,,,,,""
11075104570,"Mar 29, 2024, 10:26:00 AM",Drills + Stride with ARS,Run,"",2880,6.85,,,false,,,,,,2880.0,2880.0,6857.1,,2.381,,,,,,0.0,,,,,,,,,,,,,,,,,,,,,,,,,0.0,,0.0,,,,,,,,,,,,,,,,,,,,,,,,,,,0.0,2.381,0.0,,,,,,,,,,,,,,,,,,,,,""
11075077708,"Mar 28, 2024, 10:23:00 AM",Walk khi đi chơi với trường,Run,"",3780,6.30,,,false,,,,,,3780.0,3780.0,6300.0,,1.667,,,,,,0.0,,,,,,,,,,,,,,,,,,,,,,,,,0.0,,0.0,,,,,,,,,,,,,,,,,,,,,,,,,,,0.0,1.667,0.0,,,,,,,,,,,,,,,,,,,,,""
11048459655,"Mar 27, 2024, 11:51:56 AM",Tempo with ARS 2x(20 min @4:29+ 2’ jog),Run,"",2902,10.16,,,false,,,activities/11810209315.fit.gz,,,2902.0,2885.0,10161.2,6.85,3.522,7.0,12.0,24.6,37.8,9.7,-0.1,,,94.0,88.0,,,,,527.0,,30.0,,,,,,,,,,,,0.0,,0.0,,1.0,10184.5,,,,,,,,,,,,,,,,,,,,,,,,,,0.0,3.501,3040.3,,,,,,,,,,,,,,,,,,,,,""
11052047531,"Mar 27, 2024, 1:00:00 PM",2k Walk CD,Run,"",1200,2.00,,,false,,,,,,1200.0,1200.0,2000.0,,1.667,,,,,,0.0,,,,,,,,,,,,,,,,,,,,,,,,,0.0,,0.0,,,,,,,,,,,,,,,,,,,,,,,,,,,0.0,1.667,0.0,,,,,,,,,,,,,,,,,,,,,""
11052039889,"Mar 27, 2024, 10:21:00 AM",Easy,Run,"166 cadance
136 heart rate",2340,6.00,,,false,,,,,,2340.0,2340.0,6000.0,,2.564,,,,,,0.0,,,,,,,,,,,,,,,,,,,,,,,0.0,,0.0,,0.0,,,,,,,,,,,,,,,,,,,,,,,,,,,0.0,2.564,0.0,,,,,,,,,,,,,,,,,,,,,""
11026276121,"Mar 24, 2024, 6:00:00 AM",Long Run P2( sau khi đi đổ xăng),Run,"",2487,7.50,,,false,"",,,,,2487.0,2487.0,7500.0,,3.016,,,,,,0.0,,,,,,,,,,,,,,,,,,,,,,,,,0.0,,0.0,,,,,,,,,,,,,,,,,,,,,,,,,,,0.0,3.016,0.0,,,,,,,,,,,,,,,,,,,,,""
11026654893,"Mar 23, 2024, 10:39:00 PM",Long run P1( quên đổ xăng),Run,"",1620,4.50,,,false,,,,,,1620.0,1620.0,4500.0,,2.778,,,,,,0.0,,,,,,,,,,,,,,,,,,,,,,,,,0.0,,0.0,,,,,,,,,,,,,,,,,,,,,,,,,,,0.0,2.778,0.0,,,,,,,,,,,,,,,,,,,,,""
11026282007,"Mar 23, 2024, 12:52:00 PM",Về nhà sau đám cưới chị hương,Run,"",2160,3.00,,,false,"",,,,,2160.0,2160.0,3000.0,,1.389,,,,,,0.0,,,,,,,,,,,,,,,,,,,,,,,0.0,,0.0,,0.0,,,,,,,,,,,,,,,,,,,,,,,,,,,0.0,1.389,0.0,,,,,,,,,,,,,,,,,,,,,""
11017815414,"Mar 22, 2024, 11:48:23 PM",Mileage walk,Run,"",2853,4.56,,,false,,,activities/11778169480.fit.gz,,,2853.0,2741.0,4566.2,3.852,1.666,20.0,21.0,9.8,26.4,13.2,-0.1,,,92.0,64.0,,,,,239.0,,30.0,,,,,,,,,,,,0.0,,0.0,,1.0,4606.1,,,,,,,,,,,,,,,,,,,,,,,,,,0.0,1.601,2487.9,,,,,,,,,,,,,,,,,,,,,""
11017814747,"Mar 22, 2024, 10:52:00 PM",45’ progressive with ARS,Run,"",2703,8.63,,,false,,,activities/11778168800.fit.gz,,,2703.0,2668.0,8632.2,8.805,3.235,2.0,12.0,4.4,16.6,6.5,-0.1,,,92.0,89.0,,,,,404.0,,28.0,,,,,,,,,,,,0.0,,0.0,,1.0,8629.1,,,,,,,,,,,,,,,,,,,,,,,,,,0.0,3.194,4413.4,,,,,,,,,,,,,,,,,,,,,""
11007452512,"Mar 21, 2024, 11:03:50 AM",10km easy run,Run,"",3320,10.01,,,false,,,activities/11767459469.fit.gz,,,3320.0,3232.0,10011.1,4.655,3.097,12.0,20.0,47.8,58.2,15.3,-0.1,,,94.0,88.0,,,,,569.0,,29.0,,,,,,,,,,,,0.0,,0.0,,1.0,10061.1,,,,,,,,,,,,,,,,,,,,,,,,,,0.0,3.015,1655.1,,,,,,,,,,,,,,,,,,,,,""
11000431814,"Mar 20, 2024, 12:34:35 PM",1km CD,Run,"",388,1.02,,,false,,,activities/11760295849.fit.gz,,,388.0,379.0,1020.0,3.604,2.691,1.0,2.0,30.4,32.8,12.0,-0.1,,,90.0,82.0,,,,,59.0,,30.0,,,,,,,,,,,,0.0,,0.0,,1.0,1019.1,,,,,,,,,,,,,,,,,,,,,,,,,,0.0,2.629,236.2,,,,,,,,,,,,,,,,,,,,,""
11000431572,"Mar 20, 2024, 11:49:50 AM",35’ tempo with ARS@4:23,Run,"",2585,9.07,,,false,,,activities/11760295587.fit.gz,,,2585.0,2569.0,9074.6,8.5,3.532,7.0,10.0,32.0,36.8,10.2,0.0,,,98.0,88.0,,,,,425.0,,29.0,,,,,,,,,,,,0.0,,0.0,,1.0,9100.4,,,,,,,,,,,,,,,,,,,,,,,,,,0.0,3.511,3752.8,,,,,,,,,,,,,,,,,,,,,""
10993217305,"Mar 19, 2024, 12:00:33 PM",7km easy + 2 strides,Run,"",2864,7.15,,,false,,,activities/11752861406.fit.gz,,,2864.0,2553.0,7155.9,5.878,2.803,6.0,12.0,-25.8,-18.6,15.1,-0.1,,,105.0,86.0,,,,,425.0,,29.0,,,,,,,,,,,,0.0,,0.0,,1.0,7173.9,,,,,,,,,,,,,,,,,,,,,,,,,,0.0,2.499,2683.8,,,,,,,,,,,,,,,,,,,,,""
11026767333,"Mar 18, 2024, 10:53:00 AM",Afternoon Run,Run,"",3600,5.00,,,false,,,,,,3600.0,3600.0,5000.0,,1.389,,,,,,0.0,,,,,,,,,,,,,,,,,,,,,,,,,0.0,,0.0,,,,,,,,,,,,,,,,,,,,,,,,,,,0.0,1.389,0.0,,,,,,,,,,,,,,,,,,,,,""
10979298341,"Mar 17, 2024, 1:16:59 PM",WU t7 và CD CN,Run,"",1680,4.00,,,false,,,,,,1680.0,1680.0,4000.0,,2.381,,,,,,0.0,,,,,,,,,,,,,,,,,,,,,,,,,0.0,,0.0,,,,,,,,,,,,,,,,,,,,,,,,,,,0.0,2.381,0.0,,,,,,,,,,,,,,,,,,,,,""
10978053408,"Mar 16, 2024, 11:58:39 PM",CD walk,Run,"",1102,1.77,,,false,,,activities/11736803832.fit.gz,,,1102.0,1071.0,1778.8,4.845,1.661,5.0,7.0,-16.4,-11.0,12.6,-0.1,,,92.0,62.0,,,,,96.0,,30.0,,,,,,,,,,,,0.0,,0.0,,1.0,1804.7,,,,,,,,,,,,,,,,,,,,,,,,,,0.0,1.614,634.1,,,,,,,,,,,,,,,,,,,,,""
10978053675,"Mar 16, 2024, 11:48:26 PM",2km chạy ké britcham charity run,Run,"",566,1.88,,,false,,,activities/11736804254.fit.gz,,,566.0,553.0,1881.4,4.628,3.402,0.0,2.0,-3.2,1.6,6.5,-0.1,,,98.0,91.0,,,,,91.0,,29.0,,,,,,,,,,,,0.0,,0.0,,1.0,1883.6,,,,,,,,,,,,,,,,,,,,,,,,,,0.0,3.324,292.4,,,,,,,,,,,,,,,,,,,,,""
10978053552,"Mar 16, 2024, 10:45:02 PM",Long run P1,Run,"",3696,11.30,,,false,,,activities/11736803946.fit.gz,,,3696.0,3545.0,11300.7,8.938,3.188,6.0,12.0,9.6,15.6,9.2,0.0,,,92.0,88.0,,,,,557.0,,28.0,,,,,,,,,,,,0.0,,0.0,,1.0,11345.6,,,,,,,,,,,,,,,,,,,,,,,,,,0.0,3.058,6165.2,,,,,,,,,,,,,,,,,,,,,""
10968127175,"Mar 15, 2024, 11:41:13 PM",4km CD,Run,"",2579,3.96,143.0,8,false,,,activities/11726413762.fit.gz,,,2579.0,2478.0,3965.4,5.807,1.6,19.0,20.0,-5.0,11.2,14.2,-0.1,,,85.0,60.0,,119.0,,,212.0,,30.0,8.0,,,,,,,,,,,0.0,,0.0,,1.0,3995.2,,,,,,,,,,,,,,,,,,,,,,,,,,0.0,1.538,2287.5,,,,4846.0,,,,,,,,,,,,,,,,,""
10968126516,"Mar 15, 2024, 10:51:31 PM",10km tempo with ARS,Run,"",2832,10.00,169.0,62,false,,,activities/11726413178.fit.gz,,,2832.0,2827.0,10004.4,9.926,3.539,1.0,7.0,-6.4,0.4,13.7,0.0,,,92.0,89.0,,150.0,,,455.0,,27.0,62.0,,,,,,,,,,,0.0,,0.0,,1.0,10045.4,,,,,,,,,,,,,,,,,,,,,,,,,,0.0,3.533,5737.8,,,,8376.0,,,,,,,,,,,,,,,,,""
10968125874,"Mar 13, 2024, 12:39:13 PM",2k CD,Run,"",927,2.00,153.0,8,false,,,activities/11726412441.fit.gz,,,927.0,875.0,2003.9,3.925,2.29,0.0,1.0,33.4,36.6,8.6,0.0,,,89.0,79.0,,133.0,,,111.0,,30.0,8.0,,,,,,,,,,,0.0,,0.0,,1.0,2016.7,,,,,,,,,,,,,,,,,,,,,,,,,,0.0,2.162,843.1,,,,2150.0,,,,,,,,,,,,,,,,,""
10968125638,"Mar 13, 2024, 11:58:57 AM",Interval with ARS(10x600@3:55 rest 100s),Run,Bỏ sau 6 rep,1915,5.82,164.0,24,false,,,activities/11726412160.fit.gz,,,1915.0,1858.0,5825.8,6.158,3.136,2.0,10.0,28.6,35.2,12.1,-0.1,,,118.0,85.0,,141.0,,,263.0,,29.0,24.0,,,,,,,,,,,0.0,,0.0,,1.0,5844.8,,,,,,,,,,,,,,,,,,,,,,,,,,0.0,3.042,1426.7,,,,4934.0,,,,,,,,,,,,,,,,,""
10942829030,"Mar 10, 2024, 10:39:00 AM",CD và đi lấy vé Tuổi Hồng,Run,"",2160,3.00,,,false,,,,,,2160.0,2160.0,3000.0,,1.389,,,,,,0.0,,,,,,,,,,,,,,,,,,,,,,,,,0.0,,0.0,,,,,,,,,,,,,,,,,,,,,,,,,,,0.0,1.389,0.0,,,,,,,,,,,,,,,,,,,,,""
10926564886,"Mar 9, 2024, 10:30:02 PM",5km Run To Live 2024( 21:07 gun time),Run,"Only Strava PR 
bad race for me personally",1276,5.25,168.0,27,false,,,activities/11683327022.fit.gz,,,1276.0,1262.0,5255.3,10.302,4.164,16.0,21.0,-23.0,-7.4,16.5,-0.1,,,105.0,91.0,,151.0,,,219.0,,26.0,27.0,,,,,,,,,,,0.0,,0.0,,1.0,5274.9,,,,,,,,,,,,,,,,,,,,,,,,,,0.0,4.119,2766.6,,,,3836.0,,,,,,,,,,,,,,,,,""
10942822164,"Mar 9, 2024, 9:50:00 PM",WU for Run to Live,Run,"",1464,4.00,,,false,,,,,,1464.0,1464.0,4000.0,,2.732,,,,,,0.0,,,,,,,,,,,,,,,,,,,,,,,,,0.0,,0.0,,,,,,,,,,,,,,,,,,,,,,,,,,,0.0,2.732,0.0,,,,,,,,,,,,,,,,,,,,,""
10902621359,"Mar 6, 2024, 11:50:44 AM",Interval with ARS(10x600 @4:04 rest 2’),Run,Có 3 laps bị lỗi GPS nên pace khoảng 3:4x cao,3799,10.02,155.0,17,false,,,activities/11658396701.fit.gz,,,3799.0,3636.0,10028.0,8.772,2.758,1.0,10.0,-2.2,9.2,32.8,-0.1,,,105.0,83.0,,127.0,,,365.0,,29.0,17.0,,,,,,,,,,,0.0,,0.0,,1.0,10067.6,,,,,,,,,,,,,,,,,,,,,,,,,,0.0,2.64,2621.1,,,,8458.0,,,,,,,,,,,,,,,,,""
10902592687,"Mar 6, 2024, 11:28:36 AM",Warm up,Run,"",220,0.79,130.0,0,false,,,activities/11658365932.fit.gz,,,220.0,220.0,791.2,4.228,3.596,1.0,2.0,8.0,10.6,4.0,-0.1,,,92.0,88.0,,115.0,,,22.0,,30.0,0.0,,,,,,,,,,,0.0,,0.0,,1.0,791.9,,,,,,,,,,,,,,,,,,,,,,,,,,0.0,3.596,0.0,,,,638.0,,,,,,,,,,,,,,,,,""
10876780918,"Mar 2, 2024, 7:30:20 PM",18km midnight có GPS đoạn đầu,Run,"",5516,18.89,,,false,,,activities/10876780918.gpx,,,5516.0,5508.0,18895.2,9.48,3.431,52.1,55.1,-0.7,17.9,10.3,0.0,,,,,,,,,,,,,,,,,,,,,,,0.0,,0.0,,1.0,18960.7,,,,,,,,,,,,,,,,,,,,,,,,,,0.0,3.426,7957.8,,,,,,,,,,,,,,,,,,,,,""
10876978235,"Mar 2, 2024, 7:24:10 PM","Vnexpress midnight Ho Chi Minh(10,21k PR)",Run,"",6293,21.26,169.0,177,false,"Ăn gel cây 6 13 nhưng bị nôn, ói, ho liên tục 
Bị chuột cắn cây 17 phải đi bộ 4km cuối",,activities/11625812696.fit.gz,,,6293.0,6293.0,21259.5,4.48,3.378,55.0,55.0,14.2,31.4,4.9,0.0,,,97.0,88.0,,156.0,,,980.0,,27.0,177.0,,,,,,,,,,,0.0,,0.0,,1.0,21332.0,,,,,,,,,,,,,,,,,,,,,,,,,,0.0,3.378,0.0,,,,18358.0,,,,,,,,,,,,,,,,,""
10876976704,"Mar 2, 2024, 6:47:03 PM",Warm up,Run,"",99,0.32,142.0,0,false,,,activities/11625811089.fit.gz,,,99.0,99.0,326.3,3.647,3.296,0.0,0.0,22.8,23.6,0.5,-0.2,,,90.0,87.0,,138.0,,,14.0,,29.0,0.0,,,,,,,,,,,0.0,,0.0,,1.0,322.2,,,,,,,,,,,,,,,,,,,,,,,,,,0.0,3.296,0.0,,,,284.0,,,,,,,,,,,,,,,,,""
10876976640,"Mar 2, 2024, 6:37:47 PM",Warm up,Run,"",176,0.60,158.0,4,false,,,activities/11625811049.fit.gz,,,176.0,176.0,603.0,3.678,3.426,0.0,0.0,21.8,22.8,1.2,-0.1,,,91.0,87.0,,151.0,,,31.0,,29.0,4.0,,,,,,,,,,,0.0,,0.0,,1.0,599.2,,,,,,,,,,,,,,,,,,,,,,,,,,0.0,3.426,0.0,,,,508.0,,,,,,,,,,,,,,,,,""
10854489984,"Feb 28, 2024, 12:48:12 PM",4km CD Walk,Run,"",2583,4.01,135.0,7,false,,,activities/11602652084.fit.gz,,,2583.0,2539.0,4012.0,3.445,1.58,18.0,19.0,11.4,26.6,16.3,-0.1,,,91.0,61.0,,113.0,,,205.0,,31.0,7.0,,,,,,,,,,,0.0,,0.0,,1.0,4041.8,,,,,,,,,,,,,,,,,,,,,,,,,,0.0,1.553,2155.4,,,,5062.0,,,,,,,,,,,,,,,,,""
10854487591,"Feb 28, 2024, 12:07:29 PM",Interval with ARS( 10x600m @ 3:42 rest 2’),Run,"",1962,6.18,175.0,26,false,,,activities/11602649567.fit.gz,,,1962.0,1933.0,6182.5,6.748,3.198,7.0,9.0,32.6,37.4,14.9,0.0,,,99.0,83.0,,142.0,,,279.0,,29.0,26.0,,,,,,,,,,,0.0,,0.0,,1.0,6239.6,,,,,,,,,,,,,,,,,,,,,,,,,,0.0,3.151,1462.7,,,,4950.0,,,,,,,,,,,,,,,,,""
10840105681,"Feb 26, 2024, 10:12:51 AM",… Run,Run,"",4518,10.00,173.0,51,false,"",,activities/11587867753.fit.gz,,,4518.0,4467.0,10002.5,5.826,2.239,16.0,16.0,16.4,23.4,17.0,0.0,,,121.0,80.0,,138.0,,,573.0,,32.0,51.0,,,,,,,,,,,0.0,,0.0,,1.0,10087.4,,,,,,,,,,,,,,,,,,,,,,,,,,0.0,2.214,3978.5,,,,11752.0,,,,,,,,,,,,,,,,,""
10834804674,"Feb 25, 2024, 10:53:00 AM",Afternoon Ride,Ride,"Good week 
Giảm mileage chạy xuống 65 (taper nhẹ ) nhưng vẫn OK
12.5p 35min",8100,22.50,,,false,,,,,,8100.0,8100.0,22500.0,,2.778,,,,,,0.0,,,,,,,,,,,,,,,,,,,,,,,,,0.0,,0.0,,,,,,,,,,,,,,,,,,,,,,,,,,,0.0,2.778,0.0,,,,,,,,,,,,,,,,,,,,,""
10834759809,"Feb 25, 2024, 12:47:36 AM",Easy Run,Run,"",741,1.53,153.0,6,false,,,activities/11582321545.fit.gz,,,741.0,727.0,1534.7,7.795,2.111,2.0,3.0,27.0,30.2,9.7,0.0,,,103.0,69.0,,131.0,,,90.0,,30.0,6.0,,,,,,,,,,,0.0,,0.0,,1.0,1544.6,,,,,,,,,,,,,,,,,,,,,,,,,,0.0,2.071,1187.0,,,,1680.0,,,,,,,,,,,,,,,,,""
10830536370,"Feb 25, 2024, 12:34:52 AM",Easy Run,Run,"",661,1.78,170.0,11,false,,,activities/11577849615.fit.gz,,,661.0,629.0,1780.8,11.39,2.831,0.0,1.0,12.6,15.0,26.0,0.0,,,93.0,77.0,,145.0,,,99.0,,30.0,11.0,,,,,,,,,,,0.0,,0.0,,1.0,1788.7,,,,,,,,,,,,,,,,,,,,,,,,,,0.0,2.694,903.3,,,,1694.0,,,,,,,,,,,,,,,,,""
10830532467,"Feb 24, 2024, 11:53:32 PM",Hard (gps failed),Run,"",2362,7.03,170.0,58,false,,,activities/11577845510.fit.gz,,,2362.0,2171.0,7031.2,16.144,3.239,16.0,19.0,-24.8,-11.0,7.6,0.0,,,124.0,87.0,,155.0,,,376.0,,29.0,58.0,,,,,,,,,,,0.0,,0.0,,1.0,7063.7,,,,,,,,,,,,,,,,,,,,,,,,,,0.0,2.977,4435.9,,,,6190.0,,,,,,,,,,,,,,,,,""
10825163761,"Feb 24, 2024, 12:05:27 AM",4km CD,Run,"",2311,4.00,145.0,6,false,,,activities/11572319700.fit.gz,,,2311.0,2059.0,4000.7,5.616,1.943,20.0,18.0,-21.8,-6.2,13.4,-0.1,,,92.0,66.0,,108.0,,,188.0,,30.0,6.0,,,,,,,,,,,0.0,,0.0,,1.0,4036.4,,,,,,,,,,,,,,,,,,,,,,,,,,0.0,1.731,1135.7,,,,4466.0,,,,,,,,,,,,,,,,,""
10825181593,"Feb 23, 2024, 11:08:00 PM",Easy + 2km fast,Run,Heart avg: 136,3038,9.00,,,false,ké interval với Đan Quyết,,,,,3038.0,3038.0,9000.0,,2.962,,,,,,0.0,,,,,,,,,,,,,,,,,,,,,,,0.0,,0.0,,0.0,,,,,,,,,,,,,,,,,,,,,,,,,,,0.0,2.962,0.0,,,,,,,,,,,,,,,,,,,,,""
10825161466,"Feb 23, 2024, 12:38:33 PM",4km shake out,Run,"",1332,4.00,165.0,28,false,,,activities/11572316904.fit.gz,,,1332.0,1322.0,4007.2,10.35,3.031,2.0,4.0,-4.6,-1.8,6.9,0.0,,,95.0,89.0,,150.0,,,223.0,,30.0,28.0,,,,,,,,,,,0.0,,0.0,,1.0,4016.4,,,,,,,,,,,,,,,,,,,,,,,,,,0.0,3.008,1564.4,,,,3910.0,,,,,,,,,,,,,,,,,""
10825197249,"Feb 23, 2024, 10:12:00 AM",2k WU + drills,Run,"Đập sau,…",1080,2.00,,,false,,,,,,1080.0,1080.0,2000.0,,1.852,,,,,,0.0,,,,,,,,,,,,,,,,,,,,,,,,,0.0,,0.0,,,,,,,,,,,,,,,,,,,,,,,,,,,0.0,1.852,0.0,,,,,,,,,,,,,,,,,,,,,""
10825160421,"Feb 22, 2024, 6:14:09 AM",5km Walk,Run,"",2357,5.00,148.0,10,false,,,activities/11572316245.fit.gz,,,2357.0,2357.0,5001.1,2.746,2.122,3.0,8.0,-7.0,7.8,37.5,-0.1,,,91.0,73.0,,118.0,,,218.0,,31.0,10.0,,,,,,,,,,,0.0,,0.0,,1.0,5080.8,,,,,,,,,,,,,,,,,,,,,,,,,,0.0,2.122,0.0,,,,5606.0,,,,,,,,,,,,,,,,,""
10819298841,"Feb 22, 2024, 10:57:00 AM",Trong sân banh,Run,"",5400,11.00,,,false,,,,,,5400.0,5400.0,11000.0,,2.037,,,,,,0.0,,,,,,,,,,,,,,,,,,,,,,,0.0,,0.0,,0.0,,,,,,,,,,,,,,,,,,,,,,,,,,,0.0,2.037,0.0,,,,,,,,,,,,,,,,,,,,,""
10819264785,"Feb 21, 2024, 4:00:00 PM",45' Tempo Run With ARS( falied),Run,"",1971,7.00,,,false,"",,,,,1971.0,1971.0,7000.0,,3.551,,,,,,0.0,,,,,,,,,,,,,,,,,,,,,,,,,0.0,,0.0,,,,,,,,,,,,,,,,,,,,,,,,,,,0.0,3.551,0.0,,,,,,,,,,,,,,,,,,,,,""
10819294107,"Feb 21, 2024, 11:56:00 AM",1km Interval +2k CD,Run,4:34,1122,3.00,,,false,,,,,,1122.0,1122.0,3000.0,,2.674,,,,,,0.0,,,,,,,,,,,,,,,,,,,,,,,,,0.0,,0.0,,,,,,,,,,,,,,,,,,,,,,,,,,,0.0,2.674,0.0,,,,,,,,,,,,,,,,,,,,,""
10807455667,"Feb 20, 2024, 11:23:21 AM",10km easy P2,Run,"",1924,5.16,165.0,40,false,,,activities/11554107845.fit.gz,,,1924.0,1908.0,5166.7,4.736,2.708,7.0,9.0,0.8,6.0,11.7,-0.1,,,93.0,86.0,,149.0,,,300.0,,30.0,40.0,,,,,,,,,,,0.0,,0.0,,1.0,5193.5,,,,,,,,,,,,,,,,,,,,,,,,,,0.0,2.685,2594.8,,,,5422.0,,,,,,,,,,,,,,,,,""
10807454793,"Feb 20, 2024, 10:44:30 AM",10km easy P1,Run,"",1918,4.82,175.0,23,false,,,activities/11554106962.fit.gz,,,1918.0,1891.0,4828.1,3.993,2.553,4.0,8.0,57.8,63.8,7.5,-0.1,,,92.0,83.0,,141.0,,,280.0,,30.0,23.0,,,,,,,,,,,0.0,,0.0,,1.0,4846.5,,,,,,,,,,,,,,,,,,,,,,,,,,0.0,2.517,2515.6,,,,5192.0,,,,,,,,,,,,,,,,,""
10786917229,"Feb 18, 2024, 11:05:32 AM",18k Long Run,Run,"Tired legs
2 lap pace nhanh",7115,18.02,182.0,110,false,,,activities/11532949072.fit.gz,,,7115.0,6308.0,18024.5,7.42,2.857,40.0,53.0,58.8,84.2,21.5,-0.1,,,113.0,85.0,,146.0,,,853.0,,30.0,110.0,,,,,,,,,,,0.0,,0.0,,1.0,18146.8,,,,,,,,,,,,,,,,,,,,,,,,,,0.0,2.533,10758.2,,,,17678.0,,,,,,,,,,,,,,,,,""
10779349338,"Feb 17, 2024, 11:49:49 AM",5km recovery Run,Run,"",2281,5.00,,,false,,,activities/10779349338.gpx,,,2281.0,2249.0,5001.4,6.406,2.224,3.6,3.6,3.2,6.9,4.4,0.0,,,,,,,,,,,,,,,,,,,,,,,0.0,,0.0,,1.0,5007.3,,,,,,,,,,,,,,,,,,,,,,,,,,0.0,2.193,2155.3,,,,,,,,,,,,,,,,,,,,,""
10778317729,"Feb 16, 2024, 12:13:00 AM",8km Easy Run,Run,"",3363,8.36,160.0,43,false,,,activities/11524005550.fit.gz,,,3363.0,3080.0,8367.6,4.356,2.717,3.0,3.0,25.0,31.0,15.3,0.0,,,94.0,85.0,,140.0,,,427.0,,29.0,43.0,,,,,,,,,,,0.0,,0.0,,1.0,8405.8,,,,,,,,,,,,,,,,,,,,,,,,,,0.0,2.488,5812.1,,,,8478.0,,,,,,,,,,,,,,,,,""
10784242802,"Feb 16, 2024, 5:52:00 AM",Add đi bộ,Run,"",1620,3.00,,,false,,,,,,1620.0,1620.0,3000.0,,1.852,,,,,,0.0,,,,,,,,,,,,,,,,,,,,,,,0.0,,0.0,,0.0,,,,,,,,,,,,,,,,,,,,,,,,,,,0.0,1.852,0.0,,,,,,,,,,,,,,,,,,,,,""
10767068330,"Feb 15, 2024, 1:59:57 PM",4km đi bộ vòng vòng,Run,"",3664,4.21,,,false,,,activities/10767068330.gpx,,,3664.0,3325.0,4215.3,2.902,1.268,6.8,11.7,3.4,13.9,3.9,-0.1,,,,,,,,,,,,,,,,,,,,,,,0.0,,0.0,,1.0,4235.4,,,,,,,,,,,,,,,,,,,,,,,,,,0.0,1.15,320.9,,,,,,,,,,,,,,,,,,,,,""
10765536387,"Feb 15, 2024, 7:52:48 AM",10km Easy,Run,"",3354,10.11,164.0,60,false,,,activities/11510849829.fit.gz,,,3354.0,3216.0,10115.5,6.152,3.145,5.0,10.0,26.2,31.6,12.8,0.0,,,95.0,88.0,,147.0,,,484.0,,27.0,60.0,,,,,,,,,,,0.0,,0.0,,1.0,10144.6,,,,,,,,,,,,,,,,,,,,,,,,,,0.0,3.016,1603.9,,,,9376.0,,,,,,,,,,,,,,,,,""
10787396641,"Feb 15, 2024, 2:09:00 PM",Đi bộ ở Đà Nẳng,Run,"",1620,3.00,,,false,,,,,,1620.0,1620.0,3000.0,,1.852,,,,,,0.0,,,,,,,,,,,,,,,,,,,,,,,,,0.0,,0.0,,,,,,,,,,,,,,,,,,,,,,,,,,,0.0,1.852,0.0,,,,,,,,,,,,,,,,,,,,,""
10764443777,"Feb 15, 2024, 4:19:05 AM",Random Hội An,Run,"",1063,0.90,,,false,,,activities/10764443777.gpx,,,1063.0,601.0,899.5,2.172,1.497,0.0,-1.3,8.9,10.5,2.8,0.1,,,,,,,,,,,,,,,,,,,,,,,0.0,,0.0,,1.0,903.1,,,,,,,,,,,,,,,,,,,,,,,,,,0.0,0.846,0.0,,,,,,,,,,,,,,,,,,,,,""
10765556966,"Feb 15, 2024, 9:35:00 AM",Đi bộ bờ biển đà nẳng,Run,"",1200,2.50,,,false,,,,,,1200.0,1200.0,2500.0,,2.083,,,,,,0.0,,,,,,,,,,,,,,,,,,,,,,,,,0.0,,0.0,,,,,,,,,,,,,,,,,,,,,,,,,,,0.0,2.083,0.0,,,,,,,,,,,,,,,,,,,,,""
10759857888,"Feb 14, 2024, 10:59:48 AM",Interval(15x400m @3:45 rest 2’) + 2k walk CD,Run,"95 94 93 88 88 85 90 93 90 86 90 95 87 85 85
3:57 ---> 3:32     ",5077,10.20,163.0,19,false,"",,activities/11505013602.fit.gz,,,5077.0,4449.0,10199.2,5.544,2.292,10.0,12.0,5.4,15.0,20.0,0.0,,,112.0,72.0,,120.0,,,384.0,,26.0,19.0,,,,,,,,,,,0.0,,0.0,,1.0,10267.7,,,,,,,,,,,,,,,,,,,,,,,,,,0.0,2.009,0.0,,,,9844.0,,,,,,,,,,,,,,,,,""
10759855508,"Feb 14, 2024, 10:29:51 AM",3k WU,Run,"",1235,3.00,183.0,14,false,,,activities/11505011169.fit.gz,,,1235.0,967.0,3008.3,4.402,3.111,2.0,4.0,3.2,10.0,6.0,-0.2,,,92.0,87.0,,141.0,,,145.0,,27.0,14.0,,,,,,,,,,,0.0,,0.0,,1.0,3013.9,,,,,,,,,,,,,,,,,,,,,,,,,,0.0,2.436,0.0,,,,2760.0,,,,,,,,,,,,,,,,,""
10753192261,"Feb 13, 2024, 10:32:22 AM",Easy run 11k,Run,"",4916,11.72,169.0,40,false,"",,activities/11498148906.fit.gz,,,4916.0,4424.0,11725.2,5.456,2.65,11.0,13.0,1.8,12.0,16.4,0.0,,,98.0,81.0,,134.0,,,547.0,,26.0,40.0,,,,,,,,,,,,,0.0,,1.0,11772.3,,,,,,,,,,,,,,,,,,,,,,,,,,0.0,2.385,0.0,,,,11230.0,,,,,,,,,,,,,,,,,""
10740260971,"Feb 11, 2024, 12:00:32 PM",Easy Run P2 ( 25km total),Run,"",2111,4.52,,,false,"",,activities/10740260971.gpx,,,2111.0,2111.0,4523.1,4.038,2.143,22.5,20.2,11.0,16.0,5.1,0.1,,,,,,,,,,,,,,,,,,,,,,,,,0.0,,1.0,4568.9,,,,,,,,,,,,,,,,,,,,,,,,,,0.0,2.143,0.0,,,,,,,,,,,,,,,,,,,,,""
10740527655,"Feb 11, 2024, 10:00:38 AM",Easy run 20.24 (failed twice),Run,"",7164,20.23,167.0,164,false,"",,activities/11485101882.fit.gz,,,7164.0,6999.0,20238.7,4.727,2.892,13.0,20.0,1.0,10.6,13.2,0.0,,,91.0,87.0,,151.0,,,985.0,,24.0,164.0,,,,,,,,,,,,,0.0,,1.0,20309.4,,,,,,,,,,,,,,,,,,,,,,,,,,0.0,2.825,0.0,,,,20080.0,,,,,,,,,,,,,,,,,""
10733213584,"Feb 10, 2024, 10:03:46 AM",Easy Long run 20.23 + 0.01,Run,"",7803,20.23,172.0,142,false,,,activities/11477528543.fit.gz,,,7803.0,7557.0,20237.0,4.333,2.678,33.0,44.0,-6.0,9.6,19.0,0.0,,,92.0,85.0,,147.0,,,1064.0,,23.0,142.0,,,,,,,,,,,0.0,,0.0,,1.0,20387.5,,,,,,,,,,,,,,,,,,,,,,,,,,0.0,2.593,0.0,,,,21182.0,,,,,,,,,,,,,,,,,""
10720744730,"Feb 8, 2024, 11:08:33 AM",Cool Down Walk,Run,"",2781,4.21,124.0,6,false,"",,activities/11464700578.fit.gz,,,2781.0,2658.0,4215.4,2.269,1.586,4.0,5.0,14.4,19.2,9.5,0.0,,,65.0,60.0,,95.0,,,217.0,,28.0,6.0,,,,,,,,,,,,,0.0,,1.0,4242.2,,,,,,,,,,,,,,,,,,,,,,,,,,0.0,1.516,0.0,,,,5454.0,,,,,,,,,,,,,,,,,""
10720594394,"Feb 8, 2024, 9:47:47 AM",Interval Run (5x1k rest 4'),Run,"4:08 4:11 4:06 4:04 3:46
Có thể đẩy nhiều hơn 1 chút nữa ",4795,10.11,160.0,31,false,"",,activities/11464546118.fit.gz,,,4795.0,4012.0,10112.0,5.703,2.52,10.0,12.0,3.0,10.2,25.2,0.0,,,98.0,81.0,,129.0,,,419.0,,27.0,31.0,,,,,,,,,,,,,0.0,,1.0,10208.7,,,,,,,,,,,,,,,,,,,,,,,,,,0.0,2.109,0.0,,,,9474.0,,,,,,,,,,,,,,,,,""
10718949738,"Feb 7, 2024, 10:28:44 AM",(Not) Easy run,Run,Chân khá mỏi do thiếu ngủ ,4619,10.63,188.0,77,false,"",,activities/11462838743.fit.gz,,,4619.0,4481.0,10633.2,8.556,2.373,8.0,12.0,-3.2,16.4,43.6,0.0,,,95.0,76.0,,142.0,,,599.0,,29.0,77.0,,,,,,,,,,,,,0.0,,1.0,10727.9,,,,,,,,,,,,,,,,,,,,,,,,,,0.0,2.302,0.0,,,,11246.0,,,,,,,,,,,,,,,,,""
10683895343,"Feb 2, 2024, 11:06:15 PM",Đi bộ ở Vũng Tàu,Run,,4146,5.96,,,false,,,activities/10683895343.gpx,,,4146.0,3698.0,5963.0,4.436,1.612,15.8,15.8,1.9,8.3,7.9,0.0,,,,,,,,,,,,,,,,,,,,,,,,,0.0,,1.0,5991.7,,,,,,,,,,,,,,,,,,,,,,,,,,0.0,1.438,0.0,,,,,,,,,,,,,,,,,,,,,media/FEE05183-F42E-469D-A032-44C2B7DB51D8.jpg|media/9752C793-F00D-4983-8F86-A71E5F51DA32.jpg
10683909820,"Feb 2, 2024, 11:09:27 PM",Ở Nguyễn hữu huân,Run,"",4200,10.00,,,false,,,,,,4200.0,4200.0,10000.0,,2.381,,,,,,0.0,,,,,,,,,,,,,,,,,,,,,,,,,0.0,,0.0,,,,,,,,,,,,,,,,,,,,,,,,,,,0.0,2.381,0.0,,,,,,,,,,,,,,,,,,,,,""
10664212017,"Jan 30, 2024, 12:56:16 PM",Interval 3x400 + CD,Run,7x(high) -8( low),1317,3.21,151.0,7,false,"",,activities/11406350560.fit.gz,,,1317.0,1218.0,3211.7,7.635,2.637,2.0,6.0,-4.4,-0.4,9.7,-0.1,,,99.0,76.0,,128.0,,,137.0,,29.0,7.0,,,,,,,,,,,,,0.0,,1.0,3223.5,,,,,,,,,,,,,,,,,,,,,,,,,,0.0,2.439,1459.8,,,,2938.0,,,,,,,,,,,,,,,,,""
10664211322,"Jan 30, 2024, 11:56:22 AM",10k Easy Run,Run,"",3393,10.01,170.0,79,false,"",,activities/11406349772.fit.gz,,,3393.0,3342.0,10010.4,9.042,2.995,5.0,12.0,-22.2,-11.8,10.7,-0.1,,,94.0,89.0,,152.0,,,557.0,,29.0,79.0,,,,,,,,,,,,,0.0,,1.0,10036.6,,,,,,,,,,,,,,,,,,,,,,,,,,0.0,2.95,6814.8,,,,9924.0,,,,,,,,,,,,,,,,,""
10643699133,"Jan 28, 2024, 12:29:26 AM",14k long run,Run,"",4864,14.00,164.0,76,false,,,activities/11385011048.fit.gz,,,4864.0,4708.0,14001.8,6.644,2.974,9.0,15.0,-21.2,-14.0,13.2,0.0,,,96.0,90.0,,144.0,,,654.0,,28.0,76.0,,,,,,,,,,,0.0,,0.0,,1.0,14049.3,,,,,,,,,,,,,,,,,,,,,,,,,,0.0,2.879,9322.7,,,,13924.0,,,,,,,,,,,,,,,,,""
10636325229,"Jan 27, 2024, 12:19:51 AM",4K CD,Run,"",2541,4.00,139.0,8,false,,,activities/11377352866.fit.gz,,,2541.0,2444.0,4008.6,6.231,1.64,25.0,20.0,-3.0,15.8,17.2,0.0,,,94.0,61.0,,117.0,,,210.0,,30.0,8.0,,,,,,,,,,,0.0,,0.0,,1.0,4061.2,,,,,,,,,,,,,,,,,,,,,,,,,,0.0,1.578,2252.1,,,,4990.0,,,,,,,,,,,,,,,,,""
10636324138,"Jan 26, 2024, 10:49:56 PM",45’ tempo with ARS,Run,"",2721,9.35,171.0,72,false,,,activities/11377351891.fit.gz,,,2721.0,2700.0,9352.1,6.932,3.464,6.0,10.0,-6.4,-1.0,7.1,0.0,,,100.0,91.0,,154.0,,,454.0,,26.0,72.0,,,,,,,,,,,0.0,,0.0,,1.0,9385.4,,,,,,,,,,,,,,,,,,,,,,,,,,0.0,3.437,5629.5,,,,8170.0,,,,,,,,,,,,,,,,,""
10634377293,"Jan 26, 2024, 12:57:55 PM",10km easy run,Run,Lỗi GPS nên là bố cho hơi nhiều km,3204,10.02,160.0,56,false,,,activities/11375364022.fit.gz,,,3204.0,3080.0,10019.9,13.696,3.253,3.0,10.0,11.6,16.2,6.4,0.0,,,94.0,91.0,,146.0,,,455.0,,28.0,56.0,,,,,,,,,,,0.0,,0.0,,1.0,10038.9,,,,,,,,,,,,,,,,,,,,,,,,,,0.0,3.127,3688.7,,,,9262.0,,,,,,,,,,,,,,,,,""
10634376321,"Jan 24, 2024, 12:14:51 PM",Interval (10x400m rest 1:30) with ARS,Run,"1:45 1:44 1:44 1:43 1:41 1:41 1:40 1:36 1:32 74
4:24 4:21 4:21 4:19 4:13 4:13 4:11 4:01 3:52 3:0x",3087,7.99,153.0,18,false,,,activities/11375362988.fit.gz,,,3087.0,3079.0,7996.1,7.546,2.597,4.0,16.0,-11.8,-5.2,14.9,0.0,,,103.0,75.0,,126.0,,,328.0,,27.0,18.0,,,,,,,,,,,0.0,,0.0,,1.0,8069.2,,,,,,,,,,,,,,,,,,,,,,,,,,0.0,2.59,2252.6,,,,7538.0,,,,,,,,,,,,,,,,,""
10635635912,"Jan 24, 2024, 7:13:00 AM",Trong sân banh,Run,"",4800,10.00,,,false,,,,,,4800.0,4800.0,10000.0,,2.083,,,,,,0.0,,,,,,,,,,,,,,,,,,,,,,,,,0.0,,0.0,,,,,,,,,,,,,,,,,,,,,,,,,,,0.0,2.083,0.0,,,,,,,,,,,,,,,,,,,,,""
10611665817,"Jan 22, 2024, 7:15:00 AM",Quanh Hà Nội,Run,"",5400,10.00,,,false,,,,,,5400.0,5400.0,10000.0,,1.852,,,,,,0.0,,,,,,,,,,,,,,,,,,,,,,,,,0.0,,0.0,,,,,,,,,,,,,,,,,,,,,,,,,,,0.0,1.852,0.0,,,,,,,,,,,,,,,,,,,,,""
10634374998,"Jan 21, 2024, 11:06:12 PM",Easy run 40’,Run,"",2428,5.65,174.0,42,false,,,activities/11375361672.fit.gz,,,2428.0,2362.0,5653.4,2.779,2.393,4.0,18.0,-40.0,-25.6,8.3,-0.2,,,124.0,81.0,,143.0,,,332.0,,17.0,42.0,,,,,,,,,,,0.0,,0.0,,1.0,5649.1,,,,,,,,,,,,,,,,,,,,,,,,,,0.0,2.328,0.0,,,,6260.0,,,,,,,,,,,,,,,,,""
10611662529,"Jan 21, 2024, 2:14:00 PM",Đi bộ quanh hồ gươn,Run,"",1500,5.00,,,false,,,,,,1500.0,1500.0,5000.0,,3.333,,,,,,0.0,,,,,,,,,,,,,,,,,,,,,,,,,0.0,,0.0,,,,,,,,,,,,,,,,,,,,,,,,,,,0.0,3.333,0.0,,,,,,,,,,,,,,,,,,,,,""
10598395745,"Jan 21, 2024, 3:08:10 AM",Đi thác cát cát,Run,"",2737,1.88,,,false,Chán vcl,,activities/10598395745.gpx,,,2737.0,742.0,1886.3,6.63,2.542,95.2,94.5,1198.7,1275.6,49.4,0.0,,,,,,,,,,,,,,,,,,,,,,,0.0,,0.0,,1.0,2635.6,,,,,,,,,,,,,,,,,,,,,,,,,,0.0,0.689,0.0,,,,,,,,,,,,,,,,,,,,,""
10611659209,"Jan 21, 2024, 1:12:00 AM",3x hotel for food,Run,"",2484,4.60,,,false,,,,,,2484.0,2484.0,4600.0,,1.852,,,,,,0.0,,,,,,,,,,,,,,,,,,,,,,,0.0,,0.0,,0.0,,,,,,,,,,,,,,,,,,,,,,,,,,,0.0,1.852,0.0,,,,,,,,,,,,,,,,,,,,,""
10593747450,"Jan 20, 2024, 10:31:00 AM",Mini long run,Run,"17 độ ở SAPA 
Chết cóng",5427,13.27,,,false,,,activities/10593747450.gpx,,,5427.0,4875.0,13274.5,5.936,2.723,106.4,107.8,1433.2,1497.6,28.7,0.0,,,,,,,,,,,,,,,,,,,,,,,,,0.0,,1.0,13507.4,,,,,,,,,,,,,,,,,,,,,,,,,,0.0,2.446,0.0,,,,13412.0,,,,,,,,,,,,,,,,,""
10611649582,"Jan 20, 2024, 12:10:00 PM",Walk from the hotel for food,Run,"",1728,3.20,,,false,,,,,,1728.0,1728.0,3200.0,,1.852,,,,,,0.0,,,,,,,,,,,,,,,,,,,,,,,,,0.0,,0.0,,,,,,,,,,,,,,,,,,,,,,,,,,,0.0,1.852,0.0,,,,,,,,,,,,,,,,,,,,,""
10593774670,"Jan 20, 2024, 1:06:00 AM",Đi chơi trên sapa,Run,Cầu kính rồng mây,5400,10.00,,,false,,,,,,5400.0,5400.0,10000.0,,1.852,,,,,,0.0,,,,,,,,,,,,,,,,,,,,,,,,,0.0,,0.0,,,,,,,,,,,,,,,,,,,,,,,,,,,0.0,1.852,0.0,,,,,,,,,,,,,,,,,,,,,""
10575921142,"Jan 17, 2024, 12:15:05 PM",Interval with AR (12x400m 1:30 rest),Run,1:42 1:36 1:29 1:38 1:36 1:42 1:38 1:39 1:44 1:33 1:37 ???,2925,8.07,171.0,42,false,Sai khi đẩy pace vượt qua coach Hoà sớm quá ,,activities/11315232132.fit.gz,,,2925.0,2832.0,8077.5,7.706,2.852,2.0,13.0,-10.2,-2.8,9.4,-0.1,,,96.0,81.0,,144.0,,,386.0,,28.0,42.0,,,,,,,,,,,0.0,,0.0,,1.0,8096.3,,,,,,,,,,,,,,,,,,,,,,,,,,0.0,2.762,1704.8,,,,7430.0,,,,,,,,,,,,,,,,,""
10593779738,"Jan 17, 2024, 8:08:00 AM",Chạy trên sân banh,Run,"",5400,10.00,,,false,,,,,,5400.0,5400.0,10000.0,,1.852,,,,,,0.0,,,,,,,,,,,,,,,,,,,,,,,,,0.0,,0.0,,,,,,,,,,,,,,,,,,,,,,,,,,,0.0,1.852,0.0,,,,,,,,,,,,,,,,,,,,,""
10575197748,"Jan 16, 2024, 10:59:46 AM",10km easy run,Run,"",3652,10.00,174.0,101,false,,,activities/11314488006.fit.gz,,,3652.0,3641.0,10005.1,12.67,2.748,4.0,15.0,9.2,19.6,8.3,-0.1,,,90.0,87.0,,155.0,,,598.0,,29.0,101.0,,,,,,,,,,,0.0,,0.0,,1.0,10015.2,,,,,,,,,,,,,,,,,,,,,,,,,,0.0,2.74,4308.6,,,,10538.0,,,,,,,,,,,,,,,,,""
10575196556,"Jan 14, 2024, 11:09:08 AM",5km easy,Run,"",1751,3.82,163.0,37,false,,,activities/11314486776.fit.gz,,,1751.0,1751.0,3821.0,2.602,2.182,3.0,7.0,-1.2,4.0,9.9,-0.1,,,89.0,85.0,,149.0,,,296.0,,30.0,37.0,,,,,,,,,,,0.0,,0.0,,1.0,3817.7,,,,,,,,,,,,,,,,,,,,,,,,,,0.0,2.182,0.0,,,,4944.0,,,,,,,,,,,,,,,,,""
10567842405,"Jan 14, 2024, 7:32:00 AM",Easy ( add) run,Run,"",3360,8.00,,,false,,,,,,3360.0,3360.0,8000.0,,2.381,,,,,,0.0,,,,,,,,,,,,,,,,,,,,,,,0.0,,0.0,,0.0,,,,,,,,,,,,,,,,,,,,,,,,,,,0.0,2.381,0.0,,,,,,,,,,,,,,,,,,,,,""
10567836370,"Jan 13, 2024, 8:26:00 AM",Afternoon Run,Run,"",5040,12.00,,,false,,,,,,5040.0,5040.0,12000.0,,2.381,,,,,,0.0,,,,,,,,,,,,,,,,,,,,,,,,,0.0,,0.0,,,,,,,,,,,,,,,,,,,,,,,,,,,0.0,2.381,0.0,,,,,,,,,,,,,,,,,,,,,""
10537573059,"Jan 11, 2024, 1:02:56 PM",Evening Run,Run,Lubu 21k bước trên trường,5760,12.00,,,false,,,,,,5760.0,5760.0,12000.0,,2.083,,,,,,0.0,,,,,,,,,,,,,,,,,,,,,,,,,0.0,,0.0,,,,,,,,,,,,,,,,,,,,,,,,,,,0.0,2.083,0.0,,,,,,,,,,,,,,,,,,,,,""
10531963745,"Jan 10, 2024, 1:10:27 PM",4K CD Walk,Run,"",2181,3.85,157.0,10,false,,,activities/11269173709.fit.gz,,,2181.0,2164.0,3850.9,5.866,1.78,17.0,17.0,8.2,22.0,24.9,0.0,,,92.0,65.0,,125.0,,,224.0,,31.0,10.0,,,,,,,,,,,0.0,,0.0,,1.0,3888.5,,,,,,,,,,,,,,,,,,,,,,,,,,0.0,1.766,2376.3,,,,4650.0,,,,,,,,,,,,,,,,,""
10531962763,"Jan 10, 2024, 12:21:47 PM",Interval with AR (10x 400 rest 2:00 ),Run,"1:45 1:44 1:44 1:43 1:41 1:41 1:40 1:36 1:32 7x
4:24 4:21 4:21 4:19 4:13 4:13 4:11 4:01 3:52 3:0x",2133,6.56,168.0,25,false,,,activities/11269172678.fit.gz,,,2133.0,2092.0,6563.3,13.462,3.137,6.0,8.0,10.2,15.4,7.8,0.0,,,104.0,83.0,,137.0,,,294.0,,28.0,25.0,,,,,,,,,,,0.0,,0.0,,1.0,6586.3,,,,,,,,,,,,,,,,,,,,,,,,,,0.0,3.077,3263.1,,,,5816.0,,,,,,,,,,,,,,,,,""
10567847452,"Jan 10, 2024, 8:29:00 AM",Warm up + bù lỗi gps chủ nhật,Run,"",990,3.00,,,false,,,,,,990.0,990.0,3000.0,,3.03,,,,,,0.0,,,,,,,,,,,,,,,,,,,,,,,0.0,,0.0,,0.0,,,,,,,,,,,,,,,,,,,,,,,,,,,0.0,3.03,0.0,,,,,,,,,,,,,,,,,,,,,""
10515254171,"Jan 7, 2024, 11:46:00 AM",Evening Run,Run,"",5040,12.00,,,false,,,,,,5040.0,5040.0,12000.0,,2.381,,,,,,0.0,,,,,,,,,,,,,,,,,,,,,,,,,0.0,,0.0,,,,,,,,,,,,,,,,,,,,,,,,,,,0.0,2.381,0.0,,,,,,,,,,,,,,,,,,,,,""
10508769148,"Jan 7, 2024, 12:01:11 AM",Morning Run,Run,,6313,13.02,170.0,64,false,,,activities/11245019274.fit.gz,,,6313.0,5844.0,13022.5,7.716,2.228,37.0,42.0,8.6,28.6,10.3,-0.1,,,121.0,76.0,,134.0,,,721.0,,30.0,64.0,,,,,,,,,,,,,0.0,,1.0,13095.8,,,,,,,,,,,,,,,,,,,,,,,,,,0.0,2.063,11059.0,,,,14408.0,,,,,,,,,,,,,,,,,""
10506217180,"Jan 6, 2024, 10:43:09 AM",Afternoon Run,Run,,3503,8.50,168.0,74,false,,,activities/11242329069.fit.gz,,,3503.0,3486.0,8500.8,3.782,2.439,9.0,17.0,1.6,10.4,12.0,-0.1,,,92.0,83.0,,148.0,,,528.0,,30.0,74.0,,,,,,,,,,,,,0.0,,1.0,8526.7,,,,,,,,,,,,,,,,,,,,,,,,,,0.0,2.427,5953.3,,,,9518.0,,,,,,,,,,,,,,,,,""
10502983205,"Jan 5, 2024, 12:43:20 PM",Evening Run,Run,,1502,4.00,168.0,27,false,,,activities/11238905015.fit.gz,,,1502.0,1428.0,4002.4,5.086,2.803,15.0,18.0,11.4,26.6,6.8,-0.1,,,96.0,89.0,,146.0,,,227.0,,30.0,27.0,,,,,,,,,,,,,0.0,,1.0,4029.2,,,,,,,,,,,,,,,,,,,,,,,,,,0.0,2.665,2368.9,,,,4128.0,,,,,,,,,,,,,,,,,""
10502982766,"Jan 5, 2024, 11:35:12 AM",Evening Run,Run,,362,1.01,157.0,4,false,,,activities/11238904515.fit.gz,,,362.0,362.0,1013.5,3.523,2.8,2.0,2.0,-4.6,-1.8,5.5,0.0,,,91.0,87.0,,141.0,,,54.0,,31.0,4.0,,,,,,,,,,,,,0.0,,1.0,1015.9,,,,,,,,,,,,,,,,,,,,,,,,,,0.0,2.8,358.0,,,,1040.0,,,,,,,,,,,,,,,,,""
10485970789,"Jan 3, 2024, 1:17:50 PM",Evening Run,Run,,1881,3.87,162.0,14,false,,,activities/11221042449.fit.gz,,,1881.0,1857.0,3870.8,5.455,2.084,22.0,19.0,13.8,31.4,7.4,0.0,,,125.0,73.0,,134.0,,,230.0,,31.0,14.0,,,,,,,,,,,,,0.0,,1.0,3913.0,,,,,,,,,,,,,,,,,,,,,,,,,,0.0,2.058,2437.6,,,,4462.0,,,,,,,,,,,,,,,,,""
10485970139,"Jan 3, 2024, 12:06:49 PM",Evening Run,Run,,1261,5.01,160.0,25,false,,,activities/11221041493.fit.gz,,,1261.0,1261.0,5009.2,8.573,3.972,1.0,3.0,31.8,37.2,3.9,0.0,,,95.0,90.0,,147.0,,,208.0,,28.0,25.0,,,,,,,,,,,,,0.0,,1.0,5026.1,,,,,,,,,,,,,,,,,,,,,,,,,,0.0,3.972,2833.3,,,,3748.0,,,,,,,,,,,,,,,,,""
10472504191,"Jan 1, 2024, 10:32:57 AM",Afternoon Run,Run,,1225,2.75,162.0,21,false,,,activities/11207081660.fit.gz,,,1225.0,1225.0,2749.4,2.481,2.244,2.0,4.0,-25.0,-21.6,3.7,-0.1,,,119.0,86.0,,146.0,,,201.0,,30.0,21.0,,,,,,,,,,,,,0.0,,1.0,2750.5,,,,,,,,,,,,,,,,,,,,,,,,,,0.0,2.244,0.0,,,,3478.0,,,,,,,,,,,,,,,,,""
10502988556,"Jan 1, 2024, 5:16:00 PM",Wwalk after countdown,Run,"",5400,10.00,,,false,,,,,,5400.0,5400.0,10000.0,,1.852,,,,,,0.0,,,,,,,,,,,,,,,,,,,,,,,,,0.0,,0.0,,,,,,,,,,,,,,,,,,,,,,,,,,,0.0,1.852,0.0,,,,,,,,,,,,,,,,,,,,,""
10463076565,"Dec 29, 2023, 3:00:00 AM",Morning Run,Run,"",7200,14.93,,,false,,,,,,7200.0,7200.0,14937.8,,2.075,,,,,,0.0,,,,,,,,,,,,,,,,,,,,,,,0.0,,0.0,,0.0,,,,,,,,,,,,,,,,,,,,,,,,,,,0.0,2.075,0.0,,,,,,,,,,,,,,,,,,,,,""
10399757529,"Dec 18, 2023, 9:38:41 AM",Afternoon Run,Run,,1507,2.17,124.0,4,false,,,activities/11131853932.fit.gz,,,1507.0,1481.0,2170.7,2.286,1.466,0.0,3.0,-26.2,-21.0,4.3,-0.2,,,102.0,61.0,,103.0,,,108.0,,33.0,4.0,,,,,,,,,,,,,0.0,,1.0,2164.7,,,,,,,,,,,,,,,,,,,,,,,,,,0.0,1.44,0.0,,,,2934.0,,,,,,,,,,,,,,,,,""
10399771225,"Dec 17, 2023, 2:14:56 PM",Bù,Run,"Add vì ko có GPS hôm thứ 4 tempo 
Easy thứ 7 cũng ko có GPS",1500,5.00,,,false,,,,,,1500.0,1500.0,5000.0,,3.333,,,,,,0.0,,,,,,,,,,,,,,,,,,,,,,,,,0.0,,0.0,,,,,,,,,,,,,,,,,,,,,,,,,,,0.0,3.333,,,,,,,,,,,,,,,,,,,,,,""
10399767431,"Dec 17, 2023, 12:38:00 PM",Evening Run,Run,"",4200,10.00,,,false,,,,,,4200.0,4200.0,10000.0,,2.381,,,,,,0.0,,,,,,,,,,,,,,,,,,,,,,,,,0.0,,0.0,,,,,,,,,,,,,,,,,,,,,,,,,,,0.0,2.381,0.0,,,,,,,,,,,,,,,,,,,,,""
10399755607,"Dec 16, 2023, 9:54:38 AM",Afternoon Run,Run,,2490,6.30,163.0,36,false,,,activities/11131852143.fit.gz,,,2490.0,2457.0,6306.7,4.206,2.567,7.0,13.0,-21.8,-14.8,9.7,-0.1,,,92.0,84.0,,144.0,,,350.0,,30.0,36.0,,,,,,,,,,,,,0.0,,1.0,6332.4,,,,,,,,,,,,,,,,,,,,,,,,,,0.0,2.533,3124.6,,,,6692.0,,,,,,,,,,,,,,,,,""
10399764774,"Dec 15, 2023, 10:37:00 PM",Easy run,Run,"",2947,7.00,,,false,,,,,,2947.0,2947.0,7000.0,,2.375,,,,,,0.0,,,,,,,,,,,,,,,,,,,,,,,,,0.0,,0.0,,,,,,,,,,,,,,,,,,,,,,,,,,,0.0,2.375,0.0,,,,,,,,,,,,,,,,,,,,,""
10379022240,"Dec 14, 2023, 11:17:00 AM",Evening Run,Run,,994,2.63,175.0,32,false,,,activities/11110088204.fit.gz,,,994.0,987.0,2632.9,2.879,2.668,0.0,2.0,-8.2,-4.8,2.1,-0.1,,,92.0,86.0,,160.0,,,186.0,,31.0,32.0,,,,,,,,,,,,,0.0,,1.0,2631.3,,,,,,,,,,,,,,,,,,,,,,,,,,0.0,2.649,0.0,,,,2846.0,,,,,,,,,,,,,,,,,""
10379021828,"Dec 14, 2023, 10:50:36 AM",Afternoon Run,Run,,1481,4.36,173.0,34,false,,,activities/11110087833.fit.gz,,,1481.0,1461.0,4362.2,7.37,2.986,0.0,3.0,-6.4,-2.4,5.7,0.0,,,96.0,89.0,,153.0,,,258.0,,30.0,34.0,,,,,,,,,,,,,0.0,,1.0,4367.9,,,,,,,,,,,,,,,,,,,,,,,,,,0.0,2.945,252.0,,,,4304.0,,,,,,,,,,,,,,,,,""
10355971821,"Dec 10, 2023, 1:35:42 AM",5km walk CD,Run,"",3514,5.00,127.0,10,false,"",,activities/11085980691.fit.gz,,,3514.0,3166.0,5002.0,11.507,1.58,23.0,89.0,-172.0,8.0,12.8,-3.3,,,121.0,59.0,,112.0,,,244.0,,32.0,10.0,,,,,,,,,,,,,0.0,,1.0,5075.5,,,,,,,,,,,,,,,,,,,,,,,,,,0.0,1.423,2314.7,,,,6652.0,,,,,,,,,,,,,,,,,""
10355971386,"Dec 9, 2023, 10:57:00 PM",Morning Run,Run,Distance cheat baby ,7923,19.72,182.0,269,false,"",,activities/11085980261.fit.gz,,,7923.0,7840.0,19722.6,4.464,2.516,54.0,76.0,-29.4,-4.6,10.9,-0.1,,,92.0,86.0,,161.0,,,1194.0,,29.0,269.0,,,,,,,,,,,,,0.0,,1.0,19790.6,,,,,,,,,,,,,,,,,,,,,,,,,,0.0,2.489,14234.1,,,,22122.0,,,,,,,,,,,,,,,,,""
10357092560,"Dec 9, 2023, 10:53:44 PM",Long Run,Run,Chạy ké Route Techkombank Ho Chi Minh Marathon 21km ,8158,22.33,,,false,"Rất đau sau khi all out hôm qua 
Có thể đã bị chuột rút và phải dùng tới bình xịch ",,activities/10357092560.gpx,,,8158.0,8043.0,22338.8,4.438,2.777,71.3,75.0,1.6,17.5,9.0,0.0,,,,,,,,,,,,,,,,,,,,,,,,,0.0,,1.0,22414.4,,,,,,,,,,,,,,,,,,,,,,,,,,0.0,2.738,9012.8,,,,5362.0,,,,,,,,,,,,,,,,,""
10353192505,"Dec 9, 2023, 2:19:24 PM",Giải học sinh thành phố 2023,Run,"1500m ba
4x 400m hỗn hợp: nhì",480,2.00,,,false,,,,,,480.0,480.0,2000.0,,4.167,,,,,,0.0,,,,,,,,,,,,,,,,,,,,,,,0.0,,0.0,,0.0,,,,,,,,,,,,,,,,,,,,,,,,,,,0.0,4.167,0.0,,,,,,,,,,,,,,,,,,,,,""
10353217511,"Dec 9, 2023, 1:10:08 PM",Giải học sinh thành phố 2023,Run,Random walk,4860,9.00,,,false,,,,,,4860.0,4860.0,9000.0,,1.852,,,,,,0.0,,,,,,,,,,,,,,,,,,,,,,,,,0.0,,0.0,,,,,,,,,,,,,,,,,,,,,,,,,,,0.0,1.852,0.0,,,,,,,,,,,,,,,,,,,,,""
10353188712,"Dec 9, 2023, 7:24:00 AM",WU Cho 1500m,Run,Có cộng thêm 800 của 5k,1080,4.00,,,false,,,,,,1080.0,1080.0,4000.0,,3.704,,,,,,0.0,,,,,,,,,,,,,,,,,,,,,,,,,0.0,,0.0,,,,,,,,,,,,,,,,,,,,,,,,,,,0.0,3.704,0.0,,,,,,,,,,,,,,,,,,,,,""
10353152986,"Dec 9, 2023, 12:22:10 AM",5km thành phố,Run,Hạng 5,1343,4.12,158.0,22,false,"Tệ 
Mình chưa có all out 
Tìm trung bình có 144",,activities/11083054792.fit.gz,,,1343.0,1343.0,4128.6,3.708,3.074,0.0,8.0,-9.8,2.0,2.8,-0.3,,,95.0,89.0,,144.0,,,213.0,,29.0,22.0,,,,,,,,,,,0.0,,0.0,,1.0,4120.0,,,,,,,,,,,,,,,,,,,,,,,,,,0.0,3.074,0.0,,,,3968.0,,,,,,,,,,,,,,,,,""
10353177876,"Dec 8, 2023, 11:38:00 PM",Wu cho 5000m,Run,"",720,2.00,,,false,,,,,,720.0,720.0,2000.0,,2.778,,,,,,0.0,,,,,,,,,,,,,,,,,,,,,,,,,0.0,,0.0,,,,,,,,,,,,,,,,,,,,,,,,,,,0.0,2.778,0.0,,,,,,,,,,,,,,,,,,,,,""
10321173921,"Dec 3, 2023, 10:26:03 AM",Afternoon Run,Run,"",3780,9.00,,,false,,,,,,3780.0,3780.0,9000.0,,2.381,,,,,,0.0,,,,,,,,,,,,,,,,,,,,,,,,,0.0,,0.0,,,,,,,,,,,,,,,,,,,,,,,,,,,0.0,2.381,0.0,,,,,,,,,,,,,,,,,,,,,""
10319217688,"Dec 3, 2023, 12:33:56 AM",Morning Run,Run,,1615,3.86,160.0,22,false,,,activities/11047767699.fit.gz,,,1615.0,1595.0,3863.1,5.708,2.422,3.0,11.0,5.4,12.2,17.3,-0.1,,,91.0,82.0,,143.0,,,232.0,,28.0,22.0,,,,,,,,,,,,,0.0,,1.0,3885.9,,,,,,,,,,,,,,,,,,,,,,,,,,0.0,2.392,0.0,,,,4254.0,,,,,,,,,,,,,,,,,""
10319217125,"Dec 3, 2023, 12:10:38 AM",Morning Run,Run,,1192,2.25,149.0,5,false,,,activities/11047767116.fit.gz,,,1192.0,926.0,2252.9,5.878,2.433,4.0,8.0,28.8,39.8,15.8,-0.3,,,95.0,92.0,,129.0,,,109.0,,27.0,5.0,,,,,,,,,,,,,0.0,,1.0,2275.7,,,,,,,,,,,,,,,,,,,,,,,,,,0.0,1.89,0.0,,,,1932.0,,,,,,,,,,,,,,,,,""
10319216855,"Dec 2, 2023, 11:50:37 PM",Morning Run,Run,,618,1.26,153.0,8,false,,,activities/11047766786.fit.gz,,,618.0,522.0,1260.9,2.644,2.415,6.0,0.0,32.8,39.4,3.3,0.4,,,90.0,86.0,,138.0,,,77.0,,28.0,8.0,,,,,,,,,,,,,0.0,,1.0,1275.3,,,,,,,,,,,,,,,,,,,,,,,,,,0.0,2.04,0.0,,,,1472.0,,,,,,,,,,,,,,,,,""
10315979524,"Dec 2, 2023, 11:34:33 AM",Easy run,Run,"",4093,10.36,167.0,62,false,,,activities/11044414974.fit.gz,,,4093.0,4047.0,10364.0,3.058,2.561,9.0,18.0,37.0,46.6,3.2,-0.1,,,91.0,85.0,,144.0,,,553.0,,30.0,62.0,,,,,,,,,,,0.0,,0.0,,1.0,10367.9,,,,,,,,,,,,,,,,,,,,,,,,,,0.0,2.532,0.0,,,,11360.0,,,,,,,,,,,,,,,,,""
10315996798,"Dec 1, 2023, 12:48:00 PM",GPS lỗi + walk,Run,"",1440,4.00,,,false,,,,,,1440.0,1440.0,4000.0,,2.778,,,,,,0.0,,,,,,,,,,,,,,,,,,,,,,,,,0.0,,0.0,,,,,,,,,,,,,,,,,,,,,,,,,,,0.0,2.778,0.0,,,,,,,,,,,,,,,,,,,,,""
10315502474,"Nov 30, 2023, 7:00:00 AM",Trên sân bóng,Run,Có vài cái sprint,6000,14.28,,,false,,,,,,6000.0,6000.0,14285.7,,2.381,,,,,,0.0,,,,,,,,,,,,,,,,,,,,,,,0.0,,0.0,,0.0,,,,,,,,,,,,,,,,,,,,,,,,,,,0.0,2.381,0.0,,,,,,,,,,,,,,,,,,,,,""
10315474220,"Nov 28, 2023, 10:13:26 AM",CD,Run,"",263,0.73,167.0,8,false,,,activities/11043894695.fit.gz,,,263.0,263.0,735.8,3.079,2.798,0.0,1.0,54.8,58.4,3.5,-0.4,,,89.0,86.0,,157.0,,,48.0,,31.0,8.0,,,,,,,,,,,0.0,,0.0,,1.0,736.2,,,,,,,,,,,,,,,,,,,,,,,,,,0.0,2.798,0.0,,,,766.0,,,,,,,,,,,,,,,,,""
10315496236,"Nov 28, 2023, 11:21:55 AM",Tập tuyển Bình Thạnh,Run,"3x1200m 4:17 4:40 4:40
2x300: thời gian ko biết 
Rest dài nên 2 lap",1570,5.00,,,false,,,,,,1570.0,1570.0,5000.0,,3.185,,,,,,0.0,,,,,,,,,,,,,,,,,,,,,,,,,0.0,,0.0,,,,,,,,,,,,,,,,,,,,,,,,,,,0.0,3.185,0.0,,,,,,,,,,,,,,,,,,,,,""
10283007379,"Nov 26, 2023, 9:17:01 AM",…,Run,"",1296,2.70,,,false,,,,,,1296.0,1296.0,2700.0,,2.083,,,,,,0.0,,,,,,,,,,,,,,,,,,,,,,,,,0.0,,0.0,,,,,,,,,,,,,,,,,,,,,,,,,,,0.0,2.083,0.0,,,,,,,,,,,,,,,,,,,,,""
10282134343,"Nov 25, 2023, 11:34:07 PM",Long run,Run,"",8928,20.17,171.0,127,false,"15km ( not easy )
5km đi bộ

Rất đâu ở hông, tín hiệu tốt rằng mình đã biết đẩy hông rồi",,activities/11009324210.fit.gz,,,8928.0,8460.0,20173.0,6.41,2.385,39.0,49.0,46.8,71.6,25.3,-0.1,,,92.0,79.0,,142.0,,,1050.0,,29.0,127.0,,,,,,,,,,,0.0,,0.0,,1.0,20244.8,,,,,,,,,,,,,,,,,,,,,,,,,,0.0,2.26,15995.8,,,,22194.0,,,,,,,,,,,,,,,,,""
10278310427,"Nov 25, 2023, 10:39:06 AM",Interval 12x ( 400m @3:30 + 2 min rest),Run,Lap time: 76 77 84 84 82 92 84 88 87 85 85 82,3211,7.09,171.0,25,false,"",,activities/11005356702.fit.gz,,,3211.0,2924.0,7094.0,8.528,2.426,34.0,48.0,-17.2,78.0,36.8,1.1,,,102.0,89.0,,139.0,,,367.0,,29.0,25.0,,,,,,,,,,,,,0.0,,1.0,7255.2,,,,,,,,,,,,,,,,,,,,,,,,,,0.0,2.209,0.0,,,,5376.0,,,,,,,,,,,,,,,,,""
10278301984,"Nov 25, 2023, 10:13:01 AM",Wu for interval,Run,"",779,1.14,112.0,1,false,,,activities/11005348135.fit.gz,,,779.0,685.0,1141.5,3.283,1.666,7.0,0.0,-28.4,-20.8,9.7,0.6,,,63.0,59.0,,100.0,,,57.0,,33.0,1.0,,,,,,,,,,,0.0,,0.0,,1.0,1161.0,,,,,,,,,,,,,,,,,,,,,,,,,,0.0,1.465,0.0,,,,1556.0,,,,,,,,,,,,,,,,,""
10278882960,"Nov 25, 2023, 1:14:48 PM",CD,Run,"",1080,2.00,,,false,,,,,,1080.0,1080.0,2000.0,,1.852,,,,,,0.0,,,,,,,,,,,,,,,,,,,,,,,,,0.0,,0.0,,,,,,,,,,,,,,,,,,,,,,,,,,,0.0,1.852,0.0,,,,,,,,,,,,,,,,,,,,,""
10272969924,"Nov 24, 2023, 10:48:38 AM",Easy Run P2,Run,"",1809,4.63,,,false,"",,activities/10272969924.gpx,,,1809.0,1781.0,4637.7,7.85,2.604,3.9,3.1,2.8,6.9,5.0,0.0,,,,,,,,,,,,,,,,,,,,,,,,,0.0,,1.0,4646.3,,,,,,,,,,,,,,,,,,,,,,,,,,0.0,2.564,2145.8,,,,,,,,,,,,,,,,,,,,,""
10272852410,"Nov 24, 2023, 10:16:25 AM",Easy Run P1,Run,"",1815,4.62,179.0,40,false,"",,activities/10999684530.fit.gz,,,1815.0,1792.0,4620.9,5.342,2.579,5.0,6.0,10.4,15.0,7.0,0.0,,,89.0,86.0,,151.0,,,301.0,,29.0,40.0,,,,,,,,,,,,,0.0,,1.0,4630.4,,,,,,,,,,,,,,,,,,,,,,,,,,0.0,2.546,2119.3,,,,5138.0,,,,,,,,,,,,,,,,,""
10267330830,"Nov 23, 2023, 9:58:54 AM",Easy + strides,Run,"",3364,8.85,169.0,74,false,"5km easy run
6x100m tập sức mạnh
2 km CD",,activities/10993903231.fit.gz,,,3364.0,3080.0,8856.1,7.698,2.875,8.0,14.0,9.6,15.8,13.6,0.0,,,117.0,85.0,,153.0,,,493.0,,29.0,74.0,,,,,,,,,,,0.0,,0.0,,1.0,8932.2,,,,,,,,,,,,,,,,,,,,,,,,,,0.0,2.633,0.0,,,,8466.0,,,,,,,,,,,,,,,,,""
10267329749,"Nov 23, 2023, 9:43:55 AM",Warm up,Run,"",458,1.18,151.0,4,false,,,activities/10993902083.fit.gz,,,458.0,427.0,1184.0,3.433,2.773,0.0,1.0,-25.8,-24.0,6.3,0.0,,,88.0,86.0,,139.0,,,66.0,,29.0,4.0,,,,,,,,,,,0.0,,0.0,,1.0,1189.6,,,,,,,,,,,,,,,,,,,,,,,,,,0.0,2.585,0.0,,,,1232.0,,,,,,,,,,,,,,,,,""
10265539694,"Nov 22, 2023, 10:06:52 AM",55' recover run,Run,"",3324,8.64,167.0,52,false,"",,activities/10992030415.fit.gz,,,3324.0,3323.0,8648.2,4.1,2.603,3.0,12.0,-18.8,-7.4,5.8,-0.1,,,94.0,85.0,,144.0,,,494.0,,31.0,52.0,,,,,,,,,,,,,0.0,,1.0,8648.6,,,,,,,,,,,,,,,,,,,,,,,,,,0.0,2.602,8530.8,,,,9316.0,,,,,,,,,,,,,,,,,""
10256595035,"Nov 21, 2023, 10:31:00 AM",Interval với tuyển Bình Thạnh,Run,"",2430,9.00,,,false,"4x(1200m + 5 mins rest) 
Time: 4:30 4:25 4:20 4:10
4x100m sprint ",,,,,2430.0,2430.0,9000.0,,3.704,,,,,,0.0,,,,,,,,,,,,,,,,,,,,,,,,,0.0,,0.0,,,,,,,,,,,,,,,,,,,,,,,,,,,0.0,3.704,0.0,,,,,,,,,,,,,,,,,,,,,""
10245544539,"Nov 19, 2023, 10:35:59 AM",18 km long run (double),Run,"",7412,18.00,168.0,136,false,,,activities/10971247837.fit.gz,,,7412.0,7005.0,18008.9,6.122,2.571,33.0,45.0,2.2,30.6,11.5,-0.1,,,113.0,85.0,,147.0,,,958.0,,29.0,136.0,,,,,,,,,,,0.0,,0.0,,1.0,18070.3,,,,,,,,,,,,,,,,,,,,,,,,,,0.0,2.43,10632.1,,,,19570.0,,,,,,,,,,,,,,,,,""
10242404852,"Nov 18, 2023, 10:30:05 PM",Pocari Sweat Run 2023 PR 21km(21:07),Run,"",1296,4.06,166.0,25,false,"Made so many mistake, can improve
",,activities/10967978010.fit.gz,,,1296.0,1296.0,4066.6,3.844,3.138,1.0,6.0,-17.6,-7.8,2.2,-0.2,,,98.0,91.0,,148.0,,,220.0,,24.0,25.0,,,,,,,,,,,,,0.0,,1.0,4065.2,,,,,,,,,,,,,,,,,,,,,,,,,,0.0,3.138,0.0,,,,3906.0,,,,,,,,,,,,,,,,,""
10244153656,"Nov 18, 2023, 9:17:00 AM",Wall + distance,Run,Thêm 1 số cây,3240,9.00,,,false,,,,,,3240.0,3240.0,9000.0,,2.778,,,,,,0.0,,,,,,,,,,,,,,,,,,,,,,,,,0.0,,0.0,,,,,,,,,,,,,,,,,,,,,,,,,,,0.0,2.778,0.0,,,,,,,,,,,,,,,,,,,,,""
10222886661,"Nov 15, 2023, 1:21:23 PM",Evening Run,Run,,1688,3.77,164.0,17,false,,,activities/10947689061.fit.gz,,,1688.0,1580.0,3770.9,5.854,2.387,20.0,22.0,-10.6,5.2,7.5,-0.1,,,90.0,76.0,,135.0,,,211.0,,31.0,17.0,,,,,,,,,,,,,0.0,,1.0,3797.6,,,,,,,,,,,,,,,,,,,,,,,,,,0.0,2.234,1990.1,,,,3960.0,,,,,,,,,,,,,,,,,""
10222885853,"Nov 15, 2023, 12:27:24 PM",Evening Run,Run,,2796,8.00,171.0,61,false,,,activities/10947688217.fit.gz,,,2796.0,2784.0,8008.3,7.476,2.877,1.0,5.0,-7.6,-2.6,5.1,0.0,,,93.0,87.0,,151.0,,,467.0,,30.0,61.0,,,,,,,,,,,,,0.0,,1.0,8016.1,,,,,,,,,,,,,,,,,,,,,,,,,,0.0,2.864,6930.2,,,,8122.0,,,,,,,,,,,,,,,,,""
10222884907,"Nov 15, 2023, 11:41:22 AM",Evening Run,Run,,1621,3.98,188.0,36,false,,,activities/10947687216.fit.gz,,,1621.0,1496.0,3987.7,6.554,2.666,12.0,20.0,-58.4,-42.6,15.2,-0.1,,,91.0,86.0,,154.0,,,253.0,,30.0,36.0,,,,,,,,,,,,,0.0,,1.0,4010.9,,,,,,,,,,,,,,,,,,,,,,,,,,0.0,2.46,2281.8,,,,4218.0,,,,,,,,,,,,,,,,,""
10220471449,"Nov 14, 2023, 10:51:00 AM",Afternoon Run,Run,"",1080,4.00,,,false,,,,,,1080.0,1080.0,4000.0,,3.704,,,,,,0.0,,,,,,,,,,,,,,,,,,,,,,,,,0.0,,0.0,,,,,,,,,,,,,,,,,,,,,,,,,,,0.0,3.704,0.0,,,,,,,,,,,,,,,,,,,,,""
10205903404,"Nov 12, 2023, 11:54:24 AM",11km easy,Run,"",4579,11.29,166.0,73,false,,,activities/10930073848.fit.gz,,,4579.0,4456.0,11293.3,7.919,2.534,36.0,45.0,-45.0,-24.4,12.8,-0.1,,,117.0,84.0,,144.0,,,631.0,,31.0,73.0,,,,,,,,,,,0.0,,0.0,,1.0,11339.9,,,,,,,,,,,,,,,,,,,,,,,,,,0.0,2.466,8619.6,,,,12280.0,,,,,,,,,,,,,,,,,""
10199314532,"Nov 11, 2023, 12:37:35 PM",CD,Run,"",1317,2.09,157.0,5,false,,,activities/10923221773.fit.gz,,,1317.0,1295.0,2093.0,3.396,1.616,1.0,15.0,-37.6,-23.0,7.9,-0.6,,,89.0,61.0,,122.0,,,128.0,,32.0,5.0,,,,,,,,,,,0.0,,0.0,,1.0,2076.6,,,,,,,,,,,,,,,,,,,,,,,,,,0.0,1.589,1408.3,,,,2562.0,,,,,,,,,,,,,,,,,""
10199314015,"Nov 11, 2023, 11:52:12 AM",Interval (10x ( 400 fast @4:00 + 400 recovery ),Run,"",2690,6.91,172.0,37,false,"10 laps time:
1:44 1:46 1:28 1:33 1:36 1:34 1:32 1:31 1:28 1:25
Không biết tại sao hai vết thương ở củi trò tay phải và đầu game không đau khi chạy ?_?
",,activities/10923221213.fit.gz,,,2690.0,2616.0,6911.6,9.626,2.642,122.0,112.0,-38.6,-19.8,44.8,0.1,,,121.0,81.0,,144.0,,,365.0,,29.0,37.0,,,,,,,,,,,,,0.0,,1.0,7108.6,,,,,,,,,,,,,,,,,,,,,,,,,,0.0,2.569,3781.9,,,,6812.0,,,,,,,,,,,,,,,,,""
10199312431,"Nov 11, 2023, 11:35:41 AM",Warm up,Run,"",754,1.97,165.0,19,false,"",,activities/10923219702.fit.gz,,,754.0,746.0,1975.0,4.384,2.647,12.0,18.0,-35.2,-21.4,6.7,-0.1,,,92.0,87.0,,153.0,,,134.0,,30.0,19.0,,,,,,,,,,,,,0.0,,1.0,1996.8,,,,,,,,,,,,,,,,,,,,,,,,,,0.0,2.619,1571.1,,,,2162.0,,,,,,,,,,,,,,,,,""
10198244679,"Nov 10, 2023, 11:12:50 PM",AR,Run,"",1264,2.52,163.0,15,false,"",,activities/10922116890.fit.gz,,,1264.0,1042.0,2525.1,3.15,2.423,1.0,2.0,-22.6,-18.8,4.3,-0.1,,,93.0,87.0,,135.0,,,168.0,,28.0,15.0,,,,,,,,,,,,,0.0,,1.0,2523.8,,,,,,,,,,,,,,,,,,,,,,,,,,0.0,1.998,0.0,,,,3024.0,,,,,,,,,,,,,,,,,""
10197531626,"Nov 10, 2023, 10:58:00 PM",Run with AR + Go home,Run,"",3600,10.00,,,false,"",,,,,3600.0,3600.0,10000.0,,2.778,,,,,,0.0,,,,,,,,,,,,,,,,,,,,,,,,,0.0,,0.0,,,,,,,,,,,,,,,,,,,,,,,,,,,0.0,2.778,0.0,,,,,,,,,,,,,,,,,,,,,""
10199842792,"Nov 10, 2023, 3:30:00 AM",WU+ Run +CD cho giải chạy Quận,Run,"Không mang đồng hồ 
800m: Top 4
400m : DNF
",1800,6.00,,,false,"WU: 2km
CD+walk : 2km",,,,,1800.0,1800.0,6000.0,,3.333,,,,,,0.0,,,,,,,,,,,,,,,,,,,,,,,,,0.0,,0.0,,,,,,,,,,,,,,,,,,,,,,,,,,,0.0,3.333,0.0,,,,,,,,,,,,,,,,,,,,,""
10198244215,"Nov 9, 2023, 12:40:23 PM",30' (not) recovery run,Run,"",1720,4.25,159.0,22,false,"",,activities/10922116437.fit.gz,,,1720.0,1658.0,4251.5,5.254,2.564,3.0,6.0,-7.0,-2.6,16.1,0.0,,,93.0,86.0,,143.0,,,251.0,,31.0,22.0,,,,,,,,,,,,,0.0,,1.0,4278.0,,,,,,,,,,,,,,,,,,,,,,,,,,0.0,2.472,4144.2,,,,4862.0,,,,,,,,,,,,,,,,,""
10182571144,"Nov 8, 2023, 12:22:29 PM",Interval 6x ( 1km@4:05 + 2 min rest ),Run,GPS lỗi ,3269,9.00,168.0,60,false,"With Adidas running club 
6km reps:
4:07 3:55 4:08 4:05 4:01 4:12",,activities/10905894473.fit.gz,,,3269.0,3068.0,9001.7,8.51,2.934,3.0,11.0,-334.0,9.6,24.8,-0.1,,,96.0,89.0,,148.0,,,464.0,,30.0,60.0,,,,,,,,,,,,,0.0,,1.0,9007.8,,,,,,,,,,,,,,,,,,,,,,,,,,0.0,2.754,2134.8,,,,7888.0,,,,,,,,,,,,,,,,,""
10186163012,"Nov 8, 2023, 3:00:00 AM",Chạy trên biển,Run,"",5400,12.00,,,false,"Ngoại khóa cùng trường
Chạy trên biển +đá banh với bạn ",,,,,5400.0,5400.0,12000.0,,2.222,,,,,,0.0,,,,,,,,,,,,,,,,,,,,,,,0.0,,0.0,,0.0,,,,,,,,,,,,,,,,,,,,,,,,,,,0.0,2.222,0.0,,,,,,,,,,,,,,,,,,,,,""
10164335783,"Nov 5, 2023, 12:16:25 PM",Evening Run,Run,,202,0.29,141.0,0,false,,,activities/10886872677.fit.gz,,,202.0,197.0,290.8,2.103,1.476,0.0,0.0,7.8,9.6,3.3,-0.5,,,61.0,59.0,,124.0,,,23.0,,32.0,0.0,,,,,,,,,,,,,0.0,,1.0,290.8,,,,,,,,,,,,,,,,,,,,,,,,,,0.0,1.439,0.0,,,,376.0,,,,,,,,,,,,,,,,,""
10164335368,"Nov 5, 2023, 10:23:49 AM",Not (easy) long run,Run,"",6311,17.00,168.0,144,false,,,activities/10886872093.fit.gz,,,6311.0,6010.0,17005.4,12.0,2.83,26.0,33.0,9.8,27.2,11.0,0.0,,,93.0,85.0,,152.0,,,922.0,,30.0,144.0,,,,,,,,,,,0.0,,0.0,,1.0,17085.0,,,,,,,,,,,,,,,,,,,,,,,,,,0.0,2.695,10148.0,,,,16966.0,,,,,,,,,,,,,,,,,""
10164371286,"Nov 5, 2023, 12:30:55 PM",Evening Run,Run,"",162,0.30,,,false,,,,,,162.0,162.0,300.0,,1.852,,,,,,0.0,,,,,,,,,,,,,,,,,,,,,,,,,0.0,,0.0,,,,,,,,,,,,,,,,,,,,,,,,,,,0.0,1.852,0.0,,,,,,,,,,,,,,,,,,,,,""
10158016660,"Nov 4, 2023, 10:37:05 AM",Afternoon Run,Run,,4322,11.00,173.0,74,false,,,activities/10880216447.fit.gz,,,4322.0,4049.0,10999.3,8.024,2.717,108.0,103.0,-61.8,30.8,33.1,0.0,,,115.0,83.0,,147.0,,,586.0,,30.0,74.0,,,,,,,,,,,,,0.0,,1.0,11191.2,,,,,,,,,,,,,,,,,,,,,,,,,,0.0,2.545,5918.6,,,,10524.0,,,,,,,,,,,,,,,,,""
10152829988,"Nov 3, 2023, 10:23:31 AM",50’ easy run,Run,"",3229,8.03,165.0,59,false,,,activities/10874774186.fit.gz,,,3229.0,3025.0,8031.5,5.505,2.655,28.0,29.0,9.0,26.2,6.0,-0.1,,,123.0,84.0,,148.0,,,472.0,,30.0,59.0,,,,,,,,,,,0.0,,0.0,,1.0,8063.2,,,,,,,,,,,,,,,,,,,,,,,,,,0.0,2.487,4807.7,,,,8192.0,,,,,,,,,,,,,,,,,""
10143677677,"Nov 1, 2023, 1:13:48 PM",CD + walk,Run,"",2454,4.42,163.0,15,false,,,activities/10865166436.fit.gz,,,2454.0,2178.0,4425.8,12.482,2.032,21.0,18.0,-5.6,10.2,11.0,0.0,,,91.0,66.0,,134.0,,,236.0,,32.0,15.0,,,,,,,,,,,0.0,,0.0,,1.0,4471.9,,,,,,,,,,,,,,,,,,,,,,,,,,0.0,1.803,2781.3,,,,4554.0,,,,,,,,,,,,,,,,,""
10142377169,"Nov 1, 2023, 12:32:03 PM",Evening Run,Run,,2444,7.00,182.0,67,false,,,activities/10863803402.fit.gz,,,2444.0,2428.0,7003.2,9.556,2.884,3.0,6.0,27.8,36.2,5.8,-0.1,,,123.0,85.0,,156.0,,,404.0,,30.0,67.0,,,,,,,,,,,,,0.0,,1.0,7009.2,,,,,,,,,,,,,,,,,,,,,,,,,,0.0,2.865,932.1,,,,6376.0,,,,,,,,,,,,,,,,,""
10146305019,"Oct 31, 2023, 8:00:00 AM",Trong sân đá banh,Run,"",7200,12.00,,,false,,,,,,7200.0,7200.0,12000.0,,1.667,,,,,,0.0,,,,,,,,,,,,,,,,,,,,,,,,,0.0,,0.0,,,,,,,,,,,,,,,,,,,,,,,,,,,0.0,1.667,0.0,,,,,,,,,,,,,,,,,,,,,""
10103745681,"Oct 25, 2023, 12:31:44 PM",Evening Run,Run,,1973,6.12,175.0,51,false,,,activities/10823341740.fit.gz,,,1973.0,1939.0,6124.4,6.438,3.159,0.0,5.0,31.2,36.0,14.4,0.0,,,95.0,86.0,,154.0,,,333.0,,29.0,51.0,,,,,,,,,,,,,0.0,,1.0,6151.5,,,,,,,,,,,,,,,,,,,,,,,,,,0.0,3.104,1809.6,,,,5504.0,,,,,,,,,,,,,,,,,""
10081227937,"Oct 21, 2023, 11:37:24 PM",Morning Run,Run,,1345,4.09,170.0,43,false,,,activities/10799895413.fit.gz,,,1345.0,1345.0,4096.0,4.662,3.045,3.0,8.0,-41.0,-33.8,4.5,-0.1,,,106.0,91.0,,160.0,,,253.0,,28.0,43.0,,,,,,,,,,,,,0.0,,1.0,4095.3,,,,,,,,,,,,,,,,,,,,,,,,,,0.0,3.045,0.0,,,,4038.0,,,,,,,,,,,,,,,,,""
10081227739,"Oct 19, 2023, 11:02:29 AM",Evening Run,Run,,1739,4.35,154.0,16,false,,,activities/10799895205.fit.gz,,,1739.0,1730.0,4355.4,5.409,2.518,2.0,5.0,-17.2,-12.4,11.1,0.0,,,94.0,86.0,,137.0,,,239.0,,30.0,16.0,,,,,,,,,,,,,0.0,,1.0,4375.2,,,,,,,,,,,,,,,,,,,,,,,,,,0.0,2.505,4016.8,,,,4884.0,,,,,,,,,,,,,,,,,""
10060741555,"Oct 18, 2023, 11:21:08 AM",Evening Run,Run,,1024,1.61,148.0,4,false,,,activities/10778594158.fit.gz,,,1024.0,836.0,1610.1,5.64,1.926,1.0,1.0,-3.6,-1.0,5.6,0.0,,,88.0,72.0,,126.0,,,96.0,,31.0,4.0,,,,,,,,,,,,,0.0,,1.0,1616.2,,,,,,,,,,,,,,,,,,,,,,,,,,0.0,1.572,1020.9,,,,1726.0,,,,,,,,,,,,,,,,,""
10060741083,"Oct 18, 2023, 10:29:26 AM",Afternoon Run,Run,,2981,8.59,167.0,39,false,,,activities/10778593644.fit.gz,,,2981.0,2644.0,8589.3,5.518,3.249,5.0,12.0,-28.8,-13.4,18.0,-0.2,,,97.0,89.0,,144.0,,,375.0,,30.0,39.0,,,,,,,,,,,,,0.0,,1.0,8595.9,,,,,,,,,,,,,,,,,,,,,,,,,,0.0,2.881,4826.6,,,,7316.0,,,,,,,,,,,,,,,,,""
10055545356,"Oct 17, 2023, 10:26:00 AM",Afternoon Run,Run,,2778,6.23,164.0,36,false,,,activities/10773205757.fit.gz,,,2778.0,2701.0,6230.0,4.732,2.307,38.0,45.0,-58.6,-43.2,11.7,-0.1,,,95.0,84.0,,141.0,,,364.0,,30.0,36.0,,,,,,,,,,,,,0.0,,1.0,6300.9,,,,,,,,,,,,,,,,,,,,,,,,,,0.0,2.243,4099.9,,,,7236.0,,,,,,,,,,,,,,,,,""
10048984053,"Oct 15, 2023, 12:17:32 PM",Interval,Run,"3k easy
10x( 300m fast uphill + 300m easy downhill)
cd = walk",3990,10.23,162.0,45,false,,,activities/10766388789.fit.gz,,,3990.0,3822.0,10236.8,9.752,2.678,102.0,120.0,-52.0,-20.4,22.4,-0.2,,,123.0,79.0,,139.0,,,492.0,,30.0,45.0,,,,,,,,,,,0.0,,0.0,,1.0,10362.6,,,,,,,,,,,,,,,,,,,,,,,,,,0.0,2.566,3325.9,,,,9894.0,,,,,,,,,,,,,,,,,""
10048982265,"Oct 14, 2023, 10:57:29 AM",Easy cầu,Run,"",2333,5.03,163.0,37,false,,,activities/10766387021.fit.gz,,,2333.0,2158.0,5035.6,6.941,2.333,23.0,33.0,-30.8,-10.4,9.6,-0.2,,,93.0,78.0,,145.0,,,314.0,,30.0,37.0,,,,,,,,,,,0.0,,0.0,,1.0,5064.9,,,,,,,,,,,,,,,,,,,,,,,,,,0.0,2.158,1556.7,,,,5378.0,,,,,,,,,,,,,,,,,""
10053146446,"Oct 14, 2023, 8:00:00 AM",Bóng đá,Run,"",6300,15.00,,,false,,,,,,6300.0,6300.0,15000.0,,2.381,,,,,,0.0,,,,,,,,,,,,,,,,,,,,,,,,,0.0,,0.0,,,,,,,,,,,,,,,,,,,,,,,,,,,0.0,2.381,0.0,,,,,,,,,,,,,,,,,,,,,""
10053151966,"Oct 12, 2023, 7:09:00 AM",Bóng đá,Run,"",3600,10.00,,,false,,,,,,3600.0,3600.0,10000.0,,2.778,,,,,,0.0,,,,,,,,,,,,,,,,,,,,,,,,,0.0,,0.0,,,,,,,,,,,,,,,,,,,,,,,,,,,0.0,2.778,0.0,,,,,,,,,,,,,,,,,,,,,""
10018659266,"Oct 11, 2023, 11:55:06 AM",Easy cầu,Run,"",2289,4.04,159.0,11,false,,,activities/10734812921.fit.gz,,,2289.0,2112.0,4047.9,4.97,1.917,20.0,21.0,-18.2,-1.4,12.7,0.0,,,92.0,66.0,,123.0,,,222.0,,32.0,11.0,,,,,,,,,,,0.0,,0.0,,1.0,4097.6,,,,,,,,,,,,,,,,,,,,,,,,,,0.0,1.768,2878.1,,,,4418.0,,,,,,,,,,,,,,,,,""
10018658164,"Oct 11, 2023, 10:55:14 AM",Interval(90s rest),Run,"1 km @ 4:12
2km @ 4:29
2km @ 4:15
1km @ 4:04",2067,6.17,154.0,18,false,,,activities/10734811871.fit.gz,,,2067.0,1939.0,6173.8,12.928,3.184,14.0,22.0,-11.2,4.4,48.5,-0.2,,,98.0,91.0,,136.0,,,257.0,,30.0,18.0,,,,,,,,,,,0.0,,0.0,,1.0,6249.7,,,,,,,,,,,,,,,,,,,,,,,,,,0.0,2.987,1703.6,,,,5052.0,,,,,,,,,,,,,,,,,""
10000370051,"Oct 8, 2023, 12:24:30 PM",Warm down = walk,Run,"",2769,4.71,152.0,11,false,,,activities/10715791939.fit.gz,,,2769.0,2655.0,4710.4,10.836,1.774,18.0,20.0,7.8,25.2,14.9,-0.1,,,113.0,62.0,,126.0,,,264.0,,31.0,11.0,,,,,,,,,,,0.0,,0.0,,1.0,4753.3,,,,,,,,,,,,,,,,,,,,,,,,,,0.0,1.701,2210.2,,,,5450.0,,,,,,,,,,,,,,,,,""
10000368845,"Oct 8, 2023, 10:53:55 AM",Easy + Threshold,Run,"45’ easy
45min threshold
5min max
Somehow run a 10k Pr
Có chú kia dẫn pace",5402,15.18,166.0,74,false,"Mình nghĩ mình làm đc vì mình vô đc guồn và ko tốn nhiều năng lượng lúc đầu 
Ko nâng đùi phí",,activities/10715790660.fit.gz,,,5402.0,4980.0,15184.7,6.546,3.049,22.0,32.0,-19.4,1.8,17.1,-0.1,,,93.0,87.0,,144.0,,,685.0,,30.0,74.0,,,,,,,,,,,0.0,,0.0,,1.0,15227.5,,,,,,,,,,,,,,,,,,,,,,,,,,0.0,2.811,10876.4,,,,14136.0,,,,,,,,,,,,,,,,,""
9993202906,"Oct 7, 2023, 11:51:00 AM",Interval 90s rest,Run,"1km @4:05
2km @4:16
2km @4:33
700m @4:10",1875,5.96,169.0,44,false,,,activities/10708301053.fit.gz,,,1875.0,1738.0,5960.6,6.188,3.43,13.0,29.0,15.2,35.4,24.3,-0.2,,,96.0,89.0,,154.0,,,283.0,,28.0,44.0,,,,,,,,,,,0.0,,0.0,,1.0,6001.2,,,,,,,,,,,,,,,,,,,,,,,,,,0.0,3.179,5816.4,,,,4728.0,,,,,,,,,,,,,,,,,""
9992990826,"Oct 7, 2023, 11:18:17 AM",30min ( not easy ) run,Run,"",1842,5.00,168.0,45,false,,,activities/10708078795.fit.gz,,,1842.0,1840.0,5007.4,6.466,2.721,3.0,12.0,-26.8,-14.2,6.0,-0.2,,,93.0,85.0,,152.0,,,295.0,,31.0,45.0,,,,,,,,,,,0.0,,0.0,,1.0,5006.8,,,,,,,,,,,,,,,,,,,,,,,,,,0.0,2.718,4226.8,,,,5222.0,,,,,,,,,,,,,,,,,""
9992711595,"Oct 4, 2023, 11:05:49 AM",Fartlek fail (10/25),Run,10x(1 min @3:50 + 1min @5:00),2491,5.40,165.0,25,false,,,activities/10707787306.fit.gz,,,2491.0,1659.0,5402.4,8.012,3.256,4.0,9.0,-12.4,2.0,47.4,-0.2,,,96.0,88.0,,143.0,,,223.0,,30.0,25.0,,,,,,,,,,,0.0,,0.0,,1.0,5421.3,,,,,,,,,,,,,,,,,,,,,,,,,,0.0,2.169,4306.9,,,,4634.0,,,,,,,,,,,,,,,,,""
9992710104,"Oct 4, 2023, 10:46:02 AM",Warm up,Run,"",242,0.65,145.0,2,false,,,activities/10707785781.fit.gz,,,242.0,236.0,656.8,3.308,2.783,1.0,0.0,0.6,3.0,4.2,0.3,,,91.0,87.0,,140.0,,,35.0,,31.0,2.0,,,,,,,,,,,0.0,,0.0,,1.0,662.6,,,,,,,,,,,,,,,,,,,,,,,,,,0.0,2.714,645.8,,,,704.0,,,,,,,,,,,,,,,,,""
9970259776,"Oct 3, 2023, 10:54:18 AM",60min (not easy ) run,Run,"",3663,10.00,185.0,105,false,,,activities/10684394173.fit.gz,,,3663.0,3659.0,10004.3,6.556,2.734,7.0,13.0,9.2,15.0,7.1,0.0,,,123.0,85.0,,156.0,,,575.0,,29.0,105.0,,,,,,,,,,,0.0,,0.0,,1.0,10032.0,,,,,,,,,,,,,,,,,,,,,,,,,,0.0,2.731,6725.6,,,,10210.0,,,,,,,,,,,,,,,,,""
9952674038,"Oct 1, 2023, 1:31:33 AM",Walk from school to home,Run,"",1690,2.57,,,false,,,activities/9952674038.gpx,,,1690.0,1666.0,2569.6,6.936,1.542,2.5,2.0,3.3,5.9,6.1,0.0,,,,,,,,,,,,,,,,,,,,,,,0.0,,0.0,,1.0,2577.8,,,,,,,,,,,,,,,,,,,,,,,,,,0.0,1.52,81.8,,,,,,,,,,,,,,,,,,,,,""
9952297242,"Sep 30, 2023, 11:00:34 PM",Walk + 5m fast,Run,"",1082,2.03,162.0,9,false,,,activities/10665480325.fit.gz,,,1082.0,873.0,2033.0,5.712,2.329,1.0,1.0,1.8,5.4,11.6,0.0,,,92.0,79.0,,134.0,,,109.0,,30.0,9.0,,,,,,,,,,,0.0,,0.0,,1.0,2046.4,,,,,,,,,,,,,,,,,,,,,,,,,,0.0,1.879,1861.0,,,,2142.0,,,,,,,,,,,,,,,,,""
9952297084,"Sep 30, 2023, 9:59:35 PM",Tempo 10k @5:30,Run,"",3410,10.22,184.0,101,false,,,activities/10665480168.fit.gz,,,3410.0,3378.0,10222.0,7.945,3.026,8.0,7.0,-1.2,4.2,8.9,0.0,,,92.0,87.0,,158.0,,,557.0,,29.0,101.0,,,,,,,,,,,0.0,,0.0,,1.0,10257.7,,,,,,,,,,,,,,,,,,,,,,,,,,0.0,2.998,7814.1,,,,9658.0,,,,,,,,,,,,,,,,,""
9943226097,"Sep 29, 2023, 1:29:00 PM",CD,Run,"",2077,4.00,165.0,27,false,,,activities/10656007509.fit.gz,,,2077.0,2031.0,4004.4,4.34,1.972,15.0,19.0,9.8,25.6,9.8,-0.1,,,89.0,75.0,,139.0,,,261.0,,31.0,27.0,,,,,,,,,,,0.0,,0.0,,1.0,4026.2,,,,,,,,,,,,,,,,,,,,,,,,,,0.0,1.928,2458.7,,,,4824.0,,,,,,,,,,,,,,,,,""
9943225188,"Sep 29, 2023, 12:54:49 PM",Interval (3-2-1 km) 2min rest,Run,"3km @4:04
2km @4:17
1 km @4:14",1965,6.27,180.0,35,false,,,activities/10656006689.fit.gz,,,1965.0,1742.0,6271.1,6.594,3.6,3.0,7.0,-17.8,-12.2,8.8,0.0,,,95.0,89.0,,151.0,,,275.0,,30.0,35.0,,,,,,,,,,,0.0,,0.0,,1.0,6300.5,,,,,,,,,,,,,,,,,,,,,,,,,,0.0,3.191,4084.7,,,,4920.0,,,,,,,,,,,,,,,,,""
9952854776,"Sep 29, 2023, 3:26:00 AM",Random jog,Run,"",1886,4.90,,,false,,,,,,1886.0,1886.0,4900.0,,2.598,,,,,,0.0,,,,,,,,,,,,,,,,,,,,,,,,,0.0,,0.0,,,,,,,,,,,,,,,,,,,,,,,,,,,0.0,2.598,0.0,,,,,,,,,,,,,,,,,,,,,""
9930054548,"Sep 27, 2023, 10:52:58 AM",2k tempo + 15*45s stride,Run,"2km @ 4:37
15 strides @3:40",2982,7.79,174.0,44,false,,,activities/10642280595.fit.gz,,,2982.0,2839.0,7796.0,6.626,2.746,46.0,50.0,-30.6,-11.2,37.0,0.0,,,105.0,87.0,,145.0,,,385.0,,29.0,44.0,,,,,,,,,,,0.0,,0.0,,1.0,7852.0,,,,,,,,,,,,,,,,,,,,,,,,,,0.0,2.614,7762.9,,,,7080.0,,,,,,,,,,,,,,,,,""
9929650995,"Sep 27, 2023, 10:21:54 AM",Wu,Run,"",274,0.71,144.0,2,false,,,activities/10641851362.fit.gz,,,274.0,274.0,712.2,3.088,2.599,0.0,2.0,27.0,29.2,2.6,-0.2,,,90.0,88.0,,139.0,,,40.0,,30.0,2.0,,,,,,,,,,,0.0,,0.0,,1.0,710.7,,,,,,,,,,,,,,,,,,,,,,,,,,0.0,2.599,714.7,,,,802.0,,,,,,,,,,,,,,,,,""
9923808356,"Sep 26, 2023, 11:48:30 AM",1h18 easy run,Run,"",4727,12.44,173.0,132,false,,,activities/10635746670.fit.gz,,,4727.0,4681.0,12443.6,5.44,2.658,8.0,20.0,-21.6,-13.4,29.2,-0.1,,,97.0,87.0,,156.0,,,736.0,,29.0,132.0,,,,,,,,,,,0.0,,0.0,,1.0,12473.8,,,,,,,,,,,,,,,,,,,,,,,,,,0.0,2.632,11456.0,,,,13514.0,,,,,,,,,,,,,,,,,""
9907673069,"Sep 23, 2023, 10:25:03 PM","Can giờ marathon -5 km
@23:49",Run,"",1435,5.17,178.0,37,false,,,activities/10618736394.fit.gz,,,1435.0,1431.0,5175.4,5.914,3.617,0.0,2.0,-3.0,1.6,4.1,-0.1,,,102.0,90.0,,154.0,,,236.0,,28.0,37.0,,,,,,,,,,,0.0,,0.0,,1.0,5176.8,,,,,,,,,,,,,,,,,,,,,,,,,,0.0,3.607,957.6,,,,4248.0,,,,,,,,,,,,,,,,,""
9907672669,"Sep 23, 2023, 9:41:10 PM",WU,Run,"",863,2.00,169.0,15,false,,,activities/10618735986.fit.gz,,,863.0,863.0,2003.1,5.467,2.321,3.0,5.0,-4.2,-1.0,7.5,-0.1,,,100.0,85.0,,147.0,,,124.0,,27.0,15.0,,,,,,,,,,,0.0,,0.0,,1.0,2018.5,,,,,,,,,,,,,,,,,,,,,,,,,,0.0,2.321,0.0,,,,2426.0,,,,,,,,,,,,,,,,,""
9901559962,"Sep 23, 2023, 12:24:36 AM",25 easy run,Run,"",1563,3.58,176.0,34,false,,,activities/10612300753.fit.gz,,,1563.0,1499.0,3579.7,7.188,2.388,3.0,6.0,16.0,19.4,8.7,0.0,,,103.0,84.0,,151.0,,,224.0,,31.0,34.0,,,,,,,,,,,0.0,,0.0,,1.0,3595.1,,,,,,,,,,,,,,,,,,,,,,,,,,0.0,2.29,3463.9,,,,4116.0,,,,,,,,,,,,,,,,,""
9901433870,"Sep 21, 2023, 1:52:41 PM",30min easy run,Run,"",1883,4.00,161.0,35,false,,,activities/10612167615.fit.gz,,,1883.0,1856.0,4006.5,5.886,2.159,1.0,6.0,13.0,19.2,6.2,-0.1,,,97.0,83.0,,147.0,,,256.0,,30.0,35.0,,,,,,,,,,,0.0,,0.0,,1.0,4007.6,,,,,,,,,,,,,,,,,,,,,,,,,,0.0,2.128,3777.9,,,,5156.0,,,,,,,,,,,,,,,,,""
9886407335,"Sep 20, 2023, 11:27:28 AM",30 min CD,Run,"",2090,4.42,162.0,16,false,"",,activities/10596480281.fit.gz,,,2090.0,1948.0,4424.7,5.144,2.271,17.0,17.0,-2.8,12.4,10.7,-0.1,,,113.0,77.0,,134.0,,,231.0,,32.0,16.0,,,,,,,,,,,,,0.0,,1.0,4450.3,,,,,,,,,,,,,,,,,,,,,,,,,,0.0,2.117,2767.3,,,,4856.0,,,,,,,,,,,,,,,,,""
9886405843,"Sep 20, 2023, 10:00:12 AM",30 min easy,Run,"",1951,4.47,159.0,15,false,"easy run de tap voi chu Nghia
",,activities/10596478669.fit.gz,,,1951.0,1817.0,4470.3,3.945,2.46,21.0,21.0,-25.2,-9.6,15.1,0.0,,,91.0,86.0,,136.0,,,231.0,,32.0,15.0,,,,,,,,,,,,,0.0,,1.0,4498.4,,,,,,,,,,,,,,,,,,,,,,,,,,0.0,2.291,3493.8,,,,5108.0,,,,,,,,,,,,,,,,,""
9879784911,"Sep 19, 2023, 12:45:14 PM",Interval,Run,"15 WU
15x(45s rest 75s) avg: 3:50
15 CD",3672,10.01,176.0,81,false,,,activities/10589552010.fit.gz,,,3672.0,3647.0,10011.0,7.603,2.745,15.0,16.0,-13.8,-7.2,9.5,0.0,,,116.0,82.0,,150.0,,,517.0,,29.0,81.0,,,,,,,,,,,0.0,,0.0,,1.0,10072.6,,,,,,,,,,,,,,,,,,,,,,,,,,0.0,2.726,9803.3,,,,9560.0,,,,,,,,,,,,,,,,,""
9879780925,"Sep 19, 2023, 12:43:36 PM",Wu,Run,"",62,0.14,143.0,0,false,,,activities/10589547893.fit.gz,,,62.0,62.0,142.5,2.545,2.299,0.0,0.0,26.8,28.8,0.5,-1.3,,,92.0,86.0,,141.0,,,7.0,,29.0,0.0,,,,,,,,,,,0.0,,0.0,,1.0,140.4,,,,,,,,,,,,,,,,,,,,,,,,,,0.0,2.299,143.9,,,,168.0,,,,,,,,,,,,,,,,,""
9879202958,"Sep 18, 2023, 11:40:28 AM",45p easy + 2 strides,Run,"",3232,7.49,164.0,43,false,,,activities/10588943907.fit.gz,,,3232.0,3178.0,7493.3,9.757,2.358,6.0,12.0,11.8,19.2,8.2,-0.1,,,94.0,83.0,,143.0,,,413.0,,32.0,43.0,,,,,,,,,,,0.0,,0.0,,1.0,7518.2,,,,,,,,,,,,,,,,,,,,,,,,,,0.0,2.318,4464.8,,,,8800.0,,,,,,,,,,,,,,,,,""
9864024275,"Sep 17, 2023, 12:52:35 AM",Đi bộ,Run,"",2586,3.48,145.0,8,false,,,activities/10572988576.fit.gz,,,2586.0,2176.0,3480.6,4.657,1.6,18.0,17.0,8.8,25.0,9.3,0.0,,,109.0,60.0,,123.0,,,191.0,,32.0,8.0,,,,,,,,,,,0.0,,0.0,,1.0,3514.1,,,,,,,,,,,,,,,,,,,,,,,,,,0.0,1.346,2057.8,,,,4486.0,,,,,,,,,,,,,,,,,""
9864023907,"Sep 16, 2023, 11:33:59 PM",70min ( not easy) long run,Run,"",4670,10.87,169.0,100,false,,,activities/10572988175.fit.gz,,,4670.0,4200.0,10878.2,4.962,2.59,20.0,29.0,10.4,30.0,9.4,-0.1,,,91.0,86.0,,153.0,,,647.0,,30.0,100.0,,,,,,,,,,,0.0,,0.0,,1.0,10919.3,,,,,,,,,,,,,,,,,,,,,,,,,,0.0,2.329,6036.6,,,,11944.0,,,,,,,,,,,,,,,,,""
9859850169,"Sep 16, 2023, 11:37:52 AM",Interval 10*200(90s) +CD,Run,"Lap(s): 4:07
44 55 47 35 51 47 40 46 45 45",1859,4.34,164.0,21,false,"",,activities/10568618848.fit.gz,,,1859.0,1688.0,4347.4,8.028,2.575,5.0,14.0,-8.6,1.6,13.9,-0.2,,,105.0,76.0,,141.0,,,239.0,,30.0,21.0,,,,,,,,,,,,,0.0,,1.0,4365.7,,,,,,,,,,,,,,,,,,,,,,,,,,0.0,2.339,0.0,,,,4154.0,,,,,,,,,,,,,,,,,""
9859849162,"Sep 16, 2023, 11:04:39 AM",6km (not easy ) run,Run,"",1801,5.40,173.0,46,false,"",,activities/10568617840.fit.gz,,,1801.0,1801.0,5406.7,3.211,3.002,0.0,1.0,-53.2,-50.8,3.2,0.0,,,94.0,87.0,,154.0,,,303.0,,30.0,46.0,,,,,,,,,,,,,0.0,,1.0,5412.9,,,,,,,,,,,,,,,,,,,,,,,,,,0.0,3.002,0.0,,,,5200.0,,,,,,,,,,,,,,,,,""
9859848335,"Sep 16, 2023, 10:40:42 AM",WU,Run,"",523,1.53,144.0,2,false,"",,activities/10568616927.fit.gz,,,523.0,523.0,1529.9,3.077,2.925,8.0,0.0,-58.2,-50.6,6.7,0.5,,,89.0,85.0,,125.0,,,61.0,,30.0,2.0,,,,,,,,,,,,,0.0,,1.0,1547.7,,,,,,,,,,,,,,,,,,,,,,,,,,0.0,2.925,0.0,,,,1484.0,,,,,,,,,,,,,,,,,""
9859848132,"Sep 15, 2023, 1:35:14 PM",6km ( not easy ) run + 2 strides,Run,"",2137,6.00,158.0,31,false,"",,activities/10568616685.fit.gz,,,2137.0,2137.0,6008.6,3.079,2.812,4.0,10.0,-59.2,-49.6,3.7,-0.2,,,121.0,83.0,,143.0,,,305.0,,30.0,31.0,,,,,,,,,,,,,0.0,,1.0,6004.2,,,,,,,,,,,,,,,,,,,,,,,,,,0.0,2.812,0.0,,,,5864.0,,,,,,,,,,,,,,,,,""
9859847470,"Sep 13, 2023, 10:25:21 AM",Warm up for drill session with Chu Nghĩa,Run,"Drills 
2x4 drills",367,1.08,152.0,3,false,"",,activities/10568615958.fit.gz,,,367.0,367.0,1083.1,3.04,2.951,0.0,1.0,-47.0,-45.4,4.0,0.1,,,89.0,85.0,,138.0,,,52.0,,31.0,3.0,,,,,,,,,,,,,0.0,,1.0,1085.7,,,,,,,,,,,,,,,,,,,,,,,,,,0.0,2.951,0.0,,,,1042.0,,,,,,,,,,,,,,,,,""
9801490255,"Sep 7, 2023, 12:04:57 PM",5x400m P2,Run,3:50 4:08 4:12 3:19 3:29 4:10,582,1.92,148.0,2,false,,,activities/10507256852.fit.gz,,,582.0,549.0,1924.0,6.912,3.505,1.0,3.0,-1.4,1.6,5.0,0.1,,,99.0,88.0,,126.0,,,62.0,,31.0,2.0,,,,,,,,,,,0.0,,0.0,,1.0,1937.4,,,,,,,,,,,,,,,,,,,,,,,,,,0.0,3.306,0.0,,,,1428.0,,,,,,,,,,,,,,,,,""
9801489670,"Sep 7, 2023, 11:56:12 AM",5x400m P1,Run,3:50 4:08 4:12 3:19 3:29 4:10,287,0.86,136.0,0,false,,,activities/10507256230.fit.gz,,,287.0,222.0,861.9,6.93,3.883,1.0,1.0,-2.2,0.0,14.8,0.1,,,99.0,93.0,,125.0,,,30.0,,31.0,0.0,,,,,,,,,,,0.0,,0.0,,1.0,869.9,,,,,,,,,,,,,,,,,,,,,,,,,,0.0,3.003,0.0,,,,744.0,,,,,,,,,,,,,,,,,""
9801489516,"Sep 7, 2023, 11:33:44 AM",Test 3km,Run,"3km : 13:29
Chạy 8.5 vòng hoa Lư",810,2.60,143.0,4,false,,,activities/10507256052.fit.gz,,,810.0,804.0,2607.6,5.86,3.243,0.0,3.0,7.8,10.4,5.0,0.0,,,97.0,89.0,,132.0,,,104.0,,30.0,4.0,,,,,,,,,,,0.0,,0.0,,1.0,2614.3,,,,,,,,,,,,,,,,,,,,,,,,,,0.0,3.219,0.0,,,,2396.0,,,,,,,,,,,,,,,,,""
9795008062,"Sep 6, 2023, 12:04:53 PM",Evening Run,Run,,162,0.49,148.0,0,false,,,activities/10500434378.fit.gz,,,162.0,155.0,497.8,5.283,3.211,0.0,0.0,9.0,10.2,4.4,0.0,,,99.0,87.0,,126.0,,,18.0,,32.0,0.0,,,,,,,,,,,,,0.0,,1.0,499.1,,,,,,,,,,,,,,,,,,,,,,,,,,0.0,3.073,0.0,,,,426.0,,,,,,,,,,,,,,,,,""
9795007910,"Sep 6, 2023, 12:02:13 PM",Evening Run,Run,,76,0.22,140.0,0,false,,,activities/10500434198.fit.gz,,,76.0,76.0,226.2,4.009,2.977,0.0,0.0,-2.4,-1.2,6.8,0.0,,,93.0,89.0,,132.0,,,9.0,,32.0,0.0,,,,,,,,,,,,,0.0,,1.0,228.1,,,,,,,,,,,,,,,,,,,,,,,,,,0.0,2.977,0.0,,,,206.0,,,,,,,,,,,,,,,,,""
9795007918,"Sep 6, 2023, 11:37:54 AM",Evening Run,Run,,994,2.69,170.0,21,false,,,activities/10500434189.fit.gz,,,994.0,988.0,2695.9,5.472,2.729,1.0,4.0,-4.2,1.2,11.8,0.0,,,97.0,88.0,,154.0,,,163.0,,31.0,21.0,,,,,,,,,,,,,0.0,,1.0,2715.9,,,,,,,,,,,,,,,,,,,,,,,,,,0.0,2.712,0.0,,,,2352.0,,,,,,,,,,,,,,,,,""
9774310929,"Sep 3, 2023, 10:42:55 AM",Afternoon Run,Run,"",1440,3.00,,,false,,,,,,1440.0,1440.0,3000.0,,2.083,,,,,,0.0,,,,,,,,,,,,,,,,,,,,,,,,,0.0,,0.0,,,,,,,,,,,,,,,,,,,,,,,,,,,0.0,2.083,0.0,,,,,,,,,,,,,,,,,,,,,""
9771890009,"Sep 3, 2023, 12:33:31 AM",Morning Run,Run,,1778,2.90,133.0,5,false,,,activities/10476020032.fit.gz,,,1778.0,1774.0,2905.0,7.918,1.638,22.0,17.0,-30.2,-15.4,12.5,0.1,,,119.0,59.0,,112.0,,,142.0,,31.0,5.0,,,,,,,,,,,,,0.0,,1.0,2957.9,,,,,,,,,,,,,,,,,,,,,,,,,,0.0,1.634,1324.1,,,,3490.0,,,,,,,,,,,,,,,,,""
9771890416,"Sep 2, 2023, 9:53:41 PM",Morning Run,Run,"",6751,19.13,187.0,231,false,,,activities/10476020501.fit.gz,,,6751.0,6751.0,19132.0,7.089,2.834,40.0,45.0,-27.0,-15.4,15.2,0.0,,,121.0,86.0,,161.0,,,1047.0,,28.0,231.0,,,,,,,,,,,0.0,,0.0,,1.0,19202.7,,,,,,,,,,,,,,,,,,,,,,,,,,0.0,2.834,17997.1,,,,19234.0,,,,,,,,,,,,,,,,,""
9771909930,"Sep 2, 2023, 9:53:22 PM",Son Kim Thu Duc City Run 2023 PR 21km( 1:52),Run,"Nhất lứa tuổi <18 
Lần đầu đứng bục nhưng ko biết nên đi về",6775,21.36,,,false,"",,activities/9771909930.fit,,,6775.0,6730.0,21360.5,4.852,3.174,50.2,2167.0,-0.1,8.4,30.6,0.0,,,,,,,,,,,30.0,,,,,,,,,,,,0.0,,0.0,,1.0,21442.1,,,,,,,,,,,,,,,,,,,,,,,,,,0.0,3.153,13169.6,,,,,,,,,,,,,,,,,,,,,media/EB7F19C9-B564-495D-B7C0-6E35DC495C55.jpg
9771888732,"Aug 30, 2023, 11:04:01 AM",Evening Run,Run,,2741,7.27,168.0,40,false,,,activities/10476018689.fit.gz,,,2741.0,2720.0,7273.9,2.917,2.674,2.0,9.0,-14.0,-5.0,11.4,-0.1,,,94.0,85.0,,144.0,,,381.0,,29.0,40.0,,,,,,,,,,,,,0.0,,1.0,7279.7,,,,,,,,,,,,,,,,,,,,,,,,,,0.0,2.654,0.0,,,,7668.0,,,,,,,,,,,,,,,,,""
9727305415,"Aug 26, 2023, 10:02:10 PM",Long run,Run,"6km 5:30
5km 5:00
5 km easy + CD",5733,16.50,180.0,209,false,,,activities/10428749622.fit.gz,,,5733.0,5490.0,16503.0,5.727,3.006,7.0,12.0,-2.2,3.2,4.2,0.0,,,92.0,87.0,,163.0,,,858.0,,31.0,209.0,,,,,,,,,,,0.0,,0.0,,1.0,16543.1,,,,,,,,,,,,,,,,,,,,,,,,,,0.0,2.879,12979.8,,,,15786.0,,,,,,,,,,,,,,,,,""
9728017811,"Aug 27, 2023, 4:35:27 AM",Easy,Run,"",1080,3.00,,,false,,,,,,1080.0,1080.0,3000.0,,2.778,,,,,,0.0,,,,,,,,,,,,,,,,,,,,,,,0.0,,0.0,,0.0,,,,,,,,,,,,,,,,,,,,,,,,,,,0.0,2.778,0.0,,,,,,,,,,,,,,,,,,,,,""
9721036667,"Aug 25, 2023, 11:35:48 PM",6km easy p2,Run,"",2658,6.00,185.0,43,false,,,activities/10422097695.fit.gz,,,2658.0,2168.0,6003.0,4.797,2.769,2.0,5.0,-8.0,-1.8,7.4,0.0,,,93.0,87.0,,148.0,,,318.0,,30.0,43.0,,,,,,,,,,,0.0,,0.0,,1.0,6025.7,,,,,,,,,,,,,,,,,,,,,,,,,,0.0,2.258,5952.7,,,,6198.0,,,,,,,,,,,,,,,,,""
9721036099,"Aug 25, 2023, 10:54:52 PM","Adidas running club
5km easy
1km đẩy",Run,"",1997,5.92,172.0,43,false,,,activities/10422097136.fit.gz,,,1997.0,1997.0,5921.8,4.525,2.965,1.0,8.0,-6.8,-2.0,10.0,0.0,,,94.0,87.0,,149.0,,,318.0,,29.0,43.0,,,,,,,,,,,0.0,,0.0,,1.0,5950.8,,,,,,,,,,,,,,,,,,,,,,,,,,0.0,2.965,5901.8,,,,5772.0,,,,,,,,,,,,,,,,,""
9718085664,"Aug 25, 2023, 12:42:30 PM",Tempo p2,Run,"",642,1.82,159.0,10,false,,,activities/10418984667.fit.gz,,,642.0,613.0,1822.5,4.728,2.973,1.0,3.0,-17.6,-13.8,6.6,-0.1,,,93.0,86.0,,145.0,,,94.0,,31.0,10.0,,,,,,,,,,,0.0,,0.0,,1.0,1825.5,,,,,,,,,,,,,,,,,,,,,,,,,,0.0,2.839,1423.1,,,,1688.0,,,,,,,,,,,,,,,,,""
9718085529,"Aug 25, 2023, 12:17:55 PM",Tempo p1,Run,"",1168,4.00,156.0,10,false,,,activities/10418984501.fit.gz,,,1168.0,1166.0,4007.6,5.862,3.437,2.0,4.0,-18.4,-13.4,12.2,-0.1,,,92.0,88.0,,135.0,,,156.0,,30.0,10.0,,,,,,,,,,,0.0,,0.0,,1.0,4014.1,,,,,,,,,,,,,,,,,,,,,,,,,,0.0,3.431,3591.1,,,,3394.0,,,,,,,,,,,,,,,,,""
9711617349,"Aug 24, 2023, 11:50:24 AM",5km easy run,Run,"",2157,4.92,,,false,,,activities/9711617349.gpx,,,2157.0,1896.0,4920.7,3.788,2.595,2.0,2.2,4.1,6.3,3.0,0.0,,,,,,,,,,,,,,,,,,,,,,,0.0,,0.0,,1.0,4924.7,,,,,,,,,,,,,,,,,,,,,,,,,,0.0,2.281,3793.8,,,,,,,,,,,,,,,,,,,,,""
9705625109,"Aug 23, 2023, 12:33:24 PM","Adidas running club
10m easy
10x400m(4:19)",Run,"",2455,6.64,181.0,54,false,,,activities/10405813077.fit.gz,,,2455.0,2454.0,6644.3,8.456,2.708,9.0,14.0,-14.2,-6.2,12.4,-0.1,,,103.0,80.0,,151.0,,,370.0,,31.0,54.0,,,,,,,,,,,0.0,,0.0,,1.0,6682.9,,,,,,,,,,,,,,,,,,,,,,,,,,0.0,2.706,6553.7,,,,6184.0,,,,,,,,,,,,,,,,,""
9705601263,"Aug 23, 2023, 12:24:53 PM","Adidas running club
CD",Run,"",478,1.24,131.0,1,false,,,activities/10405787585.fit.gz,,,478.0,478.0,1243.2,3.36,2.601,0.0,3.0,-7.2,-3.0,3.1,-0.3,,,94.0,87.0,,119.0,,,52.0,,31.0,1.0,,,,,,,,,,,0.0,,0.0,,1.0,1240.1,,,,,,,,,,,,,,,,,,,,,,,,,,0.0,2.601,1226.1,,,,1374.0,,,,,,,,,,,,,,,,,""
9682421368,"Aug 20, 2023, 1:52:57 AM","5km Tempo
Heat",Run,"",1365,5.00,170.0,36,false,,,activities/10380684370.fit.gz,,,1365.0,1365.0,5006.4,6.29,3.668,7.0,9.0,-17.2,-12.6,8.2,0.0,,,93.0,90.0,,154.0,,,226.0,,31.0,36.0,,,,,,,,,,,0.0,,0.0,,1.0,5027.2,,,,,,,,,,,,,,,,,,,,,,,,,,0.0,3.668,4989.8,,,,4076.0,,,,,,,,,,,,,,,,,""
9682421072,"Aug 20, 2023, 12:57:43 AM",Random run,Run,"",1562,2.82,156.0,7,false,,,activities/10380684053.fit.gz,,,1562.0,1271.0,2827.2,7.058,2.224,1.0,0.0,-16.0,-12.6,13.0,0.0,,,92.0,73.0,,120.0,,,133.0,,31.0,7.0,,,,,,,,,,,0.0,,0.0,,1.0,2845.3,,,,,,,,,,,,,,,,,,,,,,,,,,0.0,1.81,2621.7,,,,3044.0,,,,,,,,,,,,,,,,,""
9682433127,"Aug 19, 2023, 9:07:03 PM",4km easy run,Run,"",1585,4.01,159.0,16,false,,,activities/10380696723.fit.gz,,,1585.0,1498.0,4018.8,9.938,2.683,4.0,4.0,-2.0,2.8,7.7,0.1,,,95.0,85.0,,140.0,,,205.0,,29.0,16.0,,,,,,,,,,,0.0,,0.0,,1.0,4043.5,,,,,,,,,,,,,,,,,,,,,,,,,,0.0,2.536,3502.9,,,,4248.0,,,,,,,,,,,,,,,,,""
9682420487,"Aug 19, 2023, 9:04:48 PM",Morning Run,Run,,78,0.16,134.0,0,false,,,activities/10380683457.fit.gz,,,78.0,78.0,166.3,2.767,2.133,0.0,0.0,-1.6,-0.6,3.9,0.4,,,91.0,85.0,,110.0,,,6.0,,29.0,0.0,,,,,,,,,,,,,0.0,,1.0,168.2,,,,,,,,,,,,,,,,,,,,,,,,,,0.0,2.133,166.3,,,,222.0,,,,,,,,,,,,,,,,,""
9682021686,"Aug 19, 2023, 11:31:29 PM",Morning Run,Run,"",2160,6.00,,,false,,,,,,2160.0,2160.0,6000.0,,2.778,,,,,,0.0,,,,,,,,,,,,,,,,,,,,,,,,,0.0,,0.0,,,,,,,,,,,,,,,,,,,,,,,,,,,0.0,2.778,0.0,,,,,,,,,,,,,,,,,,,,,""
9676028257,"Aug 19, 2023, 2:13:12 AM",Morning Walk,Walk,,1786,0.78,121.0,1,false,,,activities/10373923370.fit.gz,,,1786.0,548.0,782.5,4.298,1.428,2.0,1.0,-6.4,1.2,48.1,0.3,,,123.0,59.0,,99.0,,,96.0,,32.0,1.0,,,,,,,,,,,,,0.0,,1.0,,,,,,,,,,,,,,,,,,,,,,,,,,,0.0,0.438,0.0,,,,1164.0,,,,,,,,,,,,,,,,,""
9675593787,"Aug 18, 2023, 10:57:00 PM",Adidas running club,Run,"",2703,8.02,173.0,67,false,,,activities/10373465844.fit.gz,,,2703.0,2698.0,8019.5,6.34,2.972,3.0,5.0,-4.8,-0.6,5.2,0.0,,,92.0,87.0,,153.0,,,429.0,,29.0,67.0,,,,,,,,,,,0.0,,0.0,,1.0,8037.8,,,,,,,,,,,,,,,,,,,,,,,,,,0.0,2.967,6605.9,,,,7800.0,,,,,,,,,,,,,,,,,""
9659512926,"Aug 16, 2023, 12:31:04 PM",Adidas running club,Run,"",2915,8.71,171.0,73,false,,,activities/10356505177.fit.gz,,,2915.0,2891.0,8710.7,10.67,3.013,2.0,12.0,31.8,37.0,9.0,0.0,,,92.0,85.0,,153.0,,,444.0,,29.0,73.0,,,,,,,,,,,0.0,,0.0,,1.0,8752.9,,,,,,,,,,,,,,,,,,,,,,,,,,0.0,2.988,8256.8,,,,8090.0,,,,,,,,,,,,,,,,,""
9651770249,"Aug 15, 2023, 10:46:56 AM",Interval,Run,"",2711,6.82,162.0,37,false,,,activities/10348377643.fit.gz,,,2711.0,2314.0,6827.6,5.626,2.951,14.0,17.0,-7.8,2.4,17.6,-0.1,,,98.0,83.0,,145.0,,,302.0,,30.0,37.0,,,,,,,,,,,0.0,,0.0,,1.0,6910.4,,,,,,,,,,,,,,,,,,,,,,,,,,0.0,2.518,0.0,,,,6092.0,,,,,,,,,,,,,,,,,""
9651768467,"Aug 15, 2023, 10:22:18 AM",10m warm up,Run,"",543,1.34,154.0,5,false,,,activities/10348375861.fit.gz,,,543.0,541.0,1345.7,3.504,2.487,8.0,2.0,-21.8,-13.8,15.4,0.2,,,90.0,85.0,,137.0,,,74.0,,32.0,5.0,,,,,,,,,,,0.0,,0.0,,1.0,1384.7,,,,,,,,,,,,,,,,,,,,,,,,,,0.0,2.478,0.0,,,,1424.0,,,,,,,,,,,,,,,,,""
9635908930,"Aug 12, 2023, 11:17:09 PM",Morning Run,Run,,3450,8.06,,,false,,,activities/9635908930.gpx,,,3450.0,3446.0,8067.4,7.43,2.341,4.0,4.4,4.1,6.3,3.7,0.0,,,,,,,,,,,,,,,,,,,,,,,,,0.0,,1.0,8075.5,,,,,,,,,,,,,,,,,,,,,,,,,,0.0,2.338,6189.6,,,,,,,,,,,,,,,,,,,,,""
9632271782,"Aug 12, 2023, 11:06:24 AM",Test 5km pace,Run,"",1331,5.03,195.0,81,false,,,activities/10327810575.fit.gz,,,1331.0,1328.0,5033.0,5.857,3.79,6.0,11.0,-15.8,-9.8,9.1,0.0,,,94.0,90.0,,181.0,,,263.0,,31.0,81.0,,,,,,,,,,,0.0,,0.0,,1.0,5066.5,,,,,,,,,,,,,,,,,,,,,,,,,,0.0,3.781,5017.0,,,,3952.0,,,,,,,,,,,,,,,,,""
9632271270,"Aug 12, 2023, 11:00:05 AM",Evening Run,Run,,331,0.91,153.0,3,false,,,activities/10327810061.fit.gz,,,331.0,331.0,917.5,3.52,2.772,1.0,3.0,-14.2,-11.4,6.8,-0.2,,,92.0,88.0,,125.0,,,38.0,,32.0,3.0,,,,,,,,,,,,,0.0,,1.0,919.1,,,,,,,,,,,,,,,,,,,,,,,,,,0.0,2.772,920.1,,,,650.0,,,,,,,,,,,,,,,,,""
9632270903,"Aug 11, 2023, 12:49:38 PM",Evening Run,Run,,4880,6.41,130.0,8,false,,,activities/10327809672.fit.gz,,,4880.0,4358.0,6416.8,8.077,1.472,24.0,31.0,-4.2,17.0,12.6,-0.1,,,94.0,59.0,,92.0,,,302.0,,33.0,8.0,,,,,,,,,,,,,0.0,,1.0,6487.8,,,,,,,,,,,,,,,,,,,,,,,,,,0.0,1.315,4795.8,,,,8280.0,,,,,,,,,,,,,,,,,""
9626124050,"Aug 10, 2023, 11:17:29 AM",10km easy run P2,Run,"",2566,6.27,154.0,28,false,,,activities/10321318886.fit.gz,,,2566.0,2527.0,6272.9,4.602,2.482,9.0,8.0,12.2,17.6,9.6,0.0,,,94.0,88.0,,140.0,,,336.0,,32.0,28.0,,,,,,,,,,,0.0,,0.0,,1.0,6317.9,,,,,,,,,,,,,,,,,,,,,,,,,,0.0,2.445,4667.7,,,,7314.0,,,,,,,,,,,,,,,,,""
9626122934,"Aug 10, 2023, 9:48:19 AM",10km easy run P1,Run,"",1534,4.00,171.0,29,false,,,activities/10321317781.fit.gz,,,1534.0,1438.0,4004.1,4.154,2.784,17.0,18.0,-8.8,6.4,9.9,0.0,,,93.0,87.0,,150.0,,,220.0,,34.0,29.0,,,,,,,,,,,0.0,,0.0,,1.0,4040.2,,,,,,,,,,,,,,,,,,,,,,,,,,0.0,2.61,3033.3,,,,4128.0,,,,,,,,,,,,,,,,,""
9612070705,"Aug 9, 2023, 10:19:48 AM",Random walk,Run,"",848,1.39,,,false,,,activities/9612070705.gpx,,,848.0,771.0,1397.8,3.644,1.813,7.7,0.6,5.1,12.9,11.0,0.5,,,,,,,,,,,,,,,,,,,,,,,0.0,,0.0,,1.0,1420.7,,,,,,,,,,,,,,,,,,,,,,,,,,0.0,1.648,203.4,,,,,,,,,,,,,,,,,,,,,""
9626138087,"Aug 9, 2023, 12:54:00 PM",Đi bộ ,Run,"",336,0.70,,,false,,,,,,336.0,336.0,700.0,,2.083,,,,,,0.0,,,,,,,,,,,,,,,,,,,,,,,,,0.0,,0.0,,,,,,,,,,,,,,,,,,,,,,,,,,,0.0,2.083,0.0,,,,,,,,,,,,,,,,,,,,,""
9606463957,"Aug 8, 2023, 11:18:19 AM","1km warm up
3x(20 tempo @ 4:39 +5 rest)
",Run,"",4625,15.10,182.0,147,false,,,activities/10300543735.fit.gz,,,4625.0,4591.0,15100.8,7.158,3.289,23.0,33.0,-2.8,6.2,8.6,-0.1,,,117.0,88.0,,160.0,,,704.0,,31.0,147.0,,,,,,,,,,,0.0,,0.0,,1.0,15174.5,,,,,,,,,,,,,,,,,,,,,,,,,,0.0,3.265,11272.7,,,,13110.0,,,,,,,,,,,,,,,,,""
9590729785,"Aug 5, 2023, 10:29:22 PM","15km easy
5km tempo(4:49)",Run,"",6905,20.01,190.0,195,false,,,activities/10283939514.fit.gz,,,6905.0,6719.0,20011.4,5.908,2.978,8.0,20.0,9.4,15.0,12.0,0.0,,,92.0,87.0,,157.0,,,1014.0,,30.0,195.0,,,,,,,,,,,0.0,,0.0,,1.0,20067.8,,,,,,,,,,,,,,,,,,,,,,,,,,0.0,2.898,16562.5,,,,19400.0,,,,,,,,,,,,,,,,,""
9585798586,"Aug 5, 2023, 12:42:46 AM",Đi bộ về nhà sau addidas,Run,"",2083,4.16,165.0,17,false,,,activities/10278706715.fit.gz,,,2083.0,2062.0,4160.5,7.288,2.018,19.0,22.0,-7.4,8.0,23.9,-0.1,,,116.0,71.0,,127.0,,,224.0,,32.0,17.0,,,,,,,,,,,0.0,,0.0,,1.0,4200.1,,,,,,,,,,,,,,,,,,,,,,,,,,0.0,1.997,2462.2,,,,5020.0,,,,,,,,,,,,,,,,,""
9585797735,"Aug 4, 2023, 11:05:22 PM",Adidas run,Run,"",2721,6.14,166.0,27,false,,,activities/10278705749.fit.gz,,,2721.0,2581.0,6144.1,5.897,2.381,18.0,22.0,-6.0,0.8,21.9,0.0,,,97.0,86.0,,136.0,,,305.0,,30.0,27.0,,,,,,,,,,,0.0,,0.0,,1.0,6224.1,,,,,,,,,,,,,,,,,,,,,,,,,,0.0,2.258,4842.6,,,,7268.0,,,,,,,,,,,,,,,,,""
9585796903,"Aug 4, 2023, 10:36:04 PM",Morning Run,Run,,1524,3.69,165.0,10,false,,,activities/10278704625.fit.gz,,,1524.0,1460.0,3697.0,4.783,2.532,18.0,20.0,-31.0,-16.4,11.7,0.0,,,91.0,85.0,,133.0,,,184.0,,29.0,10.0,,,,,,,,,,,,,0.0,,1.0,3730.4,,,,,,,,,,,,,,,,,,,,,,,,,,0.0,2.426,3163.4,,,,4096.0,,,,,,,,,,,,,,,,,""
9575872162,"Aug 3, 2023, 11:59:59 AM",Evening Run,Run,,4235,12.31,173.0,92,false,,,activities/10268231934.fit.gz,,,4235.0,4130.0,12310.1,11.761,2.981,5.0,14.0,4.2,13.2,8.1,-0.1,,,117.0,85.0,,150.0,,,559.0,,31.0,92.0,,,,,,,,,,,,,0.0,,1.0,12328.4,,,,,,,,,,,,,,,,,,,,,,,,,,0.0,2.907,11377.8,,,,11372.0,,,,,,,,,,,,,,,,,""
9568990463,"Aug 2, 2023, 12:26:03 PM",Evening Run,Run,,3423,10.25,184.0,89,false,,,activities/10260991558.fit.gz,,,3423.0,3418.0,10255.4,5.153,3.0,7.0,16.0,26.6,35.4,10.0,-0.1,,,94.0,86.0,,154.0,,,508.0,,29.0,89.0,,,,,,,,,,,,,0.0,,1.0,10297.3,,,,,,,,,,,,,,,,,,,,,,,,,,0.0,2.996,10210.1,,,,9804.0,,,,,,,,,,,,,,,,,""
9561751928,"Aug 1, 2023, 11:56:18 AM",Evening Run,Run,,1029,2.00,168.0,22,false,,,activities/10253264752.fit.gz,,,1029.0,791.0,2000.1,4.436,2.529,4.0,2.0,12.2,16.8,11.0,0.1,,,91.0,83.0,,156.0,,,122.0,,32.0,22.0,,,,,,,,,,,,,0.0,,1.0,2015.5,,,,,,,,,,,,,,,,,,,,,,,,,,0.0,1.944,1152.9,,,,2118.0,,,,,,,,,,,,,,,,,""
9561751561,"Aug 1, 2023, 10:58:51 AM",10km easy với chú Nghia,Run,"",3290,9.19,175.0,97,false,,,activities/10253264257.fit.gz,,,3290.0,3274.0,9190.5,15.693,2.807,4.0,10.0,23.0,29.2,12.8,0.0,,,92.0,85.0,,158.0,,,498.0,,32.0,97.0,,,,,,,,,,,0.0,,0.0,,1.0,9219.4,,,,,,,,,,,,,,,,,,,,,,,,,,0.0,2.793,6875.1,,,,9192.0,,,,,,,,,,,,,,,,,""
9561750233,"Aug 1, 2023, 10:48:11 AM",Afternoon Run,Run,,329,0.85,151.0,6,false,,,activities/10253262775.fit.gz,,,329.0,329.0,854.6,3.087,2.598,1.0,1.0,-9.6,-6.0,1.4,-0.4,,,88.0,86.0,,147.0,,,49.0,,33.0,6.0,,,,,,,,,,,,,0.0,,1.0,848.6,,,,,,,,,,,,,,,,,,,,,,,,,,0.0,2.598,0.0,,,,942.0,,,,,,,,,,,,,,,,,""
9546877409,"Jul 29, 2023, 7:54:00 PM",Night Run,Run,"",6930,18.00,,,false,,,,,,6930.0,6930.0,18000.0,,2.597,,,,,,0.0,,,,,,,,,,,,,,,,,,,,,,,,,0.0,,0.0,,,,,,,,,,,,,,,,,,,,,,,,,,,0.0,2.597,0.0,,,,,,,,,,,,,,,,,,,,,""
9561750134,"Jul 29, 2023, 12:40:27 AM",Morning Run,Run,,1229,1.83,149.0,3,false,,,activities/10253262615.fit.gz,,,1229.0,1158.0,1830.1,4.154,1.58,3.0,6.0,-17.4,-11.2,8.8,-0.2,,,86.0,62.0,,102.0,,,90.0,,30.0,3.0,,,,,,,,,,,,,0.0,,1.0,1835.7,,,,,,,,,,,,,,,,,,,,,,,,,,0.0,1.489,404.8,,,,2482.0,,,,,,,,,,,,,,,,,""
9546880450,"Jul 28, 2023, 11:10:00 PM",Morning Run,Run,"",2772,6.60,,,false,,,,,,2772.0,2772.0,6600.0,,2.381,,,,,,0.0,,,,,,,,,,,,,,,,,,,,,,,,,0.0,,0.0,,,,,,,,,,,,,,,,,,,,,,,,,,,0.0,2.381,0.0,,,,,,,,,,,,,,,,,,,,,""
9537720473,"Jul 28, 2023, 12:56:21 PM",Evening Run,Run,,605,2.04,169.0,12,false,,,activities/10227830372.fit.gz,,,605.0,605.0,2042.1,4.964,3.375,0.0,1.0,-5.0,-2.4,4.1,0.0,,,90.0,86.0,,150.0,,,92.0,,28.0,12.0,,,,,,,,,,,,,0.0,,1.0,2049.2,,,,,,,,,,,,,,,,,,,,,,,,,,0.0,3.375,2042.9,,,,1736.0,,,,,,,,,,,,,,,,,""
9537720113,"Jul 28, 2023, 12:02:16 PM",Evening Run,Run,,2760,8.00,180.0,79,false,,,activities/10227829997.fit.gz,,,2760.0,2596.0,8005.1,5.404,3.084,9.0,8.0,-99.2,-2.4,16.5,-0.1,,,92.0,86.0,,158.0,,,409.0,,28.0,79.0,,,,,,,,,,,,,0.0,,1.0,8020.1,,,,,,,,,,,,,,,,,,,,,,,,,,0.0,2.9,7392.1,,,,7432.0,,,,,,,,,,,,,,,,,""
9524972162,"Jul 26, 2023, 12:28:33 PM",Evening Run,Run,"",2669,8.22,179.0,78,false,,,activities/10214417331.fit.gz,,,2669.0,2651.0,8221.1,5.556,3.101,8.0,8.0,30.0,39.8,6.3,0.0,,,92.0,87.0,,157.0,,,407.0,,29.0,78.0,,,,,,,,,,,0.0,,0.0,,1.0,8246.5,1690372864.0,3.0,27.2,31.1,24.4,0.84,1007.9,3.4,5.3,274.0,6.0,1690324864.0,1690370304.0,0.25,,,0.76,5.0,0.78,13761.6,0.0,,,,,0.0,3.08,8174.2,,,,7656.0,,,,,,,,,,,,,,,,,""
9518567380,"Jul 25, 2023, 11:56:15 AM",Evening Run,Run,"",4459,12.14,172.0,108,false,,,activities/10207655435.fit.gz,,,4459.0,4448.0,12143.5,9.122,2.73,8.0,18.0,8.4,15.0,21.6,0.0,,,97.0,87.0,,151.0,,,614.0,,29.0,108.0,,,,,,,,,,,0.0,,0.0,,1.0,12193.7,1690282752.0,3.0,27.6,31.8,24.9,0.85,1007.7,3.8,6.3,256.0,3.4,1690238464.0,1690283904.0,0.125,,,0.89,5.0,0.99,18855.7,0.0,,,,,0.0,2.723,9615.6,,,,12852.0,,,,,,,,,,,,,,,,,""
9503319870,"Jul 22, 2023, 10:04:32 PM",Morning Run,Run,"",7129,20.00,195.0,269,false,,,activities/10191590672.fit.gz,,,7129.0,7104.0,20005.1,8.39,2.816,9.0,10.0,-2.0,4.2,12.4,0.0,,,113.0,87.0,,163.0,,,947.0,,28.0,269.0,,,,,,,,,,,0.0,,0.0,,1.0,20068.7,1690063232.0,5.0,24.7,27.9,23.7,0.94,1009.4,1.8,4.5,218.0,0.2,1690065664.0,1690111104.0,0.125,,,0.96,5.0,0.89,20231.4,0.0,,,,,0.0,2.806,16396.0,,,,20544.0,,,,,,,,,,,,,,,,,""
9491170206,"Jul 20, 2023, 11:28:46 PM","2km WU
15x(400m 4:45, 80s rest)
1km CD",Run,"",4259,11.01,167.0,57,false,,,activities/10178570206.fit.gz,,,4259.0,4101.0,11009.2,10.845,2.685,10.0,17.0,-11.6,-3.0,26.7,-0.1,,,96.0,84.0,,143.0,,,468.0,,28.0,57.0,,,,,,,,,,,0.0,,0.0,,1.0,11051.8,1689894016.0,3.0,24.9,28.4,24.3,0.96,1007.1,1.3,3.8,241.0,0.0,1689892736.0,1689938432.0,0.125,,,0.94,5.0,0.89,15497.5,0.0,,,,,0.0,2.585,9774.7,,,,10846.0,,,,,,,,,,,,,,,,,""
9484867155,"Jul 19, 2023, 11:51:20 PM",Morning Run,Run,,5384,11.48,153.0,49,false,,,activities/10171926509.fit.gz,,,5384.0,4927.0,11484.8,9.958,2.331,34.0,39.0,11.2,31.0,9.1,-0.1,,,91.0,86.0,,139.0,,,590.0,,30.0,49.0,,,,,,,,,,,,,0.0,,1.0,11533.2,1689807616.0,5.0,24.7,27.8,23.5,0.93,1006.1,2.3,5.9,262.0,0.7,1689806336.0,1689852032.0,0.125,,,0.97,5.0,0.95,15357.9,0.0,,,,,0.0,2.133,9816.7,,,,14048.0,,,,,,,,,,,,,,,,,""
9481453815,"Jul 19, 2023, 12:28:32 PM","10 min easy
15x(1 min tempo(4:30) ,1 min easy)",Run,"",2409,7.22,170.0,63,false,,,activities/10168366543.fit.gz,,,2409.0,2409.0,7228.7,5.994,3.001,6.0,14.0,-7.8,-2.8,14.7,0.0,,,100.0,87.0,,154.0,,,350.0,,28.0,63.0,,,,,,,,,,,0.0,,0.0,,1.0,7275.6,1689767936.0,5.0,26.7,30.7,24.8,0.89,1005.6,3.6,6.9,243.0,2.6,1689719936.0,1689765632.0,0.125,,,0.94,5.0,0.87,14909.3,0.0,,,,,0.0,3.001,2763.8,,,,6922.0,,,,,,,,,,,,,,,,,""
9474462518,"Jul 18, 2023, 11:16:00 AM",Evening Run,Run,,4695,12.08,161.0,111,false,,,activities/10161027435.fit.gz,,,4695.0,4577.0,12086.6,7.65,2.641,9.0,15.0,8.4,14.8,16.8,0.0,,,94.0,86.0,,150.0,,,616.0,,29.0,111.0,,,,,,,,,,,,,0.0,,1.0,12124.5,1689677952.0,5.0,27.7,31.7,24.4,0.82,1005.3,4.5,9.1,251.0,2.2,1689633536.0,1689679232.0,0.0,,,0.98,5.0,0.98,20337.7,0.0,,,,,0.0,2.574,6516.9,,,,13072.0,,,,,,,,,,,,,,,,,""
9458940122,"Jul 16, 2023, 12:34:27 AM",Morning Run,Run,,3733,5.00,160.0,15,false,,,activities/10144589085.fit.gz,,,3733.0,3116.0,5005.8,6.076,1.606,22.0,24.0,-7.4,8.6,30.8,0.0,,,89.0,61.0,,118.0,,,251.0,,32.0,15.0,,,,,,,,,,,,,0.0,,1.0,5081.6,1689465600.0,3.0,27.4,31.5,24.8,0.86,1006.2,4.2,7.9,254.0,0.0,1689460736.0,1689506432.0,0.0,,,0.71,5.0,0.94,23700.3,1.0,,,,,0.0,1.341,2817.9,,,,5832.0,,,,,,,,,,,,,,,,,""
9458938879,"Jul 15, 2023, 10:18:48 PM",Morning Run,Run,,7139,15.99,167.0,141,false,,,activities/10144587774.fit.gz,,,7139.0,6433.0,15997.3,6.633,2.487,22.0,31.0,14.8,30.8,30.9,0.0,,,92.0,84.0,,150.0,,,848.0,,31.0,141.0,,,,,,,,,,,,,0.0,,1.0,16081.6,1689458432.0,3.0,25.8,29.3,24.0,0.9,1005.1,3.2,6.3,251.0,0.0,1689460736.0,1689506432.0,0.0,,,0.72,5.0,0.94,23333.1,0.0,,,,,0.0,2.241,7978.9,,,,17780.0,,,,,,,,,,,,,,,,,""
9458949888,"Jul 16, 2023, 1:32:29 AM",Morning Run,Run,"",648,1.20,,,false,,,,,,648.0,648.0,1200.0,,1.852,,,,,,0.0,,,,,,,,,,,,,,,,,,,,,,,,,0.0,,0.0,,,,,,,,,,,,,,,,,,,,,,,,,,,0.0,1.852,0.0,,,,,,,,,,,,,,,,,,,,,""
9458335026,"Jul 15, 2023, 9:44:36 AM",Afternoon Run,Run,,4456,9.74,170.0,72,false,,,activities/10143950550.fit.gz,,,4456.0,4283.0,9744.1,6.135,2.275,4.0,10.0,12.8,19.2,18.8,0.0,,,118.0,81.0,,144.0,,,516.0,,31.0,72.0,,,,,,,,,,,,,0.0,,1.0,9787.4,1689411584.0,3.0,31.1,35.9,24.9,0.7,1003.8,3.4,6.4,266.0,0.5,1689374336.0,1689420032.0,0.875,,,0.92,5.0,0.92,16997.1,2.0,,,,,0.0,2.187,1237.8,,,,10804.0,,,,,,,,,,,,,,,,,""
9450087072,"Jul 14, 2023, 12:38:03 PM",Evening Run,Run,,2355,6.03,161.0,47,false,,,activities/10135223709.fit.gz,,,2355.0,2216.0,6034.3,5.202,2.723,13.0,18.0,-9.8,4.8,25.5,-0.1,,,90.0,87.0,,148.0,,,298.0,,28.0,47.0,,,,,,,,,,,,,0.0,,1.0,6105.3,1689336064.0,5.0,27.4,31.3,24.5,0.84,1007.7,2.7,5.1,273.0,3.9,1689287936.0,1689333632.0,0.875,,,0.96,5.0,0.98,13103.4,0.0,,,,,0.0,2.562,4238.4,,,,6376.0,,,,,,,,,,,,,,,,,""
9450086103,"Jul 14, 2023, 11:53:09 AM",Evening Run,Run,,2426,6.90,176.0,73,false,,,activities/10135222669.fit.gz,,,2426.0,2360.0,6909.0,6.406,2.928,2.0,22.0,-12.8,-1.2,35.7,-0.1,,,92.0,87.0,,157.0,,,361.0,,29.0,73.0,,,,,,,,,,,,,0.0,,1.0,6946.0,1689332352.0,5.0,28.4,32.6,24.6,0.8,1006.9,3.9,6.3,261.0,4.0,1689287936.0,1689333632.0,0.875,,,0.96,5.0,0.98,14701.8,0.0,,,,,0.0,2.848,2017.6,,,,6794.0,,,,,,,,,,,,,,,,,""
9437248392,"Jul 12, 2023, 12:26:33 PM","10 min easy
15x(30s nhanh 1p chậm )
10 easy",Run,"",2760,8.16,189.0,135,false,,,activities/10121745393.fit.gz,,,2760.0,2754.0,8163.4,10.97,2.964,1.0,11.0,-11.8,-1.8,10.6,-0.1,,,94.0,86.0,,170.0,,,456.0,,31.0,135.0,,,,,,,,,,,0.0,,0.0,,1.0,8196.0,1689163264.0,3.0,29.6,34.3,25.1,0.77,1007.7,1.7,4.0,191.0,0.4,1689115008.0,1689160832.0,0.875,,,0.48,5.0,0.89,25790.6,0.0,,,,,0.0,2.958,1953.2,,,,7866.0,,,,,,,,,,,,,,,,,""
9436435150,"Jul 11, 2023, 11:01:03 AM",Evening Run,Run,,3333,8.00,171.0,74,false,,,activities/10120887416.fit.gz,,,3333.0,3317.0,8004.8,8.676,2.413,0.0,11.0,10.2,20.4,13.4,-0.1,,,89.0,85.0,,150.0,,,424.0,,33.0,74.0,,,,,,,,,,,,,0.0,,1.0,8029.1,1689073152.0,3.0,30.1,34.6,24.5,0.72,1007.6,1.6,3.9,245.0,0.5,1689028608.0,1689074432.0,0.875,,,0.52,5.0,0.81,22132.7,0.0,,,,,0.0,2.402,3115.1,,,,9334.0,,,,,,,,,,,,,,,,,""
9415047109,"Jul 8, 2023, 10:08:34 PM",21km Long run,Run,"",8774,21.50,169.0,180,false,,,activities/10098295539.fit.gz,,,8774.0,8319.0,21501.7,7.042,2.585,37.0,45.0,9.8,31.2,9.2,0.0,,,90.0,82.0,,149.0,,,1033.0,,30.0,180.0,,,,,,,,,,,0.0,,0.0,,1.0,21577.0,1688853632.0,3.0,25.1,28.4,23.9,0.93,1009.2,0.9,1.5,165.0,0.2,1688855808.0,1688901632.0,0.75,,,0.81,5.0,0.81,19776.0,0.0,,,,,0.0,2.451,14024.4,,,,22676.0,,,,,,,,,,,,,,,,,""
9414579515,"Jul 7, 2023, 11:12:47 PM",Morning Run,Run,,2377,5.00,172.0,41,false,,,activities/10097804414.fit.gz,,,2377.0,2349.0,5007.0,4.616,2.132,13.0,14.0,-4.4,0.4,8.0,0.0,,,98.0,87.0,,146.0,,,296.0,,31.0,41.0,,,,,,,,,,,,,0.0,,1.0,5060.6,1688770816.0,3.0,26.4,30.3,24.6,0.9,1009.6,1.0,1.9,112.0,0.5,1688769408.0,1688815232.0,0.625,,,0.75,5.0,0.79,16286.7,0.0,,,,,0.0,2.106,3603.1,,,,6870.0,,,,,,,,,,,,,,,,,""
9406495323,"Jul 7, 2023, 11:19:24 AM",Evening Run,Run,,5071,9.34,187.0,57,false,,,activities/10089218445.fit.gz,,,5071.0,4628.0,9339.7,5.045,2.018,20.0,23.0,23.6,38.8,13.3,-0.1,,,112.0,70.0,,137.0,,,507.0,,32.0,57.0,,,,,,,,,,,,,0.0,,1.0,9400.5,1688727552.0,3.0,30.3,34.9,24.7,0.72,1008.5,3.5,6.3,155.0,0.6,1688683008.0,1688728832.0,0.625,,,0.53,5.0,0.65,27451.5,0.0,,,,,0.0,1.842,5152.2,,,,10560.0,,,,,,,,,,,,,,,,,""
9406443006,"Jul 7, 2023, 10:23:52 AM",Afternoon Run,Run,,3088,6.88,189.0,65,false,,,activities/10089163325.fit.gz,,,3088.0,2353.0,6888.3,6.11,2.927,13.0,22.0,12.2,29.8,31.6,-0.1,,,92.0,85.0,,155.0,,,349.0,,31.0,65.0,,,,,,,,,,,,,0.0,,1.0,6927.0,1688723968.0,3.0,30.7,35.0,24.1,0.68,1007.7,4.0,8.0,157.0,0.4,1688683008.0,1688728832.0,0.625,,,0.49,5.0,0.8,27719.3,1.0,,,,,0.0,2.231,3160.4,,,,6642.0,,,,,,,,,,,,,,,,,""
9404305512,"Jul 6, 2023, 12:03:12 PM",40min recover,Run,"",2401,5.27,157.0,24,false,,,activities/10086906824.fit.gz,,,2401.0,2383.0,5269.6,4.141,2.211,0.0,6.0,14.6,19.0,5.2,-0.1,,,94.0,85.0,,139.0,,,282.0,,31.0,24.0,,,,,,,,,,,0.0,,0.0,,1.0,5275.9,1688644864.0,2.0,28.1,32.3,24.8,0.82,1008.7,1.3,3.2,197.0,0.0,1688596608.0,1688642432.0,0.625,,,0.87,5.0,0.6,24497.2,0.0,,,,,0.0,2.195,823.3,,,,6666.0,,,,,,,,,,,,,,,,,""
9396479779,"Jul 5, 2023, 11:30:31 PM",Morning Run,Run,"",1976,5.00,172.0,31,false,,,activities/10078670330.fit.gz,,,1976.0,1504.0,5001.2,6.924,3.325,2.0,4.0,31.6,35.2,11.0,0.0,,,94.0,89.0,,150.0,,,208.0,,29.0,31.0,,,,,,,,,,,0.0,,0.0,,1.0,5014.8,1688598016.0,3.0,25.0,28.2,23.8,0.93,1009.9,1.2,3.0,20.0,0.0,1688596608.0,1688642432.0,0.625,,,0.87,5.0,0.72,17824.9,0.0,,,,,0.0,2.531,1940.5,,,,4422.0,,,,,,,,,,,,,,,,,""
9396479207,"Jul 5, 2023, 11:12:02 PM",Morning Run,Run,,562,1.27,146.0,3,false,,,activities/10078669771.fit.gz,,,562.0,542.0,1277.8,3.198,2.358,0.0,2.0,6.4,11.2,11.6,-0.3,,,93.0,87.0,,130.0,,,63.0,,28.0,3.0,,,,,,,,,,,,,0.0,,1.0,1269.7,,,,,,,,,,,,,,,,,,,,,,,,,,0.0,2.274,0.0,,,,1324.0,,,,,,,,,,,,,,,,,""
9396478942,"Jul 5, 2023, 11:01:15 PM",Morning Run,Run,,262,0.78,138.0,0,false,,,activities/10078669494.fit.gz,,,262.0,262.0,787.5,3.46,3.006,0.0,1.0,8.8,11.2,3.6,-0.2,,,93.0,89.0,,118.0,,,25.0,,28.0,0.0,,,,,,,,,,,,,0.0,,1.0,786.7,,,,,,,,,,,,,,,,,,,,,,,,,,0.0,3.006,0.0,,,,768.0,,,,,,,,,,,,,,,,,""
9371778981,"Jul 1, 2023, 10:27:17 PM",13km Long run,Run,"",5788,13.41,174.0,102,false,,,activities/10052620829.fit.gz,,,5788.0,5260.0,13412.0,7.267,2.55,36.0,44.0,12.2,31.8,21.7,0.0,,,89.0,83.0,,149.0,,,717.0,,30.0,102.0,,,,,,,,,,,0.0,,0.0,,1.0,13470.1,1688248832.0,5.0,24.8,28.1,23.9,0.94,1009.4,1.5,3.6,176.0,0.8,1688250880.0,1688296832.0,0.375,,,0.92,5.0,0.98,12971.5,0.0,,,,,0.0,2.317,8810.9,,,,14416.0,,,,,,,,,,,,,,,,,""
9367937394,"Jun 30, 2023, 10:58:08 PM",45 min easy,Run,"",2847,6.86,184.0,68,false,,,activities/10048179860.fit.gz,,,2847.0,2703.0,6860.5,6.0,2.538,6.0,11.0,-6.0,-1.4,10.2,0.0,,,119.0,82.0,,153.0,,,388.0,,30.0,68.0,,,,,,,,,,,0.0,,0.0,,1.0,6888.5,1688162432.0,3.0,25.2,28.8,24.3,0.94,1007.9,2.0,3.9,195.0,0.0,1688164480.0,1688210304.0,0.375,,,0.82,5.0,0.74,22148.8,0.0,,,,,0.0,2.41,2603.4,,,,7210.0,,,,,,,,,,,,,,,,,""
9362241626,"Jun 30, 2023, 11:49:42 AM","4x(7 min tempo , 3 min recover) 4km walk ",Run,Ko có gps tới khi cooldown,4435,11.22,187.0,124,false,,,activities/10042080638.fit.gz,,,4435.0,4284.0,11223.8,9.97,2.62,28.0,38.0,-17.2,0.8,36.5,-0.1,,,90.0,81.0,,157.0,,,594.0,,29.0,124.0,,,,,,,,,,,0.0,,0.0,,1.0,11268.1,1688122752.0,5.0,27.6,31.7,24.7,0.84,1007.2,2.9,4.4,220.0,0.9,1688078080.0,1688123904.0,0.375,,,0.79,5.0,0.99,16703.8,0.0,,,,,0.0,2.531,6576.4,,,,11438.0,,,,,,,,,,,,,,,,,""
9362237752,"Jun 30, 2023, 11:17:10 AM",WU ,Run,"",1017,3.01,159.0,18,false,,,activities/10042076516.fit.gz,,,1017.0,1017.0,3013.3,3.224,2.963,12.0,18.0,-41.2,-26.0,3.4,-0.2,,,88.0,81.0,,145.0,,,145.0,,30.0,18.0,,,,,,,,,,,0.0,,0.0,,1.0,3011.6,,,,,,,,,,,,,,,,,,,,,,,,,,0.0,2.963,0.0,,,,2712.0,,,,,,,,,,,,,,,,,""
9353586491,"Jun 28, 2023, 10:53:20 PM",Morning Run,Run,,2972,7.37,,,false,,,activities/9353586491.gpx,,,2972.0,2969.0,7378.7,5.23,2.485,8.5,8.4,1.0,7.7,3.6,0.0,,,,,,,,,,,,,,,,,,,,,,,,,0.0,,1.0,7388.3,1687989632.0,3.0,25.0,28.5,24.2,0.95,1008.4,1.3,3.0,208.0,0.0,1687991808.0,1688037632.0,0.375,,,0.61,5.0,0.86,19680.3,0.0,,,,,0.0,2.483,0.0,,,,,,,,,,,,,,,,,,,,,""
9359954185,"Jun 27, 2023, 11:39:26 AM",Evening Run,Run,,735,2.01,185.0,23,false,,,activities/10039610310.fit.gz,,,735.0,584.0,2015.2,6.488,3.451,5.0,6.0,-5.2,1.2,44.6,0.0,,,93.0,87.0,,165.0,,,96.0,,31.0,23.0,,,,,,,,,,,,,0.0,,1.0,2027.1,1687863552.0,3.0,29.8,34.6,25.2,0.77,1006.8,1.8,4.3,215.0,0.5,1687818752.0,1687864704.0,0.375,,,0.63,5.0,0.74,17785.6,0.0,,,,,0.0,2.742,386.7,,,,1680.0,,,,,,,,,,,,,,,,,""
9359953982,"Jun 27, 2023, 11:27:42 AM",Evening Run,Run,,297,1.00,183.0,9,false,,,activities/10039610112.fit.gz,,,297.0,297.0,1006.6,5.133,3.389,4.0,1.0,-3.0,0.6,15.7,0.3,,,93.0,87.0,,159.0,,,48.0,,31.0,9.0,,,,,,,,,,,,,0.0,,1.0,1025.5,1687863552.0,3.0,29.8,34.6,25.2,0.77,1006.8,1.8,4.3,215.0,0.5,1687818752.0,1687864704.0,0.375,,,0.63,5.0,0.74,17785.6,0.0,,,,,0.0,3.389,211.4,,,,846.0,,,,,,,,,,,,,,,,,""
9359953879,"Jun 27, 2023, 11:06:59 AM",Evening Run,Run,"",1030,3.16,191.0,32,false,,,activities/10039609985.fit.gz,,,1030.0,903.0,3159.6,9.012,3.499,1.0,5.0,29.8,34.8,10.2,-0.1,,,93.0,87.0,,163.0,,,168.0,,31.0,32.0,,,,,,,,,,,0.0,,0.0,,1.0,3160.4,1687863552.0,3.0,29.8,34.6,25.2,0.77,1006.8,1.8,4.3,215.0,0.5,1687818752.0,1687864704.0,0.375,,,0.63,5.0,0.74,17785.6,0.0,,,,,0.0,3.068,1305.4,,,,2622.0,,,,,,,,,,,,,,,,,""
9359953616,"Jun 27, 2023, 10:51:11 AM",Warm up,Run,"",753,2.01,163.0,18,false,,,activities/10039609727.fit.gz,,,753.0,733.0,2010.0,4.618,2.742,0.0,0.0,-4.2,-0.8,4.5,0.1,,,91.0,86.0,,153.0,,,113.0,,32.0,18.0,,,,,,,,,,,0.0,,0.0,,1.0,2018.4,1687859968.0,3.0,30.0,34.9,25.3,0.76,1006.0,2.2,6.2,258.0,1.8,1687818880.0,1687864704.0,0.375,,,0.65,5.0,0.92,13627.0,1.0,,,,,0.0,2.669,1322.9,,,,2088.0,,,,,,,,,,,,,,,,,""
9328633314,"Jun 25, 2023, 12:07:35 AM",Morning Run,Run,,1734,4.05,165.0,35,false,,,activities/10006548702.fit.gz,,,1734.0,1523.0,4054.2,5.968,2.662,17.0,18.0,-0.8,13.4,6.4,0.0,,,94.0,86.0,,150.0,,,217.0,,31.0,35.0,,,,,,,,,,,,,0.0,,1.0,4082.5,,,,,,,,,,,,,,,,,,,,,,,,,,0.0,2.338,2936.3,,,,4352.0,,,,,,,,,,,,,,,,,""
9328632817,"Jun 24, 2023, 11:45:59 PM",Morning Run,Run,,45,0.14,142.0,0,false,,,activities/10006548202.fit.gz,,,45.0,45.0,143.2,3.293,3.182,0.0,0.0,2.8,3.8,1.3,-0.4,,,91.0,89.0,,138.0,,,5.0,,30.0,0.0,,,,,,,,,,,,,0.0,,1.0,140.4,,,,,,,,,,,,,,,,,,,,,,,,,,0.0,3.182,0.0,,,,132.0,,,,,,,,,,,,,,,,,""
9322363134,"Jun 23, 2023, 10:33:20 PM",Morning Run,Run,,6773,16.27,159.0,126,false,,,activities/9999901332.fit.gz,,,6773.0,6517.0,16273.2,6.232,2.497,36.0,43.0,11.0,27.6,7.2,0.0,,,89.0,82.0,,147.0,,,793.0,,31.0,126.0,,,,,,,,,,,,,0.0,,1.0,16330.1,,,,,,,,,,,,,,,,,,,,,,,,,,0.0,2.403,10469.0,,,,17724.0,,,,,,,,,,,,,,,,,""
9313765984,"Jun 22, 2023, 10:17:27 AM",Afternoon Run,Run,,4948,10.71,176.0,61,false,,,activities/9990829584.fit.gz,,,4948.0,4866.0,10713.8,6.221,2.202,37.0,47.0,7.0,30.2,18.9,-0.1,,,86.0,77.0,,138.0,,,541.0,,33.0,61.0,,,,,,,,,,,,,0.0,,1.0,10770.4,,,,,,,,,,,,,,,,,,,,,,,,,,0.0,2.165,7117.9,,,,10758.0,,,,,,,,,,,,,,,,,""
9313764089,"Jun 21, 2023, 12:28:50 PM",Evening Run,Run,,2544,6.61,170.0,60,false,,,activities/9990827562.fit.gz,,,2544.0,2441.0,6618.9,5.294,2.712,77.0,86.0,-6.2,5.4,39.9,0.0,,,123.0,83.0,,153.0,,,356.0,,31.0,60.0,,,,,,,,,,,,,0.0,,1.0,6910.5,,,,,,,,,,,,,,,,,,,,,,,,,,0.0,2.602,5459.2,,,,6658.0,,,,,,,,,,,,,,,,,""
9298033424,"Jun 19, 2023, 10:40:25 PM",Morning Run,Run,,4012,8.04,175.0,46,false,,,activities/9974101289.fit.gz,,,4012.0,3945.0,8045.5,7.47,2.039,9.0,15.0,13.2,20.4,12.5,-0.1,,,89.0,72.0,,138.0,,,448.0,,31.0,46.0,,,,,,,,,,,,,0.0,,1.0,8100.6,,,,,,,,,,,,,,,,,,,,,,,,,,0.0,2.005,5635.2,,,,9578.0,,,,,,,,,,,,,,,,,""
9285561791,"Jun 17, 2023, 11:00:43 PM",Morning Run,Run,,3046,7.13,163.0,59,false,,,activities/9960779624.fit.gz,,,3046.0,2874.0,7136.3,3.99,2.483,2.0,7.0,-19.4,-12.8,6.8,-0.1,,,89.0,79.0,,147.0,,,391.0,,30.0,59.0,,,,,,,,,,,,,0.0,,1.0,7157.7,,,,,,,,,,,,,,,,,,,,,,,,,,0.0,2.343,3450.9,,,,7490.0,,,,,,,,,,,,,,,,,""
9282059774,"Jun 17, 2023, 12:19:04 PM",Evening Ride,Ride,,423,2.95,126.0,1,false,,,activities/9957052161.fit.gz,,,423.0,423.0,2957.5,10.784,6.992,3.0,7.0,-4.0,0.6,3.9,-0.1,,,,,,97.0,,,27.0,,29.0,1.0,,,,,,,,,,,,,0.0,,1.0,,,,,,,,,,,,,,,,,,,,,,,,,,,0.0,6.992,1182.3,,,,,,,,,,,,,,,,,,,,,""
9279670990,"Jun 17, 2023, 12:37:36 AM",Morning Run,Run,,2195,4.23,165.0,16,false,,,activities/9954515483.fit.gz,,,2195.0,2067.0,4231.4,11.188,2.047,21.0,16.0,-3.0,12.6,19.3,0.1,,,120.0,68.0,,127.0,,,219.0,,32.0,16.0,,,,,,,,,,,,,0.0,,1.0,4291.0,,,,,,,,,,,,,,,,,,,,,,,,,,0.0,1.928,2523.2,,,,4572.0,,,,,,,,,,,,,,,,,""
9279670615,"Jun 16, 2023, 10:54:22 PM",Morning Run,Run,,2879,7.19,189.0,100,false,,,activities/9954515073.fit.gz,,,2879.0,2835.0,7192.9,6.048,2.537,4.0,7.0,-9.6,-2.0,14.1,-0.1,,,107.0,84.0,,162.0,,,437.0,,31.0,100.0,,,,,,,,,,,,,0.0,,1.0,7219.1,,,,,,,,,,,,,,,,,,,,,,,,,,0.0,2.498,3452.7,,,,7798.0,,,,,,,,,,,,,,,,,""
9279670235,"Jun 16, 2023, 10:15:41 PM",Morning Run,Run,,1464,4.00,178.0,40,false,,,activities/9954514684.fit.gz,,,1464.0,1446.0,4007.5,7.37,2.771,17.0,20.0,-77.4,-63.4,6.5,-0.1,,,89.0,82.0,,155.0,,,228.0,,29.0,40.0,,,,,,,,,,,,,0.0,,1.0,4027.3,,,,,,,,,,,,,,,,,,,,,,,,,,0.0,2.737,0.0,,,,3948.0,,,,,,,,,,,,,,,,,""
9250154926,"Jun 12, 2023, 8:26:45 AM",Thác savan,Run,"",1868,0.92,,,false,,,activities/9250154926.gpx,,,1868.0,1438.0,919.1,2.846,0.639,53.4,30.7,102.9,136.2,48.9,2.5,,,,,,,,,,,,,,,,,,,,,,,0.0,,0.0,,1.0,1215.0,,,,,,,,,,,,,,,,,,,,,,,,,,0.0,0.492,0.0,,,,,,,,,,,,,,,,,,,,,""
9241852469,"Jun 10, 2023, 9:00:10 PM",4th HM Vnexpress quy Nhơn 2023,Run,Sub 1:45 fail at km13 (knee),8258,21.50,194.0,223,false,,,activities/9914589561.fit.gz,,,8258.0,8011.0,21507.7,4.46,2.685,83.0,97.0,-12.6,13.2,19.9,-0.1,,,92.0,78.0,,155.0,,,1055.0,,29.0,223.0,,,,,,,,,,,0.0,,0.0,,1.0,21682.5,,,,,,,,,,,,,,,,,,,,,,,,,,0.0,2.604,0.0,,,,20794.0,,,,,,,,,,,,,,,,,""
9235182567,"Jun 9, 2023, 10:15:45 AM",Afternoon Run,Run,,402,1.00,153.0,2,false,,,activities/9907510531.fit.gz,,,402.0,402.0,1005.9,3.327,2.502,0.0,0.0,-5.0,-2.8,4.5,0.1,,,85.0,81.0,,134.0,,,52.0,,33.0,2.0,,,,,,,,,,,,,0.0,,1.0,1011.1,,,,,,,,,,,,,,,,,,,,,,,,,,0.0,2.502,0.0,,,,1076.0,,,,,,,,,,,,,,,,,""
9235182418,"Jun 9, 2023, 9:39:46 AM",Afternoon Run,Run,,1075,3.00,173.0,12,false,,,activities/9907510381.fit.gz,,,1075.0,1063.0,2999.1,4.785,2.821,2.0,3.0,-5.2,-1.2,10.0,0.0,,,92.0,79.0,,140.0,,,138.0,,32.0,12.0,,,,,,,,,,,,,0.0,,1.0,3012.8,,,,,,,,,,,,,,,,,,,,,,,,,,0.0,2.79,0.0,,,,2794.0,,,,,,,,,,,,,,,,,""
9219884469,"Jun 7, 2023, 11:29:40 AM",7x 1km(90s),Run,"",2435,7.34,195.0,85,false,,,activities/9891395632.fit.gz,,,2435.0,2431.0,7343.7,5.807,3.021,4.0,11.0,32.2,37.6,47.1,0.0,,,95.0,87.0,,168.0,,,383.0,,30.0,85.0,,,,,,,,,,,0.0,,0.0,,1.0,7388.7,,,,,,,,,,,,,,,,,,,,,,,,,,0.0,3.016,4361.8,,,,5664.0,,,,,,,,,,,,,,,,,""
9198330072,"Jun 3, 2023, 10:04:41 PM",Morning Run,Run,,6725,17.01,182.0,161,false,,,activities/9868666031.fit.gz,,,6725.0,6332.0,17011.1,8.488,2.687,6.0,15.0,8.4,16.6,7.9,0.0,,,92.0,80.0,,153.0,,,840.0,,31.0,161.0,,,,,,,,,,,,,0.0,,1.0,17061.2,,,,,,,,,,,,,,,,,,,,,,,,,,0.0,2.53,7933.0,,,,16696.0,,,,,,,,,,,,,,,,,""
9193514802,"Jun 3, 2023, 9:43:00 AM",Afternoon Run,Run,,5223,9.65,174.0,33,false,,,activities/9863553892.fit.gz,,,5223.0,4982.0,9649.9,8.16,1.937,106.0,107.0,11.2,33.4,21.8,-0.1,,,123.0,70.0,,126.0,,,459.0,,33.0,33.0,,,,,,,,,,,,,0.0,,1.0,9886.3,,,,,,,,,,,,,,,,,,,,,,,,,,0.0,1.848,8001.9,,,,10726.0,,,,,,,,,,,,,,,,,""
9191635349,"Jun 3, 2023, 1:24:38 AM",Morning Run,Run,,540,1.60,151.0,6,false,,,activities/9861556563.fit.gz,,,540.0,540.0,1604.6,3.165,2.972,1.0,1.0,-13.6,-11.8,1.9,0.0,,,88.0,83.0,,139.0,,,70.0,,33.0,6.0,,,,,,,,,,,,,0.0,,1.0,1605.4,,,,,,,,,,,,,,,,,,,,,,,,,,0.0,2.972,0.0,,,,1438.0,,,,,,,,,,,,,,,,,""
9179211063,"May 31, 2023, 12:43:16 PM",Evening Run,Run,,307,0.80,153.0,2,false,,,activities/9848431478.fit.gz,,,307.0,247.0,801.4,3.487,3.244,0.0,1.0,-10.4,-8.0,2.2,-0.1,,,92.0,88.0,,136.0,,,31.0,,30.0,2.0,,,,,,,,,,,,,0.0,,1.0,800.1,,,,,,,,,,,,,,,,,,,,,,,,,,0.0,2.61,0.0,,,,720.0,,,,,,,,,,,,,,,,,""
9179210805,"May 31, 2023, 12:35:41 PM",Evening Run,Run,,279,0.90,146.0,2,false,,,activities/9848431239.fit.gz,,,279.0,279.0,900.7,3.321,3.228,0.0,1.0,-9.4,-6.8,6.3,-0.1,,,89.0,87.0,,136.0,,,35.0,,30.0,2.0,,,,,,,,,,,,,0.0,,1.0,900.2,,,,,,,,,,,,,,,,,,,,,,,,,,0.0,3.228,0.0,,,,808.0,,,,,,,,,,,,,,,,,""
9179210681,"May 31, 2023, 12:03:06 PM",Evening Run,Run,,1352,3.92,176.0,33,false,,,activities/9848431100.fit.gz,,,1352.0,1190.0,3928.1,3.622,3.301,0.0,3.0,-7.0,-3.0,4.1,-0.1,,,94.0,88.0,,152.0,,,180.0,,30.0,33.0,,,,,,,,,,,,,0.0,,1.0,3929.2,,,,,,,,,,,,,,,,,,,,,,,,,,0.0,2.905,0.0,,,,3480.0,,,,,,,,,,,,,,,,,""
9179210363,"May 31, 2023, 11:53:57 AM",Evening Run,Run,,278,1.00,154.0,4,false,,,activities/9848430766.fit.gz,,,278.0,278.0,1006.7,4.479,3.621,0.0,2.0,-5.2,-1.8,2.2,-0.1,,,92.0,90.0,,144.0,,,39.0,,29.0,4.0,,,,,,,,,,,,,0.0,,1.0,1007.0,,,,,,,,,,,,,,,,,,,,,,,,,,0.0,3.621,0.0,,,,832.0,,,,,,,,,,,,,,,,,""
9153216943,"May 27, 2023, 9:54:21 PM",Morning Run,Run,,5938,18.00,189.0,245,false,,,activities/9820871563.fit.gz,,,5938.0,5710.0,18004.0,9.46,3.153,9.0,11.0,-1.6,5.0,7.4,0.0,,,92.0,85.0,,167.0,,,879.0,,29.0,245.0,,,,,,,,,,,,,0.0,,1.0,18037.1,,,,,,,,,,,,,,,,,,,,,,,,,,0.0,3.032,8174.3,,,,16114.0,,,,,,,,,,,,,,,,,""
9144428483,"May 26, 2023, 12:14:06 PM",Evening Run,Run,,4390,11.00,182.0,87,false,,,activities/9811452703.fit.gz,,,4390.0,4323.0,11003.1,7.902,2.545,11.0,17.0,9.8,17.6,13.6,0.0,,,102.0,81.0,,149.0,,,577.0,,29.0,87.0,,,,,,,,,,,,,0.0,,1.0,11060.3,,,,,,,,,,,,,,,,,,,,,,,,,,0.0,2.506,6803.5,,,,11574.0,,,,,,,,,,,,,,,,,""
9136947555,"May 25, 2023, 10:21:28 AM",Afternoon Run,Run,,481,1.19,,,false,,,activities/9136947555.gpx,,,481.0,473.0,1192.7,9.526,2.522,18.1,14.6,4.4,16.8,5.6,0.3,,,,,,,,,,,,,,,,,,,,,,,,,0.0,,1.0,1217.1,,,,,,,,,,,,,,,,,,,,,,,,,,0.0,2.48,1117.5,,,,,,,,,,,,,,,,,,,,,""
9143318537,"May 25, 2023, 9:58:54 AM",Afternoon Run,Run,,1587,3.52,154.0,16,false,,,activities/9810268741.fit.gz,,,1587.0,1582.0,3522.9,3.26,2.227,28.0,29.0,13.4,29.6,14.8,0.0,,,84.0,81.0,,139.0,,,198.0,,31.0,16.0,,,,,,,,,,,,,0.0,,1.0,3572.9,,,,,,,,,,,,,,,,,,,,,,,,,,0.0,2.22,2533.7,,,,4230.0,,,,,,,,,,,,,,,,,""
9143429375,"May 25, 2023, 11:56:00 AM",3km bridge ,Run,"",1200,3.10,,,false,,,,,,1200.0,1200.0,3100.0,,2.583,,,,,,0.0,,,,,,,,,,,,,,,,,,,,,,,,,0.0,,0.0,,,,,,,,,,,,,,,,,,,,,,,,,,,0.0,2.583,0.0,,,,,,,,,,,,,,,,,,,,,""
9131532792,"May 24, 2023, 12:29:16 PM",Evening Run,Run,"",2195,7.00,192.0,87,false,,,activities/9796310523.fit.gz,,,2195.0,2012.0,7002.9,6.052,3.481,1.0,6.0,31.6,37.2,11.7,0.0,,,92.0,86.0,,169.0,,,320.0,,31.0,87.0,,,,,,,,,,,0.0,,0.0,,1.0,7042.1,,,,,,,,,,,,,,,,,,,,,,,,,,0.0,3.19,3592.9,,,,5778.0,,,,,,,,,,,,,,,,,""
9125239958,"May 23, 2023, 12:54:54 PM",Evening Run,Run,,3074,6.80,,,false,,,activities/9125239958.gpx,,,3074.0,3005.0,6808.1,4.22,2.266,2.2,1.1,3.5,5.8,8.2,0.0,,,,,,,,,,,,,,,,,,,,,,,,,0.0,,1.0,6814.1,,,,,,,,,,,,,,,,,,,,,,,,,,0.0,2.215,557.8,,,,,,,,,,,,,,,,,,,,,""
9112913362,"May 21, 2023, 12:04:24 PM",Evening Run,Run,,4171,4.46,,,false,,,activities/9112913362.gpx,,,4171.0,3300.0,4468.1,7.478,1.354,2.3,2.3,3.3,5.8,6.4,0.0,,,,,,,,,,,,,,,,,,,,,,,,,0.0,,1.0,4473.6,,,,,,,,,,,,,,,,,,,,,,,,,,0.0,1.071,657.6,,,,,,,,,,,,,,,,,,,,,""
9109329328,"May 20, 2023, 9:56:37 PM",Morning Run,Run,,6715,17.00,,,false,,,activities/9109329328.gpx,,,6715.0,6591.0,17001.6,4.566,2.58,13.7,13.7,2.5,5.3,8.3,0.0,,,,,,,,,,,,,,,,,,,,,,,,,0.0,,1.0,17026.7,,,,,,,,,,,,,,,,,,,,,,,,,,0.0,2.532,6836.9,,,,,,,,,,,,,,,,,,,,,""
9103018829,"May 20, 2023, 12:04:31 AM",Morning Run,Run,,557,1.11,156.0,8,false,,,activities/9765142074.fit.gz,,,557.0,527.0,1117.0,2.297,2.12,3.0,3.0,14.2,25.4,11.6,0.7,,,94.0,85.0,,143.0,,,72.0,,32.0,8.0,,,,,,,,,,,,,0.0,,1.0,1122.2,,,,,,,,,,,,,,,,,,,,,,,,,,0.0,2.005,0.0,,,,1428.0,,,,,,,,,,,,,,,,,""
9099244657,"May 19, 2023, 10:12:57 AM",Afternoon Run,Run,,1448,3.90,,,false,,,activities/9099244657.gpx,,,1448.0,1398.0,3899.6,4.542,2.789,2.2,1.1,3.5,5.8,5.3,0.0,,,,,,,,,,,,,,,,,,,,,,,,,0.0,,1.0,3904.4,,,,,,,,,,,,,,,,,,,,,,,,,,0.0,2.693,588.7,,,,,,,,,,,,,,,,,,,,,""
9093791330,"May 18, 2023, 12:01:58 PM",Evening Run,Run,,1991,3.92,,,false,,,activities/9093791330.gpx,,,1991.0,1988.0,3925.3,3.48,1.974,2.2,0.0,3.5,5.8,5.2,0.1,,,,,,,,,,,,,,,,,,,,,,,,,0.0,,1.0,3931.5,,,,,,,,,,,,,,,,,,,,,,,,,,0.0,1.972,627.8,,,,,,,,,,,,,,,,,,,,,""
9093951177,"May 18, 2023, 11:34:09 AM",Evening Run,Run,,2101,4.41,153.0,18,false,,,activities/9755557732.fit.gz,,,2101.0,2091.0,4418.8,7.538,2.113,9.0,9.0,16.4,21.0,42.0,0.0,,,87.0,77.0,,134.0,,,222.0,,31.0,18.0,,,,,,,,,,,,,0.0,,1.0,4486.1,,,,,,,,,,,,,,,,,,,,,,,,,,0.0,2.103,3881.9,,,,5348.0,,,,,,,,,,,,,,,,,""
9093950183,"May 17, 2023, 1:47:34 PM",Evening Run,Run,,280,0.33,110.0,0,false,,,activities/9755556717.fit.gz,,,280.0,275.0,338.2,1.363,1.23,0.0,1.0,151.0,152.6,2.3,-0.2,,,58.0,56.0,,103.0,,,19.0,,31.0,0.0,,,,,,,,,,,,,0.0,,1.0,337.5,,,,,,,,,,,,,,,,,,,,,,,,,,0.0,1.208,0.0,,,,370.0,,,,,,,,,,,,,,,,,""
9093950007,"May 17, 2023, 7:06:36 AM",Afternoon Run,Run,,2104,6.51,189.0,59,false,,,activities/9755556490.fit.gz,,,2104.0,2101.0,6516.4,3.464,3.102,2.0,4.0,-19.0,-15.4,3.6,0.0,,,91.0,85.0,,156.0,,,309.0,,28.0,59.0,,,,,,,,,,,,,0.0,,1.0,6523.2,,,,,,,,,,,,,,,,,,,,,,,,,,0.0,3.097,0.0,,,,5904.0,,,,,,,,,,,,,,,,,""
9070152628,"May 14, 2023, 11:15:40 AM",Evening Run,Run,,6761,15.72,189.0,101,false,,,activities/9730391988.fit.gz,,,6761.0,6178.0,15719.0,5.817,2.544,8.0,24.0,6.0,15.6,36.7,-0.1,,,92.0,79.0,,143.0,,,717.0,,31.0,101.0,,,,,,,,,,,,,0.0,,1.0,15783.4,,,,,,,,,,,,,,,,,,,,,,,,,,0.0,2.325,9626.6,,,,16084.0,,,,,,,,,,,,,,,,,""
9057330809,"May 12, 2023, 10:37:41 AM",Afternoon Run,Run,,6360,13.00,161.0,51,false,,,activities/9716735312.fit.gz,,,6360.0,5809.0,13004.1,5.857,2.239,43.0,55.0,5.6,30.6,21.9,-0.1,,,124.0,76.0,,130.0,,,596.0,,32.0,51.0,,,,,,,,,,,,,0.0,,1.0,13126.6,,,,,,,,,,,,,,,,,,,,,,,,,,0.0,2.045,8390.3,,,,14386.0,,,,,,,,,,,,,,,,,""
9054885966,"May 11, 2023, 12:01:34 PM",Evening Run,Run,,2804,5.32,141.0,9,false,,,activities/9714152350.fit.gz,,,2804.0,2715.0,5325.9,3.685,1.962,2.0,10.0,13.0,21.2,13.8,-0.1,,,85.0,70.0,,114.0,,,236.0,,31.0,9.0,,,,,,,,,,,,,0.0,,1.0,5357.1,,,,,,,,,,,,,,,,,,,,,,,,,,0.0,1.899,3854.5,,,,6290.0,,,,,,,,,,,,,,,,,""
9046359346,"May 10, 2023, 12:20:41 PM",Evening Run,Run,,2679,8.00,165.0,45,false,,,activities/9705180331.fit.gz,,,2679.0,2581.0,8005.5,7.168,3.102,4.0,9.0,31.6,38.0,13.6,0.0,,,123.0,82.0,,146.0,,,310.0,,30.0,45.0,,,,,,,,,,,,,0.0,,1.0,8048.2,,,,,,,,,,,,,,,,,,,,,,,,,,0.0,2.988,4068.7,,,,6930.0,,,,,,,,,,,,,,,,,""
9046358280,"May 9, 2023, 11:03:54 AM",Evening Run,Run,,2525,3.94,140.0,7,false,,,activities/9705179207.fit.gz,,,2525.0,2374.0,3948.8,4.384,1.663,5.0,7.0,10.2,22.0,39.5,0.0,,,116.0,66.0,,115.0,,,192.0,,31.0,7.0,,,,,,,,,,,,,0.0,,1.0,4046.1,,,,,,,,,,,,,,,,,,,,,,,,,,0.0,1.564,2453.5,,,,4900.0,,,,,,,,,,,,,,,,,""
9026070065,"May 7, 2023, 4:44:29 AM",Lunch Run,Run,,571,1.52,131.0,1,false,,,activities/9683562664.fit.gz,,,571.0,571.0,1527.3,3.487,2.675,1.0,0.0,5.8,16.6,38.5,0.7,,,93.0,85.0,,101.0,,,41.0,,34.0,1.0,,,,,,,,,,,,,0.0,,1.0,1531.0,,,,,,,,,,,,,,,,,,,,,,,,,,0.0,2.675,0.0,,,,1484.0,,,,,,,,,,,,,,,,,""
9009223071,"May 4, 2023, 12:02:16 PM","Interval 6x1k(90s)
GPS til on holidays
New gear from NB _ V3",Run,"",665,2.06,169.0,18,false,,,activities/9665737610.fit.gz,,,665.0,530.0,2062.5,7.442,3.891,0.0,2.0,3.4,6.6,3.4,0.0,,,92.0,89.0,,162.0,,,87.0,,31.0,18.0,,,,,,,,,,,0.0,,0.0,,1.0,2066.6,,,,,,,,,,,,,,,,,,,,,,,,,,0.0,3.101,813.5,,,,1558.0,,,,,,,,,,,,,,,,,media/FD8BE960-D501-4E02-B80E-EA1F802AFB57.jpg
9009222814,"May 4, 2023, 11:41:30 AM",Evening Run,Run,,657,1.88,164.0,14,false,,,activities/9665737361.fit.gz,,,657.0,522.0,1885.7,8.07,3.612,0.0,2.0,4.6,9.6,3.3,-0.2,,,93.0,88.0,,153.0,,,82.0,,31.0,14.0,,,,,,,,,,,,,0.0,,1.0,1884.5,,,,,,,,,,,,,,,,,,,,,,,,,,0.0,2.87,201.5,,,,1536.0,,,,,,,,,,,,,,,,,""
9009222521,"May 4, 2023, 11:23:19 AM",Evening Run,Run,,591,1.54,155.0,5,false,,,activities/9665737085.fit.gz,,,591.0,518.0,1548.9,5.108,2.99,1.0,2.0,7.0,9.6,4.3,0.0,,,90.0,87.0,,136.0,,,73.0,,31.0,5.0,,,,,,,,,,,,,0.0,,1.0,1555.0,,,,,,,,,,,,,,,,,,,,,,,,,,0.0,2.621,172.1,,,,1482.0,,,,,,,,,,,,,,,,,""
9009222345,"May 4, 2023, 10:37:16 AM",Afternoon Run,Run,,1835,4.42,152.0,16,false,,,activities/9665736867.fit.gz,,,1835.0,1743.0,4428.6,2.896,2.541,20.0,22.0,7.0,23.0,7.8,-0.1,,,123.0,78.0,,135.0,,,230.0,,32.0,16.0,,,,,,,,,,,,,0.0,,1.0,4457.6,,,,,,,,,,,,,,,,,,,,,,,,,,0.0,2.413,0.0,,,,4484.0,,,,,,,,,,,,,,,,,""
9001976351,"May 3, 2023, 11:04:40 AM",Evening Run,Run,,700,1.26,,,false,,,activities/9001976351.gpx,,,700.0,598.0,1267.2,5.468,2.119,0.0,8.3,4.7,13.1,1.5,-0.7,,,,,,,,,,,,,,,,,,,,,,,0.0,,0.0,,1.0,1253.2,,,,,,,,,,,,,,,,,,,,,,,,,,0.0,1.81,0.0,,,,,,,,,,,,,,,,,,,,,""
8981082797,"Apr 29, 2023, 10:39:51 PM",Morning Run,Run,"",9077,23.00,177.0,207,false,,,activities/9635881382.fit.gz,,,9077.0,8376.0,23001.9,11.674,2.746,8.0,19.0,3.0,14.6,40.6,0.0,,,89.0,82.0,,152.0,,,1195.0,,31.0,207.0,,,,,,,,,,,0.0,,0.0,,1.0,23051.8,,,,,,,,,,,,,,,,,,,,,,,,,,0.0,2.534,13945.5,,,,21954.0,,,,,,,,,,,,,,,,,""
8974793852,"Apr 28, 2023, 10:58:38 PM",Morning Run,Run,,1951,5.04,182.0,40,false,,,activities/9629219805.fit.gz,,,1951.0,1944.0,5039.8,4.17,2.592,1.0,4.0,-27.6,-23.2,4.9,-0.1,,,87.0,82.0,,150.0,,,285.0,,30.0,40.0,,,,,,,,,,,,,0.0,,1.0,5048.4,,,,,,,,,,,,,,,,,,,,,,,,,,0.0,2.583,2710.3,,,,5274.0,,,,,,,,,,,,,,,,,""
8971898234,"Apr 27, 2023, 11:32:21 PM",Morning Run,Run,,2740,6.39,162.0,19,false,,,activities/9626143039.fit.gz,,,2740.0,2729.0,6397.9,4.883,2.344,9.0,14.0,-20.4,-12.2,20.5,-0.1,,,103.0,75.0,,130.0,,,318.0,,31.0,19.0,,,,,,,,,,,,,0.0,,1.0,6408.7,,,,,,,,,,,,,,,,,,,,,,,,,,0.0,2.335,0.0,,,,6670.0,,,,,,,,,,,,,,,,,""
8939314791,"Apr 22, 2023, 10:15:03 PM",Lazada run 10km PR(chiptime 50:41),Run,61:04 - 50:41,3054,10.18,,,false,,,activities/8939314791.gpx,,,3054.0,3011.0,10184.5,5.75,3.382,7.1,7.2,1.4,5.0,3.5,0.0,,,,,,,,,,,,,,,,,,,,,,,0.0,,0.0,,1.0,10195.0,,,,,,,,,,,,,,,,,,,,,,,,,,0.0,3.335,4220.7,,,,,,,,,,,,,,,,,,,,,""
8939055365,"Apr 22, 2023, 9:25:42 PM",Warm up,Run,,479,1.17,,,false,,,activities/8939055365.gpx,,,479.0,460.0,1176.0,9.764,2.556,0.0,0.3,1.7,2.8,4.5,0.0,,,,,,,,,,,,,,,,,,,,,,,,,0.0,,1.0,1176.5,,,,,,,,,,,,,,,,,,,,,,,,,,0.0,2.455,0.0,,,,,,,,,,,,,,,,,,,,,""
8934770169,"Apr 22, 2023, 9:10:21 AM",Afternoon Run,Run,,308,0.74,,,false,,,activities/8934770169.gpx,,,308.0,297.0,748.0,4.584,2.519,0.0,0.0,2.0,2.6,1.7,0.0,,,,,,,,,,,,,,,,,,,,,,,,,0.0,,1.0,748.5,,,,,,,,,,,,,,,,,,,,,,,,,,0.0,2.429,100.5,,,,,,,,,,,,,,,,,,,,,""
8933766294,"Apr 20, 2023, 9:52:41 AM",Afternoon Run,Run,,4347,9.15,166.0,38,false,,,activities/9585450850.fit.gz,,,4347.0,4258.0,9154.1,5.48,2.15,15.0,20.0,29.2,35.8,11.2,0.0,,,85.0,72.0,,132.0,,,486.0,,32.0,38.0,,,,,,,,,,,,,0.0,,1.0,9200.7,,,,,,,,,,,,,,,,,,,,,,,,,,0.0,2.106,2584.7,,,,10146.0,,,,,,,,,,,,,,,,,""
8933765713,"Apr 20, 2023, 6:56:15 AM",Afternoon Run,Run,,2000,1.00,109.0,4,false,,,activities/9585450255.fit.gz,,,2000.0,635.0,1002.6,1.671,1.579,6.0,1.0,-8.6,37.4,30.5,4.6,,,63.0,60.0,,92.0,,,42.0,,34.0,4.0,,,,,,,,,,,,,0.0,,1.0,1044.7,,,,,,,,,,,,,,,,,,,,,,,,,,0.0,0.501,0.0,,,,1158.0,,,,,,,,,,,,,,,,,""
8900810809,"Apr 16, 2023, 10:01:50 AM",9.59 easy 2k steady,Run,"",5149,11.59,162.0,59,false,,,activities/9550625420.fit.gz,,,5149.0,4999.0,11591.3,6.592,2.319,11.0,26.0,-1.4,16.2,17.0,-0.1,,,123.0,80.0,,138.0,,,615.0,,32.0,59.0,,,,,,,,,,,0.0,,0.0,,1.0,11627.6,,,,,,,,,,,,,,,,,,,,,,,,,,0.0,2.251,6006.8,,,,12540.0,,,,,,,,,,,,,,,,,""
8895240466,"Apr 14, 2023, 11:46:35 AM",4km walk,Run,"",2680,4.24,144.0,8,false,,,activities/9544692360.fit.gz,,,2680.0,2484.0,4248.5,4.6,1.71,17.0,24.0,-19.2,-2.8,13.0,-0.2,,,120.0,64.0,,119.0,,,226.0,,32.0,8.0,,,,,,,,,,,0.0,,0.0,,1.0,4281.7,,,,,,,,,,,,,,,,,,,,,,,,,,0.0,1.585,2869.3,,,,4948.0,,,,,,,,,,,,,,,,,""
8888817419,"Apr 14, 2023, 9:52:02 AM",Afternoon Run,Run,,6737,15.01,164.0,70,false,,,activities/9537893827.fit.gz,,,6737.0,6370.0,15010.2,5.972,2.356,31.0,43.0,-15.4,5.2,20.4,0.0,,,124.0,78.0,,138.0,,,779.0,,32.0,70.0,,,,,,,,,,,,,0.0,,1.0,15129.4,,,,,,,,,,,,,,,,,,,,,,,,,,0.0,2.228,9841.3,,,,16268.0,,,,,,,,,,,,,,,,,""
8884109005,"Apr 11, 2023, 10:43:37 AM",Afternoon Run,Run,,886,1.27,139.0,2,false,,,activities/9532892953.fit.gz,,,886.0,763.0,1270.8,3.594,1.665,0.0,9.0,-7.4,3.2,8.4,-0.7,,,119.0,62.0,,110.0,,,64.0,,33.0,2.0,,,,,,,,,,,,,0.0,,1.0,1268.3,,,,,,,,,,,,,,,,,,,,,,,,,,0.0,1.434,0.0,,,,1678.0,,,,,,,,,,,,,,,,,""
8884108574,"Apr 11, 2023, 10:19:31 AM",Afternoon Run,Run,,1329,2.61,184.0,33,false,,,activities/9532892439.fit.gz,,,1329.0,800.0,2611.5,6.786,3.264,0.0,3.0,-2.0,5.0,13.3,0.1,,,92.0,85.0,,165.0,,,132.0,,32.0,33.0,,,,,,,,,,,,,0.0,,1.0,2647.2,,,,,,,,,,,,,,,,,,,,,,,,,,0.0,1.965,0.0,,,,2256.0,,,,,,,,,,,,,,,,,""
8884108079,"Apr 11, 2023, 9:54:30 AM",Afternoon Run,Run,,786,1.73,169.0,17,false,,,activities/9532891886.fit.gz,,,786.0,757.0,1729.1,3.792,2.284,8.0,6.0,4.0,13.0,16.7,0.0,,,87.0,80.0,,152.0,,,109.0,,34.0,17.0,,,,,,,,,,,,,0.0,,1.0,1742.2,,,,,,,,,,,,,,,,,,,,,,,,,,0.0,2.2,509.2,,,,1928.0,,,,,,,,,,,,,,,,,""
8859563182,"Apr 9, 2023, 11:07:57 AM",7km easy,Run,"",3260,7.00,153.0,19,false,,,activities/9506367031.fit.gz,,,3260.0,3201.0,7000.8,4.585,2.187,10.0,17.0,-1.2,6.0,17.7,0.0,,,121.0,78.0,,132.0,,,362.0,,31.0,19.0,,,,,,,,,,,0.0,,0.0,,1.0,7088.1,,,,,,,,,,,,,,,,,,,,,,,,,,0.0,2.147,4592.5,,,,8170.0,,,,,,,,,,,,,,,,,""
8854974635,"Apr 8, 2023, 12:53:34 PM",10km easy,Run,"",4988,10.00,160.0,23,false,,,activities/9501499624.fit.gz,,,4988.0,4965.0,10002.5,8.4,2.015,37.0,44.0,8.2,24.2,12.6,0.0,,,124.0,75.0,,123.0,,,514.0,,31.0,23.0,,,,,,,,,,,0.0,,0.0,,1.0,10102.2,,,,,,,,,,,,,,,,,,,,,,,,,,0.0,2.005,5797.0,,,,11688.0,,,,,,,,,,,,,,,,,""
8847715525,"Apr 7, 2023, 10:42:45 AM",9km easy +4km tempo +2k CD,Run,"",6167,15.01,179.0,70,false,,,activities/9493863912.fit.gz,,,6167.0,6131.0,15011.7,7.174,2.448,5.0,20.0,3.6,16.2,8.0,-0.1,,,95.0,80.0,,140.0,,,755.0,,32.0,70.0,,,,,,,,,,,0.0,,0.0,,1.0,15046.9,,,,,,,,,,,,,,,,,,,,,,,,,,0.0,2.434,7539.5,,,,15456.0,,,,,,,,,,,,,,,,,""
8842006183,"Apr 6, 2023, 10:20:41 AM",9km easy,Run,Limit HR <145,4221,9.00,163.0,32,false,,,activities/9487852075.fit.gz,,,4221.0,3817.0,9006.4,6.056,2.36,5.0,15.0,65.0,75.4,11.2,-0.1,,,91.0,81.0,,132.0,,,411.0,,31.0,32.0,,,,,,,,,,,0.0,,0.0,,1.0,9071.7,,,,,,,,,,,,,,,,,,,,,,,,,,0.0,2.134,3605.9,,,,10188.0,,,,,,,,,,,,,,,,,""
8829823818,"Apr 4, 2023, 10:51:40 AM",Easy run,Run,"",549,1.26,148.0,3,false,,,activities/9475060503.fit.gz,,,549.0,543.0,1268.1,3.31,2.335,0.0,10.0,66.0,77.0,4.5,-0.8,,,87.0,81.0,,134.0,,,65.0,,31.0,3.0,,,,,,,,,,,0.0,,0.0,,1.0,1256.5,,,,,,,,,,,,,,,,,,,,,,,,,,0.0,2.31,0.0,,,,1438.0,,,,,,,,,,,,,,,,,""
8829823603,"Apr 4, 2023, 9:53:00 AM",4k tempo x 1200m x 800m,Run,"",2317,6.00,176.0,39,false,,,activities/9475060231.fit.gz,,,2317.0,1779.0,6005.4,5.33,3.376,7.0,11.0,-2.8,5.6,23.3,0.0,,,91.0,86.0,,148.0,,,235.0,,31.0,39.0,,,,,,,,,,,0.0,,0.0,,1.0,6066.7,,,,,,,,,,,,,,,,,,,,,,,,,,0.0,2.592,0.0,,,,5074.0,,,,,,,,,,,,,,,,,""
8829822266,"Apr 4, 2023, 9:36:47 AM",Easy run,Run,"",517,1.26,163.0,8,false,,,activities/9475058873.fit.gz,,,517.0,511.0,1267.8,4.023,2.481,6.0,1.0,59.4,66.6,5.0,0.3,,,85.0,81.0,,140.0,,,66.0,,33.0,8.0,,,,,,,,,,,0.0,,0.0,,1.0,1287.9,,,,,,,,,,,,,,,,,,,,,,,,,,0.0,2.452,0.0,,,,1276.0,,,,,,,,,,,,,,,,,""
8818897725,"Apr 2, 2023, 11:02:27 AM",7k easy run,Run,"",3418,7.00,165.0,39,false,,,activities/9463532460.fit.gz,,,3418.0,3330.0,7003.1,5.288,2.103,13.0,29.0,63.8,79.2,13.6,-0.2,,,112.0,74.0,,137.0,,,380.0,,31.0,39.0,,,,,,,,,,,0.0,,0.0,,1.0,7068.5,,,,,,,,,,,,,,,,,,,,,,,,,,0.0,2.049,0.0,,,,8020.0,,,,,,,,,,,,,,,,,""
8818855294,"Apr 2, 2023, 8:35:05 AM",2km warm up,Run,"",1273,2.00,121.0,3,false,,,activities/9463486920.fit.gz,,,1273.0,1151.0,1999.8,3.724,1.737,10.0,1.0,38.6,48.4,9.3,0.4,,,77.0,60.0,,105.0,,,94.0,,34.0,3.0,,,,,,,,,,,0.0,,0.0,,1.0,2038.8,,,,,,,,,,,,,,,,,,,,,,,,,,0.0,1.571,0.0,,,,2220.0,,,,,,,,,,,,,,,,,""
8810821717,"Apr 1, 2023, 1:04:43 AM",4km walk,Run,"",2388,4.03,131.0,7,false,,,activities/9455013976.fit.gz,,,2388.0,2257.0,4031.3,5.356,1.786,24.0,27.0,37.4,54.8,8.8,-0.1,,,84.0,61.0,,117.0,,,202.0,,32.0,7.0,,,,,,,,,,,0.0,,0.0,,1.0,4065.3,,,,,,,,,,,,,,,,,,,,,,,,,,0.0,1.688,2487.0,,,,4636.0,,,,,,,,,,,,,,,,,""
8810821567,"Mar 31, 2023, 10:50:55 PM",19km Long run,Run,"",7338,19.01,172.0,170,false,,,activities/9455013783.fit.gz,,,7338.0,7111.0,19009.2,7.46,2.673,31.0,49.0,-16.4,70.6,49.2,-0.1,,,124.0,82.0,,151.0,,,942.0,,30.0,170.0,,,,,,,,,,,0.0,,0.0,,1.0,19203.8,,,,,,,,,,,,,,,,,,,,,,,,,,0.0,2.591,11994.2,,,,19036.0,,,,,,,,,,,,,,,,,""
8802109237,"Mar 30, 2023, 10:36:48 AM",2.5 km easy,Run,"",1233,2.62,,,false,,,activities/8802109237.gpx,,,1233.0,992.0,2619.1,13.772,2.64,2.0,-0.2,3.5,5.8,3.7,0.1,,,,,,,,,,,,,,,,,,,,,,,0.0,,0.0,,1.0,2627.3,,,,,,,,,,,,,,,,,,,,,,,,,,0.0,2.124,708.2,,,,,,,,,,,,,,,,,,,,,""
8810820538,"Mar 30, 2023, 10:27:03 AM",Easy run,Run,"",479,1.02,153.0,4,false,,,activities/9455012684.fit.gz,,,479.0,459.0,1024.6,3.324,2.232,0.0,1.0,60.0,62.6,10.8,-0.2,,,88.0,81.0,,136.0,,,55.0,,31.0,4.0,,,,,,,,,,,0.0,,0.0,,1.0,1025.6,,,,,,,,,,,,,,,,,,,,,,,,,,0.0,2.139,0.0,,,,1218.0,,,,,,,,,,,,,,,,,""
8797140075,"Mar 28, 2023, 11:13:13 AM",CD,Run,"",1609,2.21,151.0,5,false,,,activities/9440637736.fit.gz,,,1609.0,1413.0,2210.6,3.409,1.564,4.0,14.0,66.0,77.4,12.4,-0.4,,,83.0,65.0,,115.0,,,114.0,,30.0,5.0,,,,,,,,,,,0.0,,0.0,,1.0,2219.7,,,,,,,,,,,,,,,,,,,,,,,,,,0.0,1.374,0.0,,,,2742.0,,,,,,,,,,,,,,,,,""
8797139421,"Mar 28, 2023, 8:58:00 AM",6km interval,Run,"",2826,6.20,183.0,63,false,,,activities/9440636962.fit.gz,,,2826.0,1761.0,6205.0,5.192,3.524,11.0,15.0,-1.0,10.6,14.2,0.1,,,91.0,87.0,,160.0,,,262.0,,33.0,63.0,,,,,,,,,,,0.0,,0.0,,1.0,6303.1,,,,,,,,,,,,,,,,,,,,,,,,,,0.0,2.196,0.0,,,,5068.0,,,,,,,,,,,,,,,,,""
8797138319,"Mar 28, 2023, 8:36:08 AM",Afternoon Run,Run,,758,1.20,122.0,2,false,,,activities/9440635943.fit.gz,,,758.0,733.0,1208.8,3.136,1.649,12.0,3.0,41.2,51.2,14.0,0.7,,,114.0,61.0,,105.0,,,58.0,,34.0,2.0,,,,,,,,,,,,,0.0,,1.0,1246.1,,,,,,,,,,,,,,,,,,,,,,,,,,0.0,1.595,0.0,,,,1744.0,,,,,,,,,,,,,,,,,""
8775367233,"Mar 25, 2023, 12:51:37 PM",21 km long run,Run,Route: district 1 midnight run 2023,9800,21.10,163.0,117,false,,,activities/9417660262.fit.gz,,,9800.0,9263.0,21106.7,8.173,2.279,27.0,30.0,10.2,27.4,10.2,0.0,,,88.0,75.0,,138.0,,,1010.0,,31.0,117.0,,,,,,,,,,,0.0,,0.0,,1.0,21211.1,,,,,,,,,,,,,,,,,,,,,,,,,,0.0,2.154,3112.1,,,,22382.0,,,,,,,,,,,,,,,,,""
8775355364,"Mar 25, 2023, 1:02:15 AM",2.3 km walk ,Run,Back home,1447,2.31,134.0,4,false,,,activities/9417645932.fit.gz,,,1447.0,1377.0,2311.2,6.331,1.678,3.0,1.0,-14.8,-1.2,7.0,-0.6,,,84.0,59.0,,117.0,,,111.0,,31.0,4.0,,,,,,,,,,,0.0,,0.0,,1.0,2347.5,,,,,,,,,,,,,,,,,,,,,,,,,,0.0,1.597,208.6,,,,2632.0,,,,,,,,,,,,,,,,,""
8771954641,"Mar 24, 2023, 11:20:31 PM",2nd place at 2km high school tournament ,Run,"",436,1.76,172.0,15,false,,,activities/9414009724.fit.gz,,,436.0,431.0,1760.4,5.939,4.084,0.0,2.0,-2.0,1.6,4.7,-0.1,,,99.0,89.0,,163.0,,,65.0,,28.0,15.0,,,,,,,,,,,0.0,,0.0,,1.0,1762.0,,,,,,,,,,,,,,,,,,,,,,,,,,0.0,4.038,0.0,,,,1270.0,,,,,,,,,,,,,,,,,""
8771953279,"Mar 24, 2023, 10:35:38 PM",Warm up,Run,"",415,1.00,133.0,1,false,,,activities/9414008311.fit.gz,,,415.0,401.0,1002.0,4.53,2.499,0.0,3.0,3.8,9.4,4.0,-0.5,,,85.0,82.0,,127.0,,,46.0,,28.0,1.0,,,,,,,,,,,0.0,,0.0,,1.0,1006.7,,,,,,,,,,,,,,,,,,,,,,,,,,0.0,2.414,0.0,,,,1074.0,,,,,,,,,,,,,,,,,""
8769518648,"Mar 24, 2023, 2:15:41 PM",2.33 easy run,Run,"",1003,2.66,148.0,4,false,,,activities/9411460093.fit.gz,,,1003.0,977.0,2660.5,10.52,2.723,5.0,4.0,9.8,16.4,9.0,0.0,,,92.0,87.0,,122.0,,,101.0,,29.0,4.0,,,,,,,,,,,0.0,,0.0,,1.0,2669.4,,,,,,,,,,,,,,,,,,,,,,,,,,0.0,2.653,778.5,,,,2820.0,,,,,,,,,,,,,,,,,""
8763659015,"Mar 23, 2023, 11:20:25 AM",7km easy,Run,"",4087,7.00,160.0,41,false,,,activities/9405300562.fit.gz,,,4087.0,3640.0,7005.8,6.758,1.925,14.0,15.0,22.4,117.6,26.7,-0.9,,,123.0,79.0,,139.0,,,405.0,,30.0,41.0,,,,,,,,,,,0.0,,0.0,,1.0,7070.9,,,,,,,,,,,,,,,,,,,,,,,,,,0.0,1.714,90.2,,,,9094.0,,,,,,,,,,,,,,,,,""
8757670183,"Mar 22, 2023, 11:15:43 AM",6km easy run,Run,"",2930,6.09,172.0,54,false,,,activities/9399026525.fit.gz,,,2930.0,2868.0,6092.2,5.013,2.124,12.0,19.0,4.8,11.6,13.2,-0.1,,,118.0,77.0,,147.0,,,356.0,,29.0,54.0,,,,,,,,,,,0.0,,0.0,,1.0,6124.9,,,,,,,,,,,,,,,,,,,,,,,,,,0.0,2.079,2277.3,,,,7294.0,,,,,,,,,,,,,,,,,""
8757667900,"Mar 22, 2023, 11:11:17 AM",Walk,Run,"",180,0.29,142.0,0,false,,,activities/9399024185.fit.gz,,,180.0,178.0,295.7,2.58,1.661,0.0,2.0,64.0,67.8,7.7,-0.4,,,86.0,72.0,,117.0,,,17.0,,32.0,0.0,,,,,,,,,,,0.0,,0.0,,1.0,301.2,,,,,,,,,,,,,,,,,,,,,,,,,,0.0,1.643,297.3,,,,416.0,,,,,,,,,,,,,,,,,""
8751313408,"Mar 21, 2023, 10:46:27 AM",CD,Run,"",598,1.30,168.0,6,false,,,activities/9392389791.fit.gz,,,598.0,595.0,1305.0,4.238,2.193,2.0,7.0,68.0,77.6,8.1,-0.6,,,116.0,77.0,,137.0,,,69.0,,32.0,6.0,,,,,,,,,,,0.0,,0.0,,1.0,1302.9,,,,,,,,,,,,,,,,,,,,,,,,,,0.0,2.182,0.0,,,,1526.0,,,,,,,,,,,,,,,,,""
8751313065,"Mar 21, 2023, 9:47:28 AM",Test 3km tempo +3 km interval,Run,3km at 4:50,2300,6.00,186.0,34,false,,,activities/9392389400.fit.gz,,,2300.0,1679.0,6006.1,5.266,3.577,8.0,12.0,73.0,80.4,19.3,0.0,,,93.0,88.0,,150.0,,,241.0,,30.0,34.0,,,,,,,,,,,0.0,,0.0,,1.0,6075.9,,,,,,,,,,,,,,,,,,,,,,,,,,0.0,2.611,0.0,,,,4864.0,,,,,,,,,,,,,,,,,""
8751312080,"Mar 21, 2023, 9:28:25 AM",WU before interval,Run,"",671,1.20,144.0,2,false,,,activities/9392388384.fit.gz,,,671.0,619.0,1203.9,4.108,1.945,9.0,2.0,63.4,72.6,11.2,0.5,,,110.0,68.0,,122.0,,,67.0,,32.0,2.0,,,,,,,,,,,0.0,,0.0,,1.0,1234.1,,,,,,,,,,,,,,,,,,,,,,,,,,0.0,1.794,0.0,,,,1536.0,,,,,,,,,,,,,,,,,""
8739773667,"Mar 19, 2023, 10:18:35 AM",CD,Run,"",869,1.36,119.0,2,false,,,activities/9380241957.fit.gz,,,869.0,847.0,1367.7,6.99,1.615,4.0,12.0,66.6,77.0,9.4,-0.7,,,61.0,58.0,,110.0,,,64.0,,32.0,2.0,,,,,,,,,,,0.0,,0.0,,1.0,1363.4,,,,,,,,,,,,,,,,,,,,,,,,,,0.0,1.574,50.3,,,,1738.0,,,,,,,,,,,,,,,,,""
8739772017,"Mar 19, 2023, 9:02:17 AM",6km interval,Run,"",3556,6.01,178.0,20,false,,,activities/9380240599.fit.gz,,,3556.0,1650.0,6009.1,5.612,3.642,7.0,13.0,-4.2,3.4,14.0,-0.1,,,96.0,91.0,,141.0,,,208.0,,32.0,20.0,,,,,,,,,,,0.0,,0.0,,1.0,6055.5,,,,,,,,,,,,,,,,,,,,,,,,,,0.0,1.69,0.0,,,,4942.0,,,,,,,,,,,,,,,,,""
8739769815,"Mar 19, 2023, 8:49:15 AM",WU,Run,"",562,1.28,162.0,8,false,,,activities/9380237803.fit.gz,,,562.0,543.0,1282.7,5.187,2.362,7.0,0.0,-55.6,-12.6,35.8,3.3,,,85.0,82.0,,143.0,,,70.0,,33.0,8.0,,,,,,,,,,,0.0,,0.0,,1.0,1320.8,,,,,,,,,,,,,,,,,,,,,,,,,,0.0,2.282,0.0,,,,1460.0,,,,,,,,,,,,,,,,,""
8735252960,"Mar 18, 2023, 12:03:48 PM",13km long run+1.5km walk,Run,"",8164,14.62,163.0,50,false,,,activities/9375467227.fit.gz,,,8164.0,7756.0,14624.7,4.438,1.886,29.0,39.0,-60.2,-42.6,12.3,-0.1,,,121.0,74.0,,129.0,,,783.0,,30.0,50.0,,,,,,,,,,,0.0,,0.0,,1.0,14745.2,,,,,,,,,,,,,,,,,,,,,,,,,,0.0,1.791,0.0,,,,18920.0,,,,,,,,,,,,,,,,,""
8732023395,"Mar 17, 2023, 11:36:01 PM",3km long run,Run,"",1916,3.33,148.0,6,false,,,activities/9372048647.fit.gz,,,1916.0,1858.0,3333.8,5.238,1.794,1.0,4.0,-45.6,-37.8,14.7,-0.2,,,121.0,67.0,,114.0,,,161.0,,28.0,6.0,,,,,,,,,,,0.0,,0.0,,1.0,3367.7,,,,,,,,,,,,,,,,,,,,,,,,,,0.0,1.74,89.8,,,,4118.0,,,,,,,,,,,,,,,,,""
8729079136,"Mar 17, 2023, 11:29:54 AM",6km easy run,Run,"",3226,6.00,164.0,55,false,,,activities/9368938849.fit.gz,,,3226.0,3226.0,6006.9,3.013,1.862,5.0,11.0,-38.2,-30.0,6.8,-0.1,,,86.0,79.0,,144.0,,,464.0,,30.0,55.0,,,,,,,,,,,0.0,,0.0,,1.0,6017.8,,,,,,,,,,,,,,,,,,,,,,,,,,0.0,1.862,0.0,,,,8400.0,,,,,,,,,,,,,,,,,""
8729078111,"Mar 14, 2023, 11:41:40 PM",6km easy run,Run,"",3502,6.00,147.0,14,false,,,activities/9368937788.fit.gz,,,3502.0,3421.0,6007.7,3.196,1.756,4.0,11.0,-29.6,-20.4,9.7,-0.1,,,87.0,71.0,,118.0,,,344.0,,28.0,14.0,,,,,,,,,,,0.0,,0.0,,1.0,6023.2,,,,,,,,,,,,,,,,,,,,,,,,,,0.0,1.715,2608.7,,,,8136.0,,,,,,,,,,,,,,,,,""
8729076229,"Mar 14, 2023, 10:54:12 AM",Afternoon Run,Run,,975,1.50,138.0,3,false,,,activities/9368935822.fit.gz,,,975.0,925.0,1499.2,2.914,1.621,1.0,10.0,-20.0,-1.0,9.5,-1.3,,,116.0,61.0,,114.0,,,83.0,,31.0,3.0,,,,,,,,,,,,,0.0,,1.0,1485.9,,,,,,,,,,,,,,,,,,,,,,,,,,0.0,1.538,0.0,,,,1782.0,,,,,,,,,,,,,,,,,""
8729075703,"Mar 14, 2023, 8:45:22 AM",Afternoon Run,Run,,974,1.71,116.0,2,false,,,activities/9368935298.fit.gz,,,974.0,921.0,1715.9,2.166,1.863,10.0,2.0,-7.8,1.2,5.7,0.4,,,61.0,58.0,,104.0,,,76.0,,33.0,2.0,,,,,,,,,,,,,0.0,,1.0,1738.5,,,,,,,,,,,,,,,,,,,,,,,,,,0.0,1.762,0.0,,,,1908.0,,,,,,,,,,,,,,,,,""
8699486300,"Mar 11, 2023, 10:00:05 PM",BDRC half marathon PR(chip time 2:00:32),Run,With a foot wound,7270,21.65,181.0,342,false,,,activities/9337636534.fit.gz,,,7270.0,7253.0,21655.7,6.18,2.986,19.0,33.0,15.0,31.6,5.1,-0.1,,,92.0,86.0,,168.0,,,1333.0,,27.0,342.0,,,,,,,,,,,0.0,,0.0,,1.0,21673.4,,,,,,,,,,,,,,,,,,,,,,,,,,0.0,2.979,0.0,,,,20688.0,,,,,,,,,,,,,,,,,media/9E26BF0E-0EE6-44DE-8C1E-08A331AE08E3.jpg
8680539375,"Mar 8, 2023, 10:30:14 AM",10km easy + 3 km at 21km pace,Run,"",6487,13.00,174.0,82,false,,,activities/9317819840.fit.gz,,,6487.0,5873.0,13003.2,6.05,2.214,30.0,35.0,106.4,144.4,48.0,0.2,,,93.0,80.0,,140.0,,,799.0,,29.0,82.0,,,,,,,,,,,0.0,,0.0,,1.0,13111.1,,,,,,,,,,,,,,,,,,,,,,,,,,0.0,2.005,8466.6,,,,14882.0,,,,,,,,,,,,,,,,,""
8674627270,"Mar 7, 2023, 10:17:46 AM",3km run,Run,After basketball,1441,3.00,173.0,28,false,,,activities/9311637344.fit.gz,,,1441.0,1063.0,3002.1,4.586,2.824,3.0,9.0,106.2,114.4,22.3,-0.1,,,92.0,87.0,,154.0,,,177.0,,29.0,28.0,,,,,,,,,,,0.0,,0.0,,1.0,3058.6,,,,,,,,,,,,,,,,,,,,,,,,,,0.0,2.083,0.0,,,,3026.0,,,,,,,,,,,,,,,,,""
8674624290,"Mar 7, 2023, 7:37:09 AM",Walk ,Run,Before basketball,840,1.40,131.0,2,false,,,activities/9311634248.fit.gz,,,840.0,808.0,1408.3,2.876,1.743,10.0,0.0,78.4,115.0,40.2,2.5,,,64.0,61.0,,120.0,,,86.0,,34.0,2.0,,,,,,,,,,,0.0,,0.0,,1.0,1457.1,,,,,,,,,,,,,,,,,,,,,,,,,,0.0,1.677,0.0,,,,1696.0,,,,,,,,,,,,,,,,,""
8664592558,"Mar 5, 2023, 10:44:11 AM",13km tempo and 5km easy ,Run,"",7885,18.26,174.0,144,false,,,activities/9301050479.fit.gz,,,7885.0,7217.0,18260.3,8.355,2.53,14.0,28.0,80.6,89.4,14.7,0.0,,,118.0,82.0,,147.0,,,1079.0,,29.0,144.0,,,,,,,,,,,0.0,,0.0,,1.0,18322.5,,,,,,,,,,,,,,,,,,,,,,,,,,0.0,2.316,9491.6,,,,19070.0,,,,,,,,,,,,,,,,,""
8661585455,"Mar 5, 2023, 3:37:59 AM",Morning Run,Run,,501,1.11,141.0,2,false,,,activities/9297807864.fit.gz,,,501.0,501.0,1112.3,2.333,2.22,1.0,0.0,78.0,82.6,36.6,0.4,,,93.0,90.0,,123.0,,,67.0,,31.0,2.0,,,,,,,,,,,,,0.0,,1.0,1118.0,,,,,,,,,,,,,,,,,,,,,,,,,,0.0,2.22,0.0,,,,1342.0,,,,,,,,,,,,,,,,,""
8658104017,"Mar 4, 2023, 12:09:26 PM",7km easy run+1.5 km walk(WD),Run,"",4902,8.59,152.0,31,false,,,activities/9293717034.fit.gz,,,4902.0,4586.0,8591.7,4.482,1.873,11.0,20.0,77.8,91.4,9.9,-0.1,,,105.0,76.0,,130.0,,,552.0,,30.0,31.0,,,,,,,,,,,0.0,,0.0,,1.0,8635.8,,,,,,,,,,,,,,,,,,,,,,,,,,0.0,1.753,141.5,,,,11320.0,,,,,,,,,,,,,,,,,""
8655833927,"Mar 4, 2023, 12:10:16 AM",7km steady run,Run,"",2761,7.06,174.0,65,false,,,activities/9291331126.fit.gz,,,2761.0,2752.0,7067.3,9.363,2.568,5.0,10.0,90.2,96.2,6.1,-0.1,,,93.0,82.0,,152.0,,,464.0,,29.0,65.0,,,,,,,,,,,0.0,,0.0,,1.0,7079.2,,,,,,,,,,,,,,,,,,,,,,,,,,0.0,2.56,2340.5,,,,7448.0,,,,,,,,,,,,,,,,,""
8635408431,"Feb 28, 2023, 9:05:51 AM",6km easy,Run,"",2971,6.00,158.0,24,false,,,activities/9269992320.fit.gz,,,2971.0,2914.0,6008.4,5.093,2.062,4.0,12.0,-27.2,-22.2,14.9,0.0,,,86.0,77.0,,134.0,,,411.0,,32.0,24.0,,,,,,,,,,,0.0,,0.0,,1.0,6059.5,,,,,,,,,,,,,,,,,,,,,,,,,,0.0,2.022,5873.1,,,,7226.0,,,,,,,,,,,,,,,,,""
8622571562,"Feb 25, 2023, 9:52:35 PM",21km BD prep PR,Run,"",7726,21.20,183.0,240,false,,,activities/9256452638.fit.gz,,,7726.0,7532.0,21207.7,5.658,2.816,27.0,37.0,-26.8,-7.4,12.3,0.0,,,92.0,87.0,,160.0,,,1432.0,,27.0,240.0,,,,,,,,,,,0.0,,0.0,,1.0,21278.1,,,,,,,,,,,,,,,,,,,,,,,,,,0.0,2.745,10530.4,,,,20488.0,,,,,,,,,,,,,,,,,""
8609014799,"Feb 23, 2023, 10:00:34 AM",12km easy ,Run,"",5320,12.00,171.0,103,false,,,activities/9242165874.fit.gz,,,5320.0,4872.0,12000.0,7.356,2.463,29.0,33.0,-16.6,1.4,18.9,0.0,,,121.0,83.0,,149.0,,,855.0,,30.0,103.0,,,,,,,,,,,0.0,,0.0,,1.0,12088.0,,,,,,,,,,,,,,,,,,,,,,,,,,0.0,2.256,8725.3,,,,13270.0,,,,,,,,,,,,,,,,,""
8597677562,"Feb 21, 2023, 8:26:33 AM","Interval 4x400,3x800,1x1200,3x800,1x400",Run,"",4238,8.00,171.0,50,false,,,activities/9230222007.fit.gz,,,4238.0,2501.0,8003.2,7.722,3.2,7.0,14.0,-1.6,5.0,28.9,0.0,,,96.0,89.0,,148.0,,,439.0,,32.0,50.0,,,,,,,,,,,0.0,,0.0,,1.0,8084.3,,,,,,,,,,,,,,,,,,,,,,,,,,0.0,1.888,0.0,,,,7250.0,,,,,,,,,,,,,,,,,""
8584272476,"Feb 18, 2023, 10:16:36 PM",Long run,Run,"",7316,14.72,166.0,67,false,,,activities/9215849273.fit.gz,,,7316.0,6969.0,14726.5,6.154,2.113,38.0,48.0,32.4,55.4,10.6,-0.1,,,121.0,71.0,,133.0,,,897.0,,28.0,67.0,,,,,,,,,,,0.0,,0.0,,1.0,14836.8,,,,,,,,,,,,,,,,,,,,,,,,,,0.0,2.013,9364.3,,,,16292.0,,,,,,,,,,,,,,,,,""
8578815461,"Feb 18, 2023, 12:08:56 AM",6km recovery,Run,"",4032,6.12,155.0,11,false,,,activities/9209988429.fit.gz,,,4032.0,4018.0,6121.2,4.619,1.523,7.0,13.0,44.6,50.2,20.0,0.0,,,87.0,61.0,,103.0,,,324.0,,30.0,11.0,,,,,,,,,,,0.0,,0.0,,1.0,6210.9,,,,,,,,,,,,,,,,,,,,,,,,,,0.0,1.518,1327.8,,,,8150.0,,,,,,,,,,,,,,,,,""
8570901293,"Feb 16, 2023, 11:25:09 AM",15km Long ,Run,"",6304,15.03,175.0,141,false,,,activities/9201296069.fit.gz,,,6304.0,5868.0,15032.6,9.809,2.562,22.0,30.0,52.2,72.0,9.9,0.0,,,92.0,83.0,,152.0,,,1207.0,,30.0,141.0,,,,,,,,,,,0.0,,0.0,,1.0,15092.0,,,,,,,,,,,,,,,,,,,,,,,,,,0.0,2.385,9371.8,,,,16086.0,,,,,,,,,,,,,,,,,""
8558982067,"Feb 14, 2023, 10:30:27 AM",Interval ,Run,"4x400m,2x800,1x1600,2x800,4x400",3964,9.00,,,false,,,activities/8558982067.gpx,,,3964.0,2688.0,9005.9,5.976,3.35,203.7,210.6,8.0,20.0,48.7,-0.1,,,,,,,,,,,,,,,,,,,,,,,0.0,,0.0,,1.0,10116.4,,,,,,,,,,,,,,,,,,,,,,,,,,0.0,2.272,0.0,,,,,,,,,,,,,,,,,,,,,""
8544927933,"Feb 11, 2023, 6:16:05 PM",HCMC mid9 2023(chip 2:14:12),Run,"",8115,21.42,,,false,,,activities/8544927933.gpx,,,8115.0,8028.0,21420.9,6.138,2.668,77.4,78.0,-1.7,17.4,16.1,0.0,,,,,,,,,,,,,,,,,,,,,,,0.0,,0.0,,1.0,21517.2,,,,,,,,,,,,,,,,,,,,,,,,,,0.0,2.64,8411.3,,,,,,,,,,,,,,,,,,,,,""
8520007636,"Feb 7, 2023, 11:06:11 AM",7km easy,Run,,3206,6.98,,,false,,,activities/8520007636.gpx,,,3206.0,3152.0,6981.9,5.782,2.215,2.3,1.2,3.5,5.8,6.9,0.0,,,,,,,,,,,,,,,,,,,,,,,0.0,,0.0,,1.0,6987.3,,,,,,,,,,,,,,,,,,,,,,,,,,0.0,2.178,3120.9,,,,,,,,,,,,,,,,,,,,,""
8504674813,"Feb 4, 2023, 2:03:12 PM",Hcmc mid9 prep,Run,,9124,20.20,,,false,,,activities/8504674813.gpx,,,9124.0,8801.0,20207.2,6.106,2.296,86.4,86.7,2.2,17.4,49.6,0.0,,,,,,,,,,,,,,,,,,,,,,,,,0.0,,1.0,20329.2,,,,,,,,,,,,,,,,,,,,,,,,,,0.0,2.215,6404.5,,,,,,,,,,,,,,,,,,,,,""
8498069926,"Feb 3, 2023, 11:36:21 AM",Tempo 5km ,Run,,6338,12.88,,,false,,,activities/8498069926.gpx,,,6338.0,5285.0,12883.1,6.178,2.438,8.2,8.3,2.5,5.3,9.3,0.0,,,,,,,,,,,,,,,,,,,,,,,,,0.0,,1.0,12903.8,,,,,,,,,,,,,,,,,,,,,,,,,,0.0,2.033,6681.4,,,,,,,,,,,,,,,,,,,,,""
8480930617,"Jan 31, 2023, 8:54:40 AM",3x400m,Run,,740,1.56,,,false,,,activities/8480930617.gpx,,,740.0,551.0,1567.5,4.452,2.845,38.5,38.7,8.1,19.9,22.2,0.0,,,,,,,,,,,,,,,,,,,,,,,,,0.0,,1.0,1781.3,,,,,,,,,,,,,,,,,,,,,,,,,,0.0,2.118,0.0,,,,,,,,,,,,,,,,,,,,,""
8470178954,"Jan 29, 2023, 10:01:57 AM",6km Recovery,Walk,"",3752,6.00,,,false,,,activities/8470178954.gpx,,,3752.0,3737.0,6000.1,2.965,1.606,0.0,0.4,3.1,5.8,19.4,0.0,,,,,,,,,,,,,,,,,,,,,,,0.0,,0.0,,1.0,,,,,,,,,,,,,,,,,,,,,,,,,,,0.0,1.599,724.0,,,,,,,,,,,,,,,,,,,,,""
8465156066,"Jan 28, 2023, 10:43:44 AM",17 km long run + 4 km cool,Run,"",8582,21.00,,,false,,,activities/8465156066.gpx,,,8582.0,8410.0,21001.4,15.331,2.497,60.9,55.1,-3.6,16.2,30.8,0.0,,,,,,,,,,,,,,,,,,,,,,,0.0,,0.0,,1.0,21291.0,,,,,,,,,,,,,,,,,,,,,,,,,,0.0,2.447,11608.8,,,,,,,,,,,,,,,,,,,,,""
8449282339,"Jan 25, 2023, 10:53:13 AM",Afternoon Run,Run,,6545,15.01,,,false,,,activities/8449282339.gpx,,,6545.0,6292.0,15013.0,10.481,2.386,8.2,8.4,2.5,5.3,7.8,0.0,,,,,,,,,,,,,,,,,,,,,,,0.0,,0.0,,1.0,15031.9,,,,,,,,,,,,,,,,,,,,,,,,,,0.0,2.294,6072.0,,,,,,,,,,,,,,,,,,,,,""
8426529530,"Jan 21, 2023, 10:19:51 AM",Afternoon Run,Run,,1320,2.65,,,false,,,activities/8426529530.gpx,,,1320.0,920.0,2653.5,11.638,2.884,5.1,5.3,2.0,6.0,7.9,0.0,,,,,,,,,,,,,,,,,,,,,,,0.0,,0.0,,1.0,2663.5,,,,,,,,,,,,,,,,,,,,,,,,,,0.0,2.01,0.0,,,,,,,,,,,,,,,,,,,,,""
8421989407,"Jan 20, 2023, 11:51:45 AM",Evening Run,Run,,1747,5.00,,,false,,,activities/8421989407.gpx,,,1747.0,1734.0,5006.7,18.09,2.887,6.3,7.3,-2.4,5.3,11.0,0.0,,,,,,,,,,,,,,,,,,,,,,,0.0,,0.0,,1.0,5028.1,,,,,,,,,,,,,,,,,,,,,,,,,,0.0,2.866,2306.2,,,,,,,,,,,,,,,,,,,,,""
8421849961,"Jan 20, 2023, 11:50:13 AM",Evening Walk,Walk,,3,0.02,,,false,,,activities/8421849961.gpx,,,3.0,3.0,27.2,0.0,9.053,0.0,0.0,4.7,4.7,0.0,0.0,,,,,,,,,,,,,,,,,,,,,,,0.0,,0.0,,1.0,,,,,,,,,,,,,,,,,,,,,,,,,,,0.0,9.053,27.2,,,,,,,,,,,,,,,,,,,,,""
8400129458,"Jan 16, 2023, 9:32:51 AM",Afternoon Walk,Walk,,1126,1.98,,,false,,,activities/8400129458.gpx,,,1126.0,1126.0,1985.1,6.469,1.763,8.5,6.2,4.7,13.3,7.4,0.1,,,,,,,,,,,,,,,,,,,,,,,0.0,,0.0,,1.0,,,,,,,,,,,,,,,,,,,,,,,,,,,0.0,1.763,528.7,,,,,,,,,,,,,,,,,,,,,""
8400130513,"Jan 16, 2023, 9:32:50 AM",Afternoon Walk,Walk,,1129,1.98,,,false,,,activities/8400130513.gpx,,,1129.0,1129.0,1985.1,0.0,1.758,0.0,,,,0.0,0.0,,,,,,,,,,,,,,,,,,,,,,,0.0,,0.0,,1.0,,,,,,,,,,,,,,,,,,,,,,,,,,,0.0,1.758,0.0,,,,,,,,,,,,,,,,,,,,,""
8384783753,"Jan 13, 2023, 11:50:05 AM",Evening Run,Run,,3905,10.03,,,false,,,activities/8384783753.gpx,,,3905.0,3858.0,10037.7,7.93,2.602,2.7,1.9,2.5,5.3,5.2,0.0,,,,,,,,,,,,,,,,,,,,,,,0.0,,0.0,,1.0,10049.0,,,,,,,,,,,,,,,,,,,,,,,,,,0.0,2.57,4108.5,,,,,,,,,,,,,,,,,,,,,""
8355511361,"Jan 7, 2023, 10:00:23 PM",Morning Run,Run,,8549,21.53,,,false,,,activities/8355511361.gpx,,,8549.0,8441.0,21530.5,6.552,2.551,70.5,70.4,1.4,48.2,11.5,0.0,,,,,,,,,,,,,,,,,,,,,,,,,0.0,,1.0,21642.6,,,,,,,,,,,,,,,,,,,,,,,,,,0.0,2.518,7097.2,,,,,,,,,,,,,,,,,,,,,""
8320366529,"Jan 1, 2023, 9:38:54 AM",Afternoon Run,Run,,11104,18.43,,,false,,,activities/8320366529.gpx,,,11104.0,10687.0,18430.6,22.346,1.725,36.9,35.8,1.9,17.0,12.3,0.0,,,,,,,,,,,,,,,,,,,,,,,0.0,,0.0,,1.0,18503.8,,,,,,,,,,,,,,,,,,,,,,,,,,2.0,1.66,1697.0,,,,,,,,,,,,,,,,,,,,,""
8314029673,"Dec 31, 2022, 1:10:43 AM",Morning Run,Run,,5886,13.45,,,false,,,activities/8314029673.gpx,,,5886.0,5532.0,13458.3,5.514,2.433,36.7,34.2,5.8,17.6,7.9,0.0,,,,,,,,,,,,,,,,,,,,,,,0.0,,0.0,,1.0,13498.5,,,,,,,,,,,,,,,,,,,,,,,,,,0.0,2.287,3597.9,,,,,,,,,,,,,,,,,,,,,""
8311219176,"Dec 30, 2022, 10:44:12 AM",Afternoon Run,Run,,8669,17.97,,,false,,,activities/8311219176.gpx,,,8669.0,8041.0,17971.6,13.289,2.235,0.0,-1.1,3.0,4.8,7.0,0.0,,,,,,,,,,,,,,,,,,,,,,,0.0,,0.0,,1.0,17990.5,,,,,,,,,,,,,,,,,,,,,,,,,,0.0,2.073,156.0,,,,,,,,,,,,,,,,,,,,,""
8302292134,"Dec 28, 2022, 1:58:26 PM",Evening Walk,Walk,,349,0.58,,,false,,,activities/8302292134.gpx,,,349.0,315.0,583.3,3.983,1.852,2.8,0.0,3.4,6.6,3.1,0.5,,,,,,,,,,,,,,,,,,,,,,,0.0,,0.0,,1.0,,,,,,,,,,,,,,,,,,,,,,,,,,,0.0,1.671,0.0,,,,,,,,,,,,,,,,,,,,,""
8302238364,"Dec 28, 2022, 1:31:14 PM",Evening Run,Run,,1273,3.07,,,false,,,activities/8302238364.gpx,,,1273.0,1270.0,3073.6,7.914,2.42,5.2,0.1,-1.5,7.2,11.8,0.2,,,,,,,,,,,,,,,,,,,,,,,0.0,,0.0,,1.0,3077.3,,,,,,,,,,,,,,,,,,,,,,,,,,0.0,2.414,0.0,,,,,,,,,,,,,,,,,,,,,""
8301860705,"Dec 28, 2022, 12:04:30 PM",Evening Run,Run,,1368,2.69,,,false,,,activities/8301860705.gpx,,,1368.0,1277.0,2689.9,6.772,2.106,0.0,0.0,3.1,4.8,4.3,0.0,,,,,,,,,,,,,,,,,,,,,,,0.0,,0.0,,1.0,2692.2,,,,,,,,,,,,,,,,,,,,,,,,,,0.0,1.966,0.0,,,,,,,,,,,,,,,,,,,,,""
8293187549,"Dec 26, 2022, 12:07:45 PM",Evening Run,Run,,4730,11.59,,,false,,,activities/8293187549.gpx,,,4730.0,4573.0,11590.5,6.245,2.535,0.0,-0.7,3.0,4.8,3.4,0.0,,,,,,,,,,,,,,,,,,,,,,,0.0,,0.0,,1.0,11601.5,,,,,,,,,,,,,,,,,,,,,,,,,,0.0,2.45,81.4,,,,,,,,,,,,,,,,,,,,,""
8289704930,"Dec 25, 2022, 12:49:29 PM",Evening Ride,Ride,,3714,12.03,,,false,,,activities/8289704930.gpx,,,3714.0,3365.0,12034.0,14.164,3.576,58.8,57.2,-2.5,16.8,48.0,0.0,,,,,,,,,,,,,,,,,,,,,,,0.0,,0.0,,1.0,,,,,,,,,,,,,,,,,,,,,,,,,,,0.0,3.24,12.6,,,,,,,,,,,,,,,,,,,,,""
8289484402,"Dec 25, 2022, 12:29:25 PM",Evening Run,Run,,976,1.93,,,false,,,activities/8289484402.gpx,,,976.0,963.0,1929.4,4.01,2.004,11.0,6.2,-1.2,6.3,17.2,0.2,,,,,,,,,,,,,,,,,,,,,,,0.0,,0.0,,1.0,1978.5,,,,,,,,,,,,,,,,,,,,,,,,,,0.0,1.977,0.0,,,,,,,,,,,,,,,,,,,,,""
8283836366,"Dec 23, 2022, 9:45:07 PM",Morning Run +2.2 quên,Run,"",9189,19.08,,,false,,,activities/8283836366.gpx,,,9189.0,8002.0,19087.9,6.12,2.385,9.4,15.1,3.0,14.6,6.8,0.0,,,,,,,,,,,,,,,,,,,,,,,0.0,,0.0,,1.0,19101.2,,,,,,,,,,,,,,,,,,,,,,,,,,0.0,2.077,113.8,,,,,,,,,,,,,,,,,,,,,""
8274132521,"Dec 21, 2022, 11:27:25 AM",Evening Run,Run,,1617,3.00,,,false,,,activities/8274132521.gpx,,,1617.0,1073.0,3003.1,5.792,2.799,80.0,75.5,8.0,20.0,23.8,0.1,,,,,,,,,,,,,,,,,,,,,,,0.0,,0.0,,1.0,3427.9,,,,,,,,,,,,,,,,,,,,,,,,,,0.0,1.857,0.0,,,,,,,,,,,,,,,,,,,,,""
8274031774,"Dec 21, 2022, 11:13:30 AM",Evening Run,Run,,789,1.30,,,false,,,activities/8274031774.gpx,,,789.0,592.0,1302.9,10.317,2.201,33.4,31.6,8.0,21.1,46.2,0.1,,,,,,,,,,,,,,,,,,,,,,,0.0,,0.0,,1.0,1485.9,,,,,,,,,,,,,,,,,,,,,,,,,,0.0,1.651,0.0,,,,,,,,,,,,,,,,,,,,,""
8270187957,"Dec 20, 2022, 10:24:29 AM",Afternoon Run,Run,,7151,14.63,,,false,,,activities/8270187957.gpx,,,7151.0,6684.0,14637.7,6.557,2.19,33.9,32.4,3.1,17.0,5.6,0.0,,,,,,,,,,,,,,,,,,,,,,,0.0,,0.0,,1.0,14690.5,,,,,,,,,,,,,,,,,,,,,,,,,,0.0,2.047,1756.3,,,,,,,,,,,,,,,,,,,,,""
8262754633,"Dec 18, 2022, 10:28:49 AM",Afternoon Run,Run,,7018,16.71,,,false,,,activities/8262754633.gpx,,,7018.0,6592.0,16713.8,12.827,2.535,64.3,62.1,-2.8,17.0,27.4,0.0,,,,,,,,,,,,,,,,,,,,,,,0.0,,0.0,,1.0,16871.5,,,,,,,,,,,,,,,,,,,,,,,,,,0.0,2.382,861.0,,,,,,,,,,,,,,,,,,,,,""
8256747720,"Dec 16, 2022, 10:26:16 PM",Đi chạy có điểm SAT lmao,Ride,"",6068,21.01,,,false,,,activities/8256747720.gpx,,,6068.0,5627.0,21012.1,33.06,3.734,113.8,116.5,-8.1,8.7,31.3,0.0,,,,,,,,,,,,,,,,,,,,,,,0.0,,0.0,,1.0,21523.1,,,,,,,,,,,,,,,,,,,,,,,,,,0.0,3.463,0.0,,,,,,,,,,,,,,,,,,,,,""
8247071931,"Dec 14, 2022, 10:31:54 AM",Afternoon Run,Run,,3833,7.30,,,false,,,activities/8247071931.gpx,,,3833.0,3400.0,7300.3,8.47,2.147,135.1,133.1,4.2,20.0,30.5,0.0,,,,,,,,,,,,,,,,,,,,,,,0.0,,0.0,,1.0,8078.3,,,,,,,,,,,,,,,,,,,,,,,,,,0.0,1.905,0.0,,,,,,,,,,,,,,,,,,,,,""
8233601130,"Dec 10, 2022, 10:57:01 PM",Morning Run,Run,,4743,10.15,,,false,,,activities/8233601130.gpx,,,4743.0,4078.0,10149.3,16.916,2.489,33.5,45.6,-1.4,16.5,38.5,-0.1,,,,,,,,,,,,,,,,,,,,,,,0.0,,0.0,,1.0,10275.4,,,,,,,,,,,,,,,,,,,,,,,,,,0.0,2.14,1148.7,,,,,,,,,,,,,,,,,,,,,""
8233409910,"Dec 10, 2022, 10:56:07 PM",Morning Run,Run,,5,0.02,,,false,,,activities/8233409910.gpx,,,5.0,5.0,21.0,4.215,4.194,0.0,0.0,14.4,14.4,0.0,0.0,,,,,,,,,,,,,,,,,,,,,,,0.0,,0.0,,1.0,21.0,,,,,,,,,,,,,,,,,,,,,,,,,,0.0,4.194,0.0,,,,,,,,,,,,,,,,,,,,,""
8233618195,"Dec 10, 2022, 10:41:36 PM",Giải tẹch( quên bật map),Run,"",938,2.70,,,false,,,,,,938.0,938.0,2700.0,,2.878,,,,,,0.0,,,,,,,,,,,,,,,,,,,,,,,0.0,,0.0,,0.0,,,,,,,,,,,,,,,,,,,,,,,,,,,0.0,2.878,0.0,,,,,,,,,,,,,,,,,,,,,""
8205444446,"Dec 4, 2022, 9:21:40 AM",Afternoon Run,Run,,5993,13.01,,,false,,,activities/8205444446.gpx,,,5993.0,5457.0,13009.0,10.62,2.384,0.0,0.2,3.0,4.8,10.1,0.0,,,,,,,,,,,,,,,,,,,,,,,0.0,,0.0,,1.0,13021.1,,,,,,,,,,,,,,,,,,,,,,,,,,0.0,2.171,43.1,,,,,,,,,,,,,,,,,,,,,""
8201061175,"Dec 3, 2022, 10:07:53 AM",Afternoon Run,Run,,3856,8.72,,,false,,,activities/8201061175.gpx,,,3856.0,3817.0,8719.8,4.944,2.284,0.0,0.5,3.1,4.8,8.3,0.0,,,,,,,,,,,,,,,,,,,,,,,0.0,,0.0,,1.0,8724.6,,,,,,,,,,,,,,,,,,,,,,,,,,0.0,2.261,0.0,,,,,,,,,,,,,,,,,,,,,""
8173410149,"Nov 27, 2022, 12:49:09 AM",Morning Run,Run,,1626,4.65,,,false,,,activities/8173410149.gpx,,,1626.0,1609.0,4649.6,5.028,2.89,4.2,3.8,0.8,4.2,3.3,0.0,,,,,,,,,,,,,,,,,,,,,,,0.0,,0.0,,1.0,4655.0,,,,,,,,,,,,,,,,,,,,,,,,,,0.0,2.86,0.0,,,,,,,,,,,,,,,,,,,,,""
8141921216,"Nov 19, 2022, 11:22:46 PM",Morning Run,Run,,4384,10.02,,,false,,,activities/8141921216.gpx,,,4384.0,4082.0,10019.3,8.582,2.455,0.0,-0.5,3.1,4.8,6.1,0.0,,,,,,,,,,,,,,,,,,,,,,,0.0,,0.0,,1.0,10028.0,,,,,,,,,,,,,,,,,,,,,,,,,,0.0,2.285,0.0,,,,,,,,,,,,,,,,,,,,,""
8136867977,"Nov 18, 2022, 10:01:25 PM",Đi chơi Đà Lạt,Run,,4020,6.09,,,false,,,activities/8136867977.gpx,,,4020.0,2195.0,6091.4,4.79,2.775,27.0,22.8,1478.9,1503.9,46.0,0.1,,,,,,,,,,,,,,,,,,,,,,,0.0,,0.0,,1.0,6196.6,,,,,,,,,,,,,,,,,,,,,,,,,,0.0,1.515,465.4,,,,,,,,,,,,,,,,,,,,,""
8101100423,"Nov 11, 2022, 11:27:01 AM",Post practice run,Run,,1056,2.99,,,false,,,activities/8101100423.gpx,,,1056.0,1056.0,2996.2,8.19,2.837,69.3,66.9,7.0,20.7,24.8,0.1,,,,,,,,,,,,,,,,,,,,,,,0.0,,0.0,,1.0,3357.8,,,,,,,,,,,,,,,,,,,,,,,,,,0.0,2.837,0.0,,,,,,,,,,,,,,,,,,,,,""
8074951801,"Nov 5, 2022, 10:45:09 PM",Morning Run,Run,,16680,5.13,,,false,,,activities/8074951801.gpx,,,16680.0,16648.0,5129.0,17.085,0.308,2.3,3.7,0.2,4.5,7.6,0.0,,,,,,,,,,,,,,,,,,,,,,,0.0,,0.0,,1.0,5131.9,,,,,,,,,,,,,,,,,,,,,,,,,,0.0,0.307,116.3,,,,,,,,,,,,,,,,,,,,,""
8051166448,"Nov 1, 2022, 8:52:06 AM",Afternoon Run,Run,,1516,3.85,,,false,,,activities/8051166448.gpx,,,1516.0,1414.0,3849.4,5.26,2.722,2.0,0.6,3.9,5.9,6.3,0.0,,,,,,,,,,,,,,,,,,,,,,,0.0,,0.0,,1.0,3855.6,,,,,,,,,,,,,,,,,,,,,,,,,,0.0,2.539,98.6,,,,,,,,,,,,,,,,,,,,,""
8039571639,"Oct 29, 2022, 10:46:22 PM",Morning Run,Run,,4494,10.02,,,false,,,activities/8039571639.gpx,,,4494.0,4101.0,10024.2,12.062,2.444,2.2,2.6,3.1,6.1,4.7,0.0,,,,,,,,,,,,,,,,,,,,,,,0.0,,0.0,,1.0,10037.0,,,,,,,,,,,,,,,,,,,,,,,,,,0.0,2.231,0.0,,,,,,,,,,,,,,,,,,,,,""
8011482730,"Oct 24, 2022, 11:08:55 AM",Evening Run,Run,,972,2.16,,,false,,,activities/8011482730.gpx,,,972.0,941.0,2167.5,7.738,2.303,0.0,-1.3,3.9,5.9,5.4,0.1,,,,,,,,,,,,,,,,,,,,,,,0.0,,0.0,,1.0,2174.5,,,,,,,,,,,,,,,,,,,,,,,,,,0.0,2.23,35.1,,,,,,,,,,,,,,,,,,,,,""
8011398949,"Oct 24, 2022, 10:30:52 AM",Afternoon Run,Run,,2025,5.11,,,false,,,activities/8011398949.gpx,,,2025.0,2010.0,5109.7,12.662,2.542,0.0,-0.2,3.9,5.7,1.8,0.0,,,,,,,,,,,,,,,,,,,,,,,0.0,,0.0,,1.0,5112.7,,,,,,,,,,,,,,,,,,,,,,,,,,0.0,2.523,508.6,,,,,,,,,,,,,,,,,,,,,""
8006509857,"Oct 23, 2022, 10:34:23 AM",Afternoon Trail Run,Run,,2038,3.03,,,false,,,activities/8006509857.gpx,,,2038.0,1071.0,3034.8,8.515,2.834,0.0,-1.6,3.9,5.9,4.5,0.1,,,,,,,,,,,,,,,,,,,,,,,0.0,,0.0,,1.0,3041.3,,,,,,,,,,,,,,,,,,,,,,,,,,0.0,1.489,1003.0,,,,,,,,,,,,,,,,,,,,,""
